round,niche,temp,moist_level,sample_no,dry_mass,actual_moist_perc,flux_nmol_C2H4_g_hr,flux_gN_g_h
1,Lichen,5,25,1,1.6,101.25,-0.104,-4.84841E-10
1,Lichen,5,25,2,2.9,47.93,-0.037,-1.74154E-10
1,Lichen,5,25,3,2.6,29.62,-0.069,-3.24429E-10
1,Lichen,5,25,4,1.82,76.37,-0.102,-4.78116E-10
1,Lichen,5,25,5,2.36,38.14,-0.079,-3.66964E-10
1,Lichen,5,50,1,0.25,152.00,-0.550,-2.56568E-09
1,Lichen,5,50,2,1.58,129.11,-0.152,-7.10266E-10
1,Lichen,5,50,3,4.59,42.27,-0.036,-1.70193E-10
1,Lichen,5,50,4,2.43,99.18,-0.076,-3.54279E-10
1,Lichen,5,50,5,6.79,26.36,-0.024,-1.13711E-10
1,Lichen,5,100,1,4.93,38.13,-0.050,-2.33963E-10
1,Lichen,5,100,2,1.25,101.60,-0.185,-8.64755E-10
1,Lichen,5,100,3,2.74,17.15,-0.083,-3.8612E-10
1,Lichen,5,100,4,3.45,55.94,-0.074,-3.46846E-10
1,Lichen,5,100,5,0.23,226.09,3.088,1.44187E-08
1,Lichen,5,150,1,0.95,190.53,3.059,1.42828E-08
1,Lichen,5,150,2,2.52,99.21,-0.039,-1.8147E-10
1,Lichen,5,150,3,4.15,39.04,-0.051,-2.37267E-10
1,Lichen,5,150,4,2.77,107.58,-0.067,-3.12995E-10
1,Lichen,5,150,5,3.27,52.91,-0.042,-1.9701E-10
1,Litter,5,25,1,1.72,15.70,-0.133,-6.23242E-10
1,Litter,5,25,2,1.32,46.21,-0.209,-9.75416E-10
1,Litter,5,25,3,2.03,69.95,-0.128,-5.9948E-10
1,Litter,5,25,4,1.68,187.50,-0.045,-2.08577E-10
1,Litter,5,25,5,1.43,30.77,-0.176,-8.22223E-10
1,Litter,5,50,1,2.57,59.53,-0.107,-5.01616E-10
1,Litter,5,50,2,2.19,31.96,-0.130,-6.06661E-10
1,Litter,5,50,3,1.47,40.14,-0.179,-8.37194E-10
1,Litter,5,50,4,2.4,52.08,-0.119,-5.53578E-10
1,Litter,5,50,5,1.26,29.37,-0.217,-1.01131E-09
1,Litter,5,100,1,2.29,53.71,-0.085,-3.98908E-10
1,Litter,5,100,2,2.02,95.54,-0.090,-4.1836E-10
1,Litter,5,100,3,1.42,50.70,-0.140,-6.53301E-10
1,Litter,5,100,4,1.6,63.13,-0.159,-7.40645E-10
1,Litter,5,100,5,2.07,46.86,-0.106,-4.95632E-10
1,Litter,5,150,1,1.72,54.07,-0.111,-5.16948E-10
1,Litter,5,150,2,1.98,46.46,-0.130,-6.05357E-10
1,Litter,5,150,3,2.1,128.57,-0.088,-4.11062E-10
1,Litter,5,150,4,1.3,49.23,-0.199,-9.28314E-10
1,Litter,5,150,5,2.07,64.73,-0.099,-4.6023E-10
1,Moss,5,25,1,1.51,145.70,-0.140,-6.52891E-10
1,Moss,5,25,2,3.6,25.56,-0.051,-2.3803E-10
1,Moss,5,25,3,2.41,41.91,-0.085,-3.96752E-10
1,Moss,5,25,4,5.74,25.61,-0.020,-9.37082E-11
1,Moss,5,25,5,0.175,-2.86,-1.327,-6.19346E-09
1,Moss,5,50,1,2.93,31.40,-0.054,-2.53782E-10
1,Moss,5,50,2,4.48,27.46,-0.043,-2.01728E-10
1,Moss,5,50,3,3.95,35.44,-0.049,-2.27534E-10
1,Moss,5,50,4,3.87,45.48,-0.038,-1.75189E-10
1,Moss,5,50,5,2.16,79.63,-0.124,-5.80743E-10
1,Moss,5,100,1,4.3,44.42,-0.112,-5.23365E-10
1,Moss,5,100,2,5.8,36.03,-0.106,-4.93152E-10
1,Moss,5,100,3,0.59,186.44,-1.089,-5.08614E-09
1,Moss,5,100,4,4.45,41.12,-0.115,-5.39239E-10
1,Moss,5,100,5,3.57,39.50,-0.174,-8.12546E-10
1,Moss,5,150,1,1.97,79.70,-0.132,-6.16039E-10
1,Moss,5,150,2,0.61,159.02,-0.299,-1.3958E-09
1,Moss,5,150,3,7.63,54.78,-0.021,-9.99991E-11
1,Moss,5,150,4,1.24,64.52,-0.082,-3.81097E-10
1,Moss,5,150,5,2.4,65.00,-0.070,-3.25696E-10
1,Soil,5,25,1,5.289,45.59,-0.038,-1.76694E-10
1,Soil,5,25,2,11.969,26.83,-0.022,-1.03627E-10
1,Soil,5,25,3,9.331,21.74,-0.028,-1.32924E-10
1,Soil,5,25,4,9.63,26.90,-0.028,-1.28797E-10
1,Soil,5,25,5,10.987,30.97,-0.024,-1.12889E-10
1,Soil,5,50,1,13.559,23.98,-0.020,-9.14751E-11
1,Soil,5,50,2,7.898,38.90,-0.034,-1.57041E-10
1,Soil,5,50,3,4.477,43.18,-0.059,-2.77041E-10
1,Soil,5,50,4,12.001,20.57,-0.022,-1.03351E-10
1,Soil,5,50,5,9.038,50.70,-0.019,-9.03654E-11
1,Soil,5,100,1,13.507,17.27,-0.015,-6.8179E-11
1,Soil,5,100,2,11.124,71.88,-0.018,-8.30588E-11
1,Soil,5,100,3,15.039,38.44,-0.018,-8.24729E-11
1,Soil,5,100,4,17.171,21.02,-0.015,-6.94133E-11
1,Soil,5,100,5,11.087,40.34,-0.017,-8.02017E-11
1,Soil,5,150,1,17.298,27.41,-0.014,-6.51806E-11
1,Soil,5,150,2,11.305,39.23,-0.014,-6.41802E-11
1,Soil,5,150,3,12.862,37.23,-0.021,-9.64322E-11
1,Soil,5,150,4,8.333,41.49,-0.032,-1.48843E-10
1,Soil,5,150,5,15.042,26.31,-0.012,-5.51593E-11
1,Wood,5,25,1,2.77,28.16,-0.095,-4.4279E-10
1,Wood,5,25,2,2.07,168.12,-0.079,-3.6727E-10
1,Wood,5,25,3,1.73,264.16,-0.152,-7.08977E-10
1,Wood,5,25,4,2.5,124.80,-0.055,-2.56815E-10
1,Wood,5,25,5,1.41,108.51,-0.114,-5.30597E-10
1,Wood,5,50,1,1.47,100.68,-0.116,-5.41676E-10
1,Wood,5,50,2,1.76,249.43,-0.101,-4.72476E-10
1,Wood,5,50,3,2.92,218.15,-0.086,-3.99527E-10
1,Wood,5,50,4,2.45,71.43,-0.054,-2.51729E-10
1,Wood,5,50,5,2.2,266.36,-0.107,-5.0182E-10
1,Wood,5,100,1,2.24,24.11,-0.098,-4.56725E-10
1,Wood,5,100,2,1.92,230.73,-0.137,-6.38817E-10
1,Wood,5,100,3,1.74,248.28,-0.151,-7.04902E-10
1,Wood,5,100,4,2.27,32.60,-0.116,-5.40321E-10
1,Wood,5,100,5,1.87,197.86,-0.136,-6.34693E-10
1,Wood,5,150,1,2.79,118.28,-0.088,-4.10556E-10
1,Wood,5,150,2,1.27,168.50,-0.163,-7.61554E-10
1,Wood,5,150,3,2.46,273.17,-0.093,-4.35419E-10
1,Wood,5,150,4,2.97,40.40,-0.088,-4.12973E-10
1,Wood,5,150,5,2.19,248.40,-0.120,-5.60059E-10
1,Lichen,15,25,10,2.61,37.93,0.817,3.81655E-09
1,Lichen,15,25,11,2.08,37.02,0.198,9.25144E-10
1,Lichen,15,25,7,1.21,84.30,21.168,9.88319E-08
1,Lichen,15,25,8,3.68,30.98,1.243,5.80135E-09
1,Lichen,15,25,9,1.1,60.91,0.096,4.47219E-10
1,Lichen,15,50,10,4.89,49.08,-0.042,-1.96499E-10
1,Lichen,15,50,11,4.57,-44.42,0.096,4.503E-10
1,Lichen,15,50,7,2.45,66.53,69.358,3.23823E-07
1,Lichen,15,50,8,10.53,24.12,0.181,8.46582E-10
1,Lichen,15,50,9,3.07,3.26,-0.037,-1.71714E-10
1,Lichen,15,100,10,2.47,1.21,-0.089,-4.13981E-10
1,Lichen,15,100,11,1.9,57.37,-0.013,-6.03318E-11
1,Lichen,15,100,7,3.57,42.58,-0.060,-2.78154E-10
1,Lichen,15,100,8,1.77,33.33,1.197,5.5899E-09
1,Lichen,15,100,9,4.82,28.42,-0.021,-9.66543E-11
1,Lichen,15,150,10,1.34,126.12,-0.150,-6.99547E-10
1,Lichen,15,150,11,3.62,91.71,0.260,1.21256E-09
1,Lichen,15,150,7,3.21,72.27,0.978,4.5644E-09
1,Lichen,15,150,8,3.26,69.02,0.044,2.04179E-10
1,Lichen,15,150,9,2.66,88.35,-0.072,-3.33965E-10
1,Litter,15,25,10,1.22,59.84,-0.182,-8.48874E-10
1,Litter,15,25,11,1.85,55.14,-0.135,-6.29771E-10
1,Litter,15,25,7,1.7,60.00,-0.101,-4.6929E-10
1,Litter,15,25,8,1.29,27.13,-0.167,-7.80789E-10
1,Litter,15,25,9,1.62,127.16,-0.173,-8.0627E-10
1,Litter,15,50,10,2.04,32.84,-0.077,-3.58905E-10
1,Litter,15,50,11,1.31,141.22,-0.196,-9.13481E-10
1,Litter,15,50,7,1.65,82.42,-0.062,-2.89E-10
1,Litter,15,50,8,1.49,52.35,-0.107,-4.99E-10
1,Litter,15,50,9,1.35,152.59,-0.170,-7.95621E-10
1,Litter,15,100,10,1.36,138.97,-0.104,-4.85266E-10
1,Litter,15,100,11,1.24,50.81,-0.126,-5.86152E-10
1,Litter,15,100,7,1.73,116.76,-0.057,-2.64482E-10
1,Litter,15,100,8,2.21,81.45,-0.010,-4.67678E-11
1,Litter,15,100,9,1.25,12.80,-0.182,-8.5063E-10
1,Litter,15,150,10,2.15,162.79,0.058,2.72516E-10
1,Litter,15,150,11,1.71,25.73,-0.092,-4.31213E-10
1,Litter,15,150,7,1.98,197.98,-0.067,-3.11071E-10
1,Litter,15,150,8,1.87,37.97,-0.095,-4.42552E-10
1,Litter,15,150,9,1.55,161.94,-0.134,-6.27504E-10
1,Moss,15,25,10,4.21,49.41,0.481,2.24549E-09
1,Moss,15,25,11,3.59,31.48,-0.034,-1.59993E-10
1,Moss,15,25,7,0.92,68.48,-0.201,-9.3845E-10
1,Moss,15,25,8,1.61,129.19,1.598,7.46265E-09
1,Moss,15,25,9,2.87,44.25,-0.051,-2.37574E-10
1,Moss,15,50,10,0.57,50.88,-0.146,-6.8162E-10
1,Moss,15,50,11,3.23,37.77,0.054,2.54279E-10
1,Moss,15,50,7,2.14,72.90,-0.059,-2.73592E-10
1,Moss,15,50,8,2.14,63.55,1.217,5.68251E-09
1,Moss,15,50,9,0.85,82.35,0.855,3.99336E-09
1,Moss,15,100,10,2.31,64.94,1.278,5.9676E-09
1,Moss,15,100,11,0.6,61.67,0.809,3.77577E-09
1,Moss,15,100,7,109.57,-83.74,-0.002,-9.83598E-12
1,Moss,15,100,8,6.8,33.68,0.092,4.29593E-10
1,Moss,15,100,9,1.13,193.81,-0.180,-8.39946E-10
1,Moss,15,150,10,0.48,162.50,1.689,7.88662E-09
1,Moss,15,150,11,4.16,86.54,-0.035,-1.61905E-10
1,Moss,15,150,7,0.35,434.29,-0.557,-2.60216E-09
1,Moss,15,150,8,0.7,141.43,-0.109,-5.06974E-10
1,Moss,15,150,9,0.57,280.70,-0.346,-1.61723E-09
1,Soil,15,25,10,23.061,19.03,-0.001,-6.75203E-12
1,Soil,15,25,11,8.288,48.53,-0.031,-1.45737E-10
1,Soil,15,25,7,13.252,25.11,-0.008,-3.68932E-11
1,Soil,15,25,8,7.918,25.66,-0.020,-9.38315E-11
1,Soil,15,25,9,17.62,23.67,-0.008,-3.51428E-11
1,Soil,15,50,10,14.369,23.95,0.006,2.70342E-11
1,Soil,15,50,11,15.732,21.15,-0.008,-3.83879E-11
1,Soil,15,50,7,7.705,44.19,0.010,4.49812E-11
1,Soil,15,50,8,9.37,44.40,-0.007,-3.45577E-11
1,Soil,15,50,9,20.712,20.70,0.014,6.53259E-11
1,Soil,15,100,10,8.449,40.13,-0.006,-2.60231E-11
1,Soil,15,100,11,17.57,28.29,-0.009,-4.18191E-11
1,Soil,15,100,7,10.55,39.53,-0.003,-1.61053E-11
1,Soil,15,100,8,9.906,29.52,-0.010,-4.82056E-11
1,Soil,15,100,9,20.284,20.69,-0.007,-3.03783E-11
1,Soil,15,150,10,9.622,47.47,-0.011,-4.99855E-11
1,Soil,15,150,11,10.95,40.91,0.010,4.77169E-11
1,Soil,15,150,7,21.911,20.08,0.079,3.6717E-10
1,Soil,15,150,8,12.563,23.86,-0.013,-6.22599E-11
1,Soil,15,150,9,22.569,18.44,-0.004,-1.68441E-11
1,Wood,15,25,10,1.71,87.72,0.387,1.80902E-09
1,Wood,15,25,11,2.44,75.82,-0.044,-2.04175E-10
1,Wood,15,25,7,2.19,54.34,-0.105,-4.91478E-10
1,Wood,15,25,8,2.7,89.63,0.093,4.33141E-10
1,Wood,15,25,9,2.01,254.23,-0.042,-1.94974E-10
1,Wood,15,50,10,2.03,29.06,-0.015,-7.21934E-11
1,Wood,15,50,11,1.45,131.72,0.042,1.96784E-10
1,Wood,15,50,7,2.61,175.10,0.123,5.74108E-10
1,Wood,15,50,8,2.37,230.38,0.456,2.13108E-09
1,Wood,15,50,9,2.62,125.19,0.542,2.53105E-09
1,Wood,15,100,10,2.41,124.07,0.145,6.7662E-10
1,Wood,15,100,11,3.16,106.33,0.033,1.55896E-10
1,Wood,15,100,7,1.43,114.69,-0.145,-6.75227E-10
1,Wood,15,100,8,2.54,114.96,-0.024,-1.11891E-10
1,Wood,15,100,9,2.06,232.52,-0.075,-3.50195E-10
1,Wood,15,150,10,2.84,167.61,-0.062,-2.88687E-10
1,Wood,15,150,11,2.89,210.73,-0.037,-1.7228E-10
1,Wood,15,150,7,1.92,88.54,-0.050,-2.3334E-10
1,Wood,15,150,8,2.86,98.25,-0.054,-2.52951E-10
1,Wood,15,150,9,1.9,190.53,-0.084,-3.90561E-10
1,Lichen,25,25,13,2.67,29.96,7.591,3.54417E-08
1,Lichen,25,25,14,2.16,81.94,73.119,3.41387E-07
1,Lichen,25,25,15,1.38,60.14,1.052,4.91081E-09
1,Lichen,25,25,16,2.71,41.33,0.029,1.37342E-10
1,Lichen,25,25,17,2.65,53.21,-0.074,-3.45861E-10
1,Lichen,25,50,13,4.11,51.82,0.318,1.48569E-09
1,Lichen,25,50,14,4.29,53.15,-0.027,-1.24295E-10
1,Lichen,25,50,15,2.38,71.43,-0.073,-3.3929E-10
1,Lichen,25,50,16,1.23,191.87,0.099,4.64346E-10
1,Lichen,25,50,17,1.98,118.18,-0.090,-4.18259E-10
1,Lichen,25,100,13,1.11,63.06,-0.063,-2.95673E-10
1,Lichen,25,100,14,1.81,130.39,-0.103,-4.80884E-10
1,Lichen,25,100,15,4.59,25.71,0.297,1.38523E-09
1,Lichen,25,100,16,2.37,62.87,0.067,3.1199E-10
1,Lichen,25,100,17,4.95,47.07,-0.044,-2.04751E-10
1,Lichen,25,150,14,5.61,72.91,-0.022,-1.04278E-10
1,Lichen,25,150,15,1.69,123.67,6.977,3.25749E-08
1,Lichen,25,150,15,1.69,123.67,1.208,5.64154E-09
1,Lichen,25,150,16,0.97,178.35,0.030,1.40353E-10
1,Lichen,25,150,17,1.36,86.03,0.426,1.98819E-09
1,Litter,25,25,13,2.45,286.53,0.134,6.23891E-10
1,Litter,25,25,14,1.53,41.83,-0.137,-6.38009E-10
1,Litter,25,25,15,1.56,52.63,0.008,3.83858E-11
1,Litter,25,25,16,1.51,11.92,-0.101,-4.73797E-10
1,Litter,25,25,17,1.52,22.37,-0.085,-3.97143E-10
1,Litter,25,50,13,2.12,100.00,-0.010,-4.86362E-11
1,Litter,25,50,14,1.55,42.58,-0.083,-3.85425E-10
1,Litter,25,50,15,1.64,150.61,-0.051,-2.38342E-10
1,Litter,25,50,16,2.34,53.85,-0.088,-4.09864E-10
1,Litter,25,50,17,1.92,49.48,-0.039,-1.7986E-10
1,Litter,25,100,13,1.78,49.44,-0.012,-5.54884E-11
1,Litter,25,100,14,1.73,70.52,-0.114,-5.34577E-10
1,Litter,25,100,15,1.46,36.99,-0.145,-6.79161E-10
1,Litter,25,100,16,1.91,62.30,0.054,2.52814E-10
1,Litter,25,100,17,1.35,40.81,-0.084,-3.92701E-10
1,Litter,25,150,13,1.22,31.97,-0.247,-1.1511E-09
1,Litter,25,150,14,2.1,118.10,-0.060,-2.81307E-10
1,Litter,25,150,15,2.48,49.19,-0.103,-4.82408E-10
1,Litter,25,150,16,1.47,55.78,-0.212,-9.92074E-10
1,Litter,25,150,17,1.53,152.94,-0.101,-4.71985E-10
1,Moss,25,25,13,3.08,62.66,1.132,5.28697E-09
1,Moss,25,25,14,3.44,44.77,-0.084,-3.91502E-10
1,Moss,25,25,15,0.56,157.14,0.517,2.41587E-09
1,Moss,25,25,16,0.63,138.10,-0.618,-2.88474E-09
1,Moss,25,25,17,3.87,57.88,-0.109,-5.10435E-10
1,Moss,25,50,13,2.55,71.76,-0.003,-1.17497E-11
1,Moss,25,50,14,0.79,272.15,-0.078,-3.63655E-10
1,Moss,25,50,15,4.09,81.66,-0.026,-1.22398E-10
1,Moss,25,50,16,1.55,86.45,0.212,9.88795E-10
1,Moss,25,50,17,1.04,45.19,-0.021,-9.70526E-11
1,Moss,25,100,13,0.54,192.59,-0.147,-6.85803E-10
1,Moss,25,100,14,2.21,109.05,-0.049,-2.27357E-10
1,Moss,25,100,15,3.61,54.02,-0.030,-1.41156E-10
1,Moss,25,100,16,2.42,138.84,1.315,6.13907E-09
1,Moss,25,100,17,3.5,56.29,-0.013,-5.95068E-11
1,Moss,25,150,13,2.9,153.45,-0.261,-1.21663E-09
1,Moss,25,150,14,4.54,54.41,-0.173,-8.09376E-10
1,Moss,25,150,15,3.6,74.17,-0.196,-9.12791E-10
1,Moss,25,150,16,0.63,326.98,-0.681,-3.17841E-09
1,Moss,25,150,17,3.71,61.99,1.863,8.70038E-09
1,Soil,25,25,13,9.069,25.48,0.008,3.55996E-11
1,Soil,25,25,14,10.55,18.48,-0.010,-4.72346E-11
1,Soil,25,25,15,7.68,18.88,-0.009,-4.25673E-11
1,Soil,25,25,16,15.5,20.13,-0.012,-5.44539E-11
1,Soil,25,25,17,14.585,27.91,0.033,1.52233E-10
1,Soil,25,50,13,9.297,35.71,0.168,7.86344E-10
1,Soil,25,50,14,15.495,40.98,-0.007,-3.28889E-11
1,Soil,25,50,15,8.28,38.16,-0.026,-1.2147E-10
1,Soil,25,50,16,12.45,17.99,-0.013,-6.11207E-11
1,Soil,25,50,17,0.692,377.17,-0.503,-2.3488E-09
1,Soil,25,100,13,14.972,18.50,-0.006,-2.78386E-11
1,Soil,25,100,14,10.42,23.80,-0.015,-7.0816E-11
1,Soil,25,100,15,13.812,29.61,-0.013,-5.95422E-11
1,Soil,25,100,16,17.4,25.34,0.030,1.42159E-10
1,Soil,25,100,17,13.745,27.49,-0.025,-1.15179E-10
1,Soil,25,150,13,15.02,25.37,-0.016,-7.29885E-11
1,Soil,25,150,14,10.09,27.55,-0.007,-3.4761E-11
1,Soil,25,150,15,15.13,25.38,-0.009,-4.24605E-11
1,Soil,25,150,16,12.8,22.42,-0.011,-5.01896E-11
1,Soil,25,150,17,12.38,39.66,0.000,9.66667E-13
1,Wood,25,25,13,2.6,36.15,-0.089,-4.14228E-10
1,Wood,25,25,14,1.96,220.41,0.004,1.94848E-11
1,Wood,25,25,15,1.44,82.64,0.265,1.23837E-09
1,Wood,25,25,16,1.78,80.34,1.210,5.64795E-09
1,Wood,25,25,17,2.48,206.85,0.129,6.0209E-10
1,Wood,25,50,13,1.64,101.83,-0.056,-2.63366E-10
1,Wood,25,50,14,1.45,211.03,-0.142,-6.61957E-10
1,Wood,25,50,15,1.67,157.49,0.230,1.07585E-09
1,Wood,25,50,16,2.21,42.08,0.375,1.75154E-09
1,Wood,25,50,17,2.09,320.10,0.057,2.6769E-10
1,Wood,25,100,13,3.75,139.73,-0.065,-3.05051E-10
1,Wood,25,100,14,3.24,246.91,0.406,1.895E-09
1,Wood,25,100,15,2.11,168.72,0.890,4.15512E-09
1,Wood,25,100,16,3.19,124.45,0.515,2.4051E-09
1,Wood,25,100,17,1.71,235.09,0.963,4.497E-09
1,Wood,25,150,13,3.64,221.70,0.154,7.20654E-10
1,Wood,25,150,14,2.85,187.37,-0.026,-1.19266E-10
1,Wood,25,150,15,3.14,141.08,0.423,1.97613E-09
1,Wood,25,150,16,1.41,18.44,-0.130,-6.08309E-10
1,Wood,25,150,17,2.51,204.38,0.706,3.29572E-09
1,Lichen,35,25,19,0.933,131.08,1.573,7.34613E-09
1,Lichen,35,25,20,1.95,40.26,-0.059,-2.77169E-10
1,Lichen,35,25,21,4.376,34.16,-0.014,-6.73965E-11
1,Lichen,35,25,22,2.561,44.87,0.024,1.11344E-10
1,Lichen,35,25,23,1.047,42.79,-0.130,-6.0757E-10
1,Lichen,35,50,19,1.89,51.22,-0.060,-2.79231E-10
1,Lichen,35,50,20,-1.11,-322.52,-10.644,-4.96962E-08
1,Lichen,35,50,21,10.272,34.11,0.016,7.67652E-11
1,Lichen,35,50,22,3.465,75.73,3.671,1.71401E-08
1,Lichen,35,50,23,1.007,217.68,2.594,1.21135E-08
1,Lichen,35,100,19,0.479,108.77,-0.231,-1.07943E-09
1,Lichen,35,100,20,0.268,140.67,-1.022,-4.77362E-09
1,Lichen,35,100,21,1.151,40.75,21.274,9.93266E-08
1,Lichen,35,100,22,2.514,37.39,-0.068,-3.17242E-10
1,Lichen,35,100,23,0.618,93.04,-0.077,-3.57611E-10
1,Lichen,35,150,19,2.188,59.69,-0.068,-3.18811E-10
1,Lichen,35,150,20,3.458,74.00,-0.051,-2.39141E-10
1,Lichen,35,150,21,0.3,396.33,-0.356,-1.66345E-09
1,Lichen,35,150,22,2.531,81.98,-0.072,-3.33952E-10
1,Lichen,35,150,23,0.6,127.50,-0.432,-2.01492E-09
1,Litter,35,25,19,2.075,44.82,0.065,3.03982E-10
1,Litter,35,25,20,1.643,125.99,-0.139,-6.49238E-10
1,Litter,35,25,21,2.07,43.48,0.054,2.52276E-10
1,Litter,35,25,22,2.42,68.18,-0.148,-6.88878E-10
1,Litter,35,25,23,2.12,104.91,0.233,1.08661E-09
1,Litter,35,50,19,1.9,196.84,0.283,1.32281E-09
1,Litter,35,50,20,2.18,15.73,-0.180,-8.38442E-10
1,Litter,35,50,21,1.146,15.71,-0.452,-2.11138E-09
1,Litter,35,50,22,2.112,84.33,-0.107,-4.98429E-10
1,Litter,35,50,23,1.93,53.63,-0.280,-1.30627E-09
1,Litter,35,100,19,2.677,62.94,0.104,4.83263E-10
1,Litter,35,100,20,1.835,75.75,0.046,2.15699E-10
1,Litter,35,100,21,1.74,12.59,-0.266,-1.23975E-09
1,Litter,35,100,22,2.31,65.28,0.035,1.61845E-10
1,Litter,35,100,23,1.92,38.65,0.014,6.74705E-11
1,Litter,35,150,19,2.292,37.52,0.264,1.23285E-09
1,Litter,35,150,20,1.722,131.36,0.234,1.09149E-09
1,Litter,35,150,21,1.75,46.11,0.424,1.98087E-09
1,Litter,35,150,22,2.132,18.01,-0.015,-6.93474E-11
1,Litter,35,150,23,1.92,125.31,-0.065,-3.04216E-10
1,Moss,35,25,19,1.56,67.95,-0.026,-1.22808E-10
1,Moss,35,25,20,2.97,67.34,1.008,4.70531E-09
1,Moss,35,25,21,4.3,63.95,0.020,9.29524E-11
1,Moss,35,25,22,3.11,25.72,0.007,3.39129E-11
1,Moss,35,25,23,3.53,25.21,-0.046,-2.15552E-10
1,Moss,35,50,19,5.06,48.81,-0.051,-2.36697E-10
1,Moss,35,50,20,1.37,190.51,-0.014,-6.70733E-11
1,Moss,35,50,21,4.03,24.57,-0.029,-1.36627E-10
1,Moss,35,50,22,4.05,55.56,0.295,1.37953E-09
1,Moss,35,50,23,2.68,42.16,-0.071,-3.3336E-10
1,Moss,35,100,19,6.43,20.06,-0.027,-1.27119E-10
1,Moss,35,100,20,5.47,44.61,-0.024,-1.12196E-10
1,Moss,35,100,21,4.93,36.71,0.088,4.10514E-10
1,Moss,35,100,22,0.69,28.99,-0.213,-9.93084E-10
1,Moss,35,100,23,4.99,36.87,-0.002,-1.02524E-11
1,Moss,35,150,19,0.84,163.10,-0.061,-2.86853E-10
1,Moss,35,150,20,0.51,284.31,-0.076,-3.57127E-10
1,Moss,35,150,21,0.72,172.22,0.716,3.34191E-09
1,Moss,35,150,22,2.86,66.78,-0.057,-2.64255E-10
1,Moss,35,150,23,4.44,39.19,0.077,3.57968E-10
1,Soil,35,25,19,9.43,23.54,-0.013,-5.96667E-11
1,Soil,35,25,20,15.36,28.45,-0.006,-2.92763E-11
1,Soil,35,25,21,12.6,56.75,-0.021,-9.99028E-11
1,Soil,35,25,22,11.05,33.03,-0.018,-8.59289E-11
1,Soil,35,25,23,10.23,45.55,0.008,3.87736E-11
1,Soil,35,50,19,16.67,19.74,-0.009,-4.10724E-11
1,Soil,35,50,20,7.55,22.65,-0.025,-1.15534E-10
1,Soil,35,50,21,11.25,37.42,-0.006,-2.80777E-11
1,Soil,35,50,22,12.73,22.94,-0.007,-3.3715E-11
1,Soil,35,50,23,11.76,28.91,-0.019,-8.69805E-11
1,Soil,35,100,19,14.26,20.41,-0.009,-4.08675E-11
1,Soil,35,100,20,10.73,46.69,0.002,9.82028E-12
1,Soil,35,100,21,15.77,25.43,-0.011,-5.01157E-11
1,Soil,35,100,22,8.75,54.86,0.000,1.48317E-12
1,Soil,35,100,23,14.8,20.00,-0.011,-5.03185E-11
1,Soil,35,150,19,6.72,62.95,-0.033,-1.53048E-10
1,Soil,35,150,20,12.11,18.74,-0.003,-1.36287E-11
1,Soil,35,150,21,11.49,24.89,-0.015,-7.16552E-11
1,Soil,35,150,22,18.5,24.16,-0.004,-1.81087E-11
1,Soil,35,150,23,4.74,60.34,-0.004,-1.70538E-11
1,Wood,35,25,19,1.92,218.75,0.045,2.09014E-10
1,Wood,35,25,20,1.83,151.37,-0.108,-5.02379E-10
1,Wood,35,25,21,2.01,167.66,0.465,2.1714E-09
1,Wood,35,25,22,2.54,164.17,1.522,7.10823E-09
1,Wood,35,25,23,3.66,119.40,-0.034,-1.59863E-10
1,Wood,35,50,19,3.33,139.34,1.937,9.04221E-09
1,Wood,35,50,20,2.67,203.37,0.430,2.00558E-09
1,Wood,35,50,21,2.18,23.85,-0.095,-4.45561E-10
1,Wood,35,50,22,3.82,90.58,0.386,1.80276E-09
1,Wood,35,50,23,3.21,109.66,1.292,6.03298E-09
1,Wood,35,100,19,3.62,27.07,-0.026,-1.22726E-10
1,Wood,35,100,20,2.04,174.02,0.262,1.22494E-09
1,Wood,35,100,21,1.97,59.39,0.321,1.49993E-09
1,Wood,35,100,22,2.53,148.62,0.950,4.43597E-09
1,Wood,35,100,23,2.71,149.45,0.029,1.34796E-10
1,Wood,35,150,19,3.09,124.27,-0.165,-7.70812E-10
1,Wood,35,150,20,2.32,180.17,0.151,7.03339E-10
1,Wood,35,150,21,3.31,81.27,-0.077,-3.59348E-10
1,Wood,35,150,22,3.52,94.32,0.434,2.02814E-09
1,Wood,35,150,23,2.9,104.48,0.998,4.66147E-09
2,Litter,5,25,1,1.52,47.37,-0.113,-5.27496E-10
2,Litter,5,25,2,1.71,57.89,-0.089,-4.16683E-10
2,Litter,5,25,3,1.52,50.66,-0.122,-5.69028E-10
2,Litter,5,25,4,1.54,47.40,-0.082,-3.84188E-10
2,Litter,5,25,5,1.47,44.90,-0.120,-5.59193E-10
2,Litter,5,25,6,1.52,57.89,-0.125,-5.85491E-10
2,Litter,5,25,7,1.08,50.00,-0.043,-2.01666E-10
2,Litter,5,25,8,1.28,56.25,-0.141,-6.56245E-10
2,Litter,5,25,9,1.48,52.70,-0.101,-4.71874E-10
2,Litter,5,50,1,1.52,72.37,-0.116,-5.40999E-10
2,Litter,5,50,2,1.71,63.74,-0.125,-5.83404E-10
2,Litter,5,50,3,1.53,71.24,-0.132,-6.14116E-10
2,Litter,5,50,4,1.47,74.83,-0.132,-6.17732E-10
2,Litter,5,50,5,1.47,73.47,-0.103,-4.81479E-10
2,Litter,5,50,6,1.47,76.87,-0.115,-5.38772E-10
2,Litter,5,50,7,1.52,69.74,-0.091,-4.24409E-10
2,Litter,5,50,8,1.29,88.37,-0.134,-6.2685E-10
2,Litter,5,50,9,1.38,88.41,-0.123,-5.75404E-10
2,Litter,5,100,1,1.59,132.70,-0.098,-4.5561E-10
2,Litter,5,100,2,1.07,142.99,-0.161,-7.52929E-10
2,Litter,5,100,3,1.44,144.44,-0.113,-5.25568E-10
2,Litter,5,100,4,1.6,127.50,-0.117,-5.45019E-10
2,Litter,5,100,5,1.51,142.38,-0.125,-5.83218E-10
2,Litter,5,100,6,1.47,143.54,-0.059,-2.75863E-10
2,Litter,5,100,7,1.5,142.67,-0.089,-4.14026E-10
2,Litter,5,100,8,1.56,126.28,-0.105,-4.88925E-10
2,Litter,5,100,9,1.37,118.98,-0.132,-6.17036E-10
2,Litter,5,150,1,1.48,192.57,-0.107,-4.99626E-10
2,Litter,5,150,2,1.5,194.67,-0.104,-4.83831E-10
2,Litter,5,150,3,1.49,184.56,-0.106,-4.93019E-10
2,Litter,5,150,4,1.48,200.00,-0.112,-5.2353E-10
2,Litter,5,150,5,1.6,161.88,-0.063,-2.95961E-10
2,Litter,5,150,6,1.52,196.71,-0.102,-4.76325E-10
2,Litter,5,150,7,1.57,189.17,-0.050,-2.31596E-10
2,Litter,5,150,8,1.63,180.37,0.124,5.79818E-10
2,Litter,5,150,9,1.54,194.81,-0.131,-6.09455E-10
2,Litter,15,25,1,1.55,49.03,-0.105,-4.88783E-10
2,Litter,15,25,2,1.44,47.22,-0.118,-5.4876E-10
2,Litter,15,25,3,1.47,51.02,-0.100,-4.64902E-10
2,Litter,15,25,4,1.45,53.79,-0.159,-7.41759E-10
2,Litter,15,25,5,1.64,41.46,-0.138,-6.43042E-10
2,Litter,15,25,6,1.66,38.55,-0.150,-6.999E-10
2,Litter,15,25,7,1.7,38.24,-0.117,-5.47033E-10
2,Litter,15,25,8,1.37,58.39,-0.110,-5.13128E-10
2,Litter,15,25,9,1.42,55.63,-0.147,-6.86542E-10
2,Litter,15,50,1,1.63,64.42,-0.114,-5.31321E-10
2,Litter,15,50,2,1.52,70.39,-0.117,-5.46372E-10
2,Litter,15,50,3,1.53,68.63,-0.124,-5.80145E-10
2,Litter,15,50,4,1.49,55.71,0.301,1.40434E-09
2,Litter,15,50,5,1.58,71.52,-0.134,-6.25399E-10
2,Litter,15,50,6,1.69,53.85,-0.115,-5.38593E-10
2,Litter,15,50,7,1.7,62.94,-0.147,-6.88487E-10
2,Litter,15,50,8,1.34,85.07,-0.147,-6.84144E-10
2,Litter,15,50,9,1.34,97.01,-0.157,-7.31196E-10
2,Litter,15,100,2,1.57,118.47,-0.133,-6.19192E-10
2,Litter,15,100,3,1.57,132.48,-0.091,-4.24848E-10
2,Litter,15,100,4,1.46,143.84,-0.127,-5.93111E-10
2,Litter,15,100,5,1.54,143.51,-0.152,-7.0737E-10
2,Litter,15,100,6,1.58,124.68,-0.137,-6.3838E-10
2,Litter,15,100,7,1.6,121.25,-0.120,-5.62221E-10
2,Litter,15,100,8,1.5,142.67,-0.148,-6.89006E-10
2,Litter,15,100,9,1.41,161.70,-0.039,-1.80667E-10
2,Litter,15,150,1,1.85,162.16,-0.088,-4.10994E-10
2,Litter,15,150,2,1.45,192.41,-0.121,-5.64316E-10
2,Litter,15,150,3,1.57,191.08,-0.096,-4.46718E-10
2,Litter,15,150,4,1.5,184.67,-0.056,-2.62525E-10
2,Litter,15,150,5,1.69,168.64,-0.049,-2.26814E-10
2,Litter,15,150,6,1.59,166.67,-0.149,-6.97359E-10
2,Litter,15,150,7,1.66,175.30,0.049,2.29723E-10
2,Litter,15,150,8,1.34,230.60,-0.098,-4.56556E-10
2,Litter,15,150,9,1.65,189.70,-0.024,-1.10397E-10
2,Litter,25,25,1,1.61,39.13,-0.274,-1.27773E-09
2,Litter,25,25,2,1.6,40.00,-0.292,-1.3628E-09
2,Litter,25,25,3,1.56,41.03,-0.352,-1.64131E-09
2,Litter,25,25,4,1.64,43.29,-0.336,-1.56948E-09
2,Litter,25,25,5,1.46,45.89,-0.320,-1.49411E-09
2,Litter,25,25,6,1.66,36.75,-0.330,-1.54189E-09
2,Litter,25,25,7,1.74,34.48,-0.317,-1.48083E-09
2,Litter,25,25,8,1.46,54.11,-0.369,-1.72121E-09
2,Litter,25,25,9,1.44,52.78,-0.372,-1.73774E-09
2,Litter,25,50,1,1.74,58.05,-0.252,-1.17723E-09
2,Litter,25,50,2,1.5,58.67,-0.313,-1.46172E-09
2,Litter,25,50,3,1.63,55.21,-0.251,-1.16963E-09
2,Litter,25,50,4,1.48,70.95,-0.305,-1.42578E-09
2,Litter,25,50,5,1.64,70.12,-0.267,-1.24706E-09
2,Litter,25,50,6,1.66,56.63,-0.234,-1.09205E-09
2,Litter,25,50,7,1.85,54.59,-0.150,-7.02196E-10
2,Litter,25,50,8,1.42,78.17,-0.360,-1.67932E-09
2,Litter,25,50,9,1.38,78.26,-0.319,-1.48777E-09
2,Litter,25,100,1,1.53,120.92,-0.077,-3.59683E-10
2,Litter,25,100,2,1.45,133.10,-0.085,-3.96109E-10
2,Litter,25,100,3,1.43,112.59,-0.252,-1.17595E-09
2,Litter,25,100,4,1.41,143.97,0.267,1.24721E-09
2,Litter,25,100,5,1.57,123.57,-0.088,-4.11524E-10
2,Litter,25,100,6,1.64,112.20,-0.272,-1.26854E-09
2,Litter,25,100,7,1.46,121.92,-0.202,-9.4442E-10
2,Litter,25,100,8,1.44,136.81,0.082,3.8295E-10
2,Litter,25,100,9,1.4,145.00,-0.040,-1.84444E-10
2,Litter,25,150,1,1.55,176.13,-0.422,-1.97047E-09
2,Litter,25,150,2,1.5,94.67,0.175,8.17362E-10
2,Litter,25,150,3,1.52,205.26,-0.189,-8.84383E-10
2,Litter,25,150,4,1.63,189.57,-0.198,-9.243E-10
2,Litter,25,150,5,1.5,198.00,-0.301,-1.40389E-09
2,Litter,25,150,6,1.53,190.20,-0.374,-1.74601E-09
2,Litter,25,150,7,1.55,190.32,-0.330,-1.54013E-09
2,Litter,25,150,8,1.46,198.63,-0.365,-1.70459E-09
2,Litter,25,150,9,1.45,206.21,-0.387,-1.80573E-09
2,Litter,35,25,1,1.49,43.62,-0.104,-4.86904E-10
2,Litter,35,25,2,1.54,44.81,-0.156,-7.29986E-10
2,Litter,35,25,3,1.54,44.16,0.025,1.17768E-10
2,Litter,35,25,4,1.5,47.33,-0.609,-2.84445E-09
2,Litter,35,25,5,1.65,39.39,-0.369,-1.72248E-09
2,Litter,35,25,6,1.56,39.74,-0.402,-1.87526E-09
2,Litter,35,25,7,1.59,39.62,-0.571,-2.66589E-09
2,Litter,35,25,8,1.58,39.87,-0.479,-2.23839E-09
2,Litter,35,25,9,1.43,55.24,-0.812,-3.79227E-09
2,Litter,35,50,1,1.51,66.89,-0.306,-1.42782E-09
2,Litter,35,50,2,1.53,58.82,-0.356,-1.66329E-09
2,Litter,35,50,3,1.55,65.81,-0.316,-1.47332E-09
2,Litter,35,50,4,1.54,66.88,-0.291,-1.35735E-09
2,Litter,35,50,5,1.5,34.00,-0.819,-3.82431E-09
2,Litter,35,50,6,1.59,53.46,-0.691,-3.2284E-09
2,Litter,35,50,7,1.72,59.30,0.301,1.40363E-09
2,Litter,35,50,8,1.52,68.42,-0.110,-5.14594E-10
2,Litter,35,50,9,1.5,65.33,-0.195,-9.11007E-10
2,Litter,35,100,1,1.48,129.05,0.345,1.61236E-09
2,Litter,35,100,2,1.5,120.67,0.453,2.11475E-09
2,Litter,35,100,3,1.53,152.29,-0.468,-2.18677E-09
2,Litter,35,100,4,1.44,143.06,-0.126,-5.90263E-10
2,Litter,35,100,5,1.5,134.67,-0.248,-1.15694E-09
2,Litter,35,100,6,1.54,129.87,0.192,8.9757E-10
2,Litter,35,100,7,1.62,119.75,0.414,1.93124E-09
2,Litter,35,100,8,1.45,144.83,-0.358,-1.67002E-09
2,Litter,35,100,9,1.52,113.16,-0.041,-1.93666E-10
2,Litter,35,150,1,1.4,210.00,0.524,2.44639E-09
2,Litter,35,150,2,1.57,182.80,-0.321,-1.49903E-09
2,Litter,35,150,3,1.53,188.24,0.220,1.02819E-09
2,Litter,35,150,4,1.58,181.65,-0.490,-2.28557E-09
2,Litter,35,150,5,1.66,186.75,0.278,1.29571E-09
2,Litter,35,150,6,1.45,196.55,-0.158,-7.37709E-10
2,Litter,35,150,7,1.49,195.30,-0.111,-5.18775E-10
2,Litter,35,150,8,1.31,223.66,-0.397,-1.85125E-09
2,Litter,35,150,9,1.57,162.42,0.185,8.6471E-10
2,Soil,5,10,1,9.2,17.61,-0.022,-1.02415E-10
2,Soil,5,10,2,9.19,18.93,-0.022,-1.01089E-10
2,Soil,5,10,3,9.21,17.48,-0.022,-1.03133E-10
2,Soil,5,10,4,9.16,17.79,0.055,2.58961E-10
2,Soil,5,10,5,9.35,15.83,-0.020,-9.51006E-11
2,Soil,5,10,6,9.08,15.75,0.001,3.91053E-12
2,Soil,5,10,7,9.44,15.25,-0.020,-9.1327E-11
2,Soil,5,10,8,9.37,15.26,-0.016,-7.65051E-11
2,Soil,5,10,9,9.45,15.45,-0.022,-1.03812E-10
2,Soil,5,25,1,9.01,31.96,-0.020,-9.35105E-11
2,Soil,5,25,2,8.61,38.10,-0.023,-1.06043E-10
2,Soil,5,25,3,8.95,32.07,-0.008,-3.94364E-11
2,Soil,5,25,4,8.72,31.08,-0.022,-1.04054E-10
2,Soil,5,25,5,9,28.78,-0.022,-1.01563E-10
2,Soil,5,25,6,9.04,29.76,-0.019,-8.98288E-11
2,Soil,5,25,7,9.24,29.33,-0.021,-9.71399E-11
2,Soil,5,25,8,9.04,27.99,-0.020,-9.39839E-11
2,Soil,5,25,9,9.13,27.27,-0.021,-9.60577E-11
2,Soil,5,50,1,9.23,55.80,-0.021,-9.74056E-11
2,Soil,5,50,2,9.14,53.83,-0.012,-5.79084E-11
2,Soil,5,50,3,9.12,55.59,-0.021,-9.90471E-11
2,Soil,5,50,4,9.21,55.16,-0.021,-9.76075E-11
2,Soil,5,50,5,9.02,55.88,-0.023,-1.07433E-10
2,Soil,5,50,6,9.198,52.75,-0.018,-8.55741E-11
2,Soil,5,50,7,9.239,52.61,-0.017,-7.95954E-11
2,Soil,5,50,8,9.1,52.42,-0.022,-1.04448E-10
2,Soil,5,50,9,9.05,53.37,-0.019,-8.7132E-11
2,Soil,5,100,1,9.02,108.54,-0.018,-8.44167E-11
2,Soil,5,100,2,8.79,115.02,-0.014,-6.76566E-11
2,Soil,5,100,3,9.44,101.17,-0.013,-6.18549E-11
2,Soil,5,100,4,8.85,108.36,0.058,2.7142E-10
2,Soil,5,100,5,9.28,104.96,-0.012,-5.44935E-11
2,Soil,5,100,6,9.29,102.58,-0.020,-9.15176E-11
2,Soil,5,100,7,9.12,33.55,-0.023,-1.09061E-10
2,Soil,5,100,8,9.21,106.84,-0.019,-8.64617E-11
2,Soil,5,100,9,9.31,104.62,-0.010,-4.58997E-11
2,Soil,15,10,1,9.08,17.84,-0.049,-2.2784E-10
2,Soil,15,10,2,8.7,18.51,-0.053,-2.47537E-10
2,Soil,15,10,3,9.13,15.33,-0.052,-2.40891E-10
2,Soil,15,10,4,9.24,15.80,-0.055,-2.54474E-10
2,Soil,15,10,5,9.39,15.23,-0.052,-2.41763E-10
2,Soil,15,10,6,9.31,13.86,-0.001,-5.06551E-12
2,Soil,15,10,7,9.27,15.86,-0.053,-2.48322E-10
2,Soil,15,10,8,9.36,14.64,-0.050,-2.34609E-10
2,Soil,15,10,9,9.4,15.43,-0.049,-2.27651E-10
2,Soil,15,25,1,9,32.56,-0.048,-2.24466E-10
2,Soil,15,25,2,8.9,33.15,-0.046,-2.13569E-10
2,Soil,15,25,3,9.21,30.51,-0.051,-2.38441E-10
2,Soil,15,25,4,8.99,32.15,-0.038,-1.76806E-10
2,Soil,15,25,5,9.08,31.39,-0.030,-1.38323E-10
2,Soil,15,25,6,8.9,28.99,-0.040,-1.88324E-10
2,Soil,15,25,7,9.17,30.53,0.101,4.71822E-10
2,Soil,15,25,8,9.33,28.19,-0.035,-1.63828E-10
2,Soil,15,25,9,9.13,27.05,-0.047,-2.17425E-10
2,Soil,15,50,1,8.99,55.73,-0.045,-2.09E-10
2,Soil,15,50,2,9,59.78,-0.042,-1.98E-10
2,Soil,15,50,3,9.02,55.88,-0.043,-2.01461E-10
2,Soil,15,50,4,9.11,54.67,-0.049,-2.30081E-10
2,Soil,15,50,5,9.15,49.62,-0.046,-2.1502E-10
2,Soil,15,50,6,8.96,53.46,-0.042,-1.97941E-10
2,Soil,15,50,7,9.09,52.70,-0.049,-2.30418E-10
2,Soil,15,50,8,9.2,54.57,-0.053,-2.45716E-10
2,Soil,15,50,9,9.1,50.77,-0.049,-2.28897E-10
2,Soil,15,100,1,9.01,108.55,-0.046,-2.14789E-10
2,Soil,15,100,2,8.92,108.41,-0.047,-2.20371E-10
2,Soil,15,100,3,9.04,102.43,-0.032,-1.5094E-10
2,Soil,15,100,4,9,108.33,-0.048,-2.21934E-10
2,Soil,15,100,5,9.08,106.72,-0.051,-2.36434E-10
2,Soil,15,100,6,9.03,106.87,-0.049,-2.30207E-10
2,Soil,15,100,7,9.16,104.59,-0.045,-2.08264E-10
2,Soil,15,100,8,9.22,104.34,-0.049,-2.26562E-10
2,Soil,15,100,9,9.34,98.39,-0.048,-2.22816E-10
2,Soil,25,10,1,9.2,17.50,-0.058,-2.7239E-10
2,Soil,25,10,2,9.09,18.04,-0.064,-2.99221E-10
2,Soil,25,10,3,9.22,16.81,-0.050,-2.34472E-10
2,Soil,25,10,4,8.93,15.90,-0.065,-3.05118E-10
2,Soil,25,10,5,9.24,15.69,-0.056,-2.62115E-10
2,Soil,25,10,6,9.3,25.38,-0.034,-1.5812E-10
2,Soil,25,10,7,9.33,15.01,-0.057,-2.65479E-10
2,Soil,25,10,8,9.33,15.76,-0.059,-2.7757E-10
2,Soil,25,10,9,9.48,14.77,-0.061,-2.84428E-10
2,Soil,25,25,1,9.02,31.15,-0.058,-2.71924E-10
2,Soil,25,25,2,9.15,31.69,-0.062,-2.8983E-10
2,Soil,25,25,3,9.08,32.27,-0.065,-3.0393E-10
2,Soil,25,25,4,9.09,31.57,-0.061,-2.86025E-10
2,Soil,25,25,5,9.09,31.79,-0.062,-2.90336E-10
2,Soil,25,25,6,9.37,31.91,-0.058,-2.70581E-10
2,Soil,25,25,7,9.26,30.13,-0.022,-1.03691E-10
2,Soil,25,25,8,9.29,30.36,-0.061,-2.86496E-10
2,Soil,25,25,9,9.34,29.34,-0.058,-2.73026E-10
2,Soil,25,50,1,9.38,53.52,-0.066,-3.07681E-10
2,Soil,25,50,2,9,60.00,0.004,1.74976E-11
2,Soil,25,50,3,9.25,53.19,-0.055,-2.57269E-10
2,Soil,25,50,4,9.27,53.72,-0.066,-3.10241E-10
2,Soil,25,50,5,9.18,51.20,-0.065,-3.05746E-10
2,Soil,25,50,6,9.26,53.13,-0.045,-2.11133E-10
2,Soil,25,50,7,9.24,53.35,-0.063,-2.94663E-10
2,Soil,25,50,8,9.26,53.02,-0.057,-2.64723E-10
2,Soil,25,50,9,9.19,54.95,-0.040,-1.8597E-10
2,Soil,25,100,1,8.99,108.45,-0.047,-2.21472E-10
2,Soil,25,100,2,9.22,102.60,0.001,4.3923E-12
2,Soil,25,100,3,9.34,105.25,-0.034,-1.59584E-10
2,Soil,25,100,4,9.31,105.80,-0.060,-2.79303E-10
2,Soil,25,100,5,9.41,104.25,-0.060,-2.78408E-10
2,Soil,25,100,6,9.33,104.50,-0.065,-3.04878E-10
2,Soil,25,100,7,9.46,101.69,-0.062,-2.88798E-10
2,Soil,25,100,8,9.44,104.77,-0.057,-2.64597E-10
2,Soil,25,100,9,9.48,104.11,-0.055,-2.55861E-10
2,Soil,35,10,1,9.17,16.36,0.707,3.30058E-09
2,Soil,35,10,2,9.31,16.43,1.838,8.58338E-09
2,Soil,35,10,3,9.11,17.23,-0.064,-2.99809E-10
2,Soil,35,10,4,9.15,17.27,-0.083,-3.87103E-10
2,Soil,35,10,5,9.24,16.77,-0.083,-3.86533E-10
2,Soil,35,10,6,9.27,15.32,-0.035,-1.61733E-10
2,Soil,35,10,7,9.39,14.48,-0.084,-3.91845E-10
2,Soil,35,10,8,9.44,14.83,-0.082,-3.8146E-10
2,Soil,35,10,9,9.35,14.65,-0.061,-2.86355E-10
2,Soil,35,25,1,9.15,32.35,-0.083,-3.89044E-10
2,Soil,35,25,2,8.95,31.96,-0.081,-3.78018E-10
2,Soil,35,25,3,8.99,32.70,-0.079,-3.7059E-10
2,Soil,35,25,4,9.13,30.56,-0.081,-3.76059E-10
2,Soil,35,25,5,9.08,30.40,-0.084,-3.94129E-10
2,Soil,35,25,6,9.24,30.41,-0.082,-3.836E-10
2,Soil,35,25,7,9.33,30.55,-0.085,-3.96254E-10
2,Soil,35,25,8,8.82,22.45,-0.085,-3.95178E-10
2,Soil,35,25,9,9.26,30.99,-0.082,-3.81603E-10
2,Soil,35,50,1,8.95,58.55,-0.074,-3.46013E-10
2,Soil,35,50,2,9.04,57.85,-0.057,-2.64882E-10
2,Soil,35,50,3,9.22,55.10,-0.085,-3.96319E-10
2,Soil,35,50,4,9.241,58.11,-0.087,-4.05269E-10
2,Soil,35,50,5,9.25,55.35,-0.073,-3.41488E-10
2,Soil,35,50,6,9.21,53.96,-0.080,-3.72761E-10
2,Soil,35,50,7,9.24,54.33,-0.081,-3.76533E-10
2,Soil,35,50,8,9.6,47.08,-0.078,-3.64128E-10
2,Soil,35,50,9,9.13,55.97,-0.043,-2.01709E-10
2,Soil,35,100,1,9.09,111.22,-0.065,-3.01962E-10
2,Soil,35,100,2,9.03,107.42,-0.071,-3.32674E-10
2,Soil,35,100,3,9.11,111.20,-0.081,-3.76823E-10
2,Soil,35,100,4,9.43,105.83,-0.076,-3.54933E-10
2,Soil,35,100,5,9.44,104.77,-0.077,-3.60076E-10
2,Soil,35,100,6,9.43,105.41,-0.087,-4.08401E-10
2,Soil,35,100,7,9.52,100.95,-0.076,-3.53991E-10
2,Soil,35,100,8,9.17,108.72,-0.076,-3.53201E-10
2,Soil,35,100,9,9.39,105.11,-0.070,-3.28606E-10
2,Wood,5,25,1,3.12,52.88,-0.158,-7.39374E-10
2,Wood,5,25,2,2.56,89.84,-0.196,-9.16414E-10
2,Wood,5,25,3,2.88,67.01,-0.173,-8.09321E-10
2,Wood,5,25,4,2.89,65.05,-0.161,-7.53599E-10
2,Wood,5,25,5,1.56,193.59,-0.315,-1.47155E-09
2,Wood,5,25,6,2.84,67.96,-0.177,-8.26258E-10
2,Wood,5,25,7,1.84,183.15,-0.201,-9.39373E-10
2,Wood,5,25,8,1.71,208.19,-0.262,-1.22501E-09
2,Wood,5,25,9,3.1,53.23,0.004,1.70719E-11
2,Wood,5,50,1,1.96,189.80,-0.261,-1.21729E-09
2,Wood,5,50,2,2.06,175.24,-0.231,-1.0783E-09
2,Wood,5,50,3,2.6,192.31,-0.198,-9.22522E-10
2,Wood,5,50,4,2.15,166.51,-0.218,-1.01663E-09
2,Wood,5,50,5,2.98,152.68,-0.167,-7.78478E-10
2,Wood,5,50,6,1.66,334.94,-0.306,-1.43016E-09
2,Wood,5,50,7,2.42,210.33,-0.203,-9.46575E-10
2,Wood,5,50,8,1.8,224.44,-0.236,-1.10181E-09
2,Wood,5,50,9,2.74,174.82,-0.120,-5.61608E-10
2,Wood,5,100,1,1.88,168.09,-0.263,-1.2283E-09
2,Wood,5,100,2,1.48,400.68,-0.327,-1.52593E-09
2,Wood,5,100,3,1.4,337.14,-0.367,-1.7121E-09
2,Wood,5,100,4,2.38,237.39,-0.202,-9.41109E-10
2,Wood,5,100,5,3.07,84.36,-0.163,-7.58839E-10
2,Wood,5,100,6,3,129.67,-0.169,-7.88311E-10
2,Wood,5,100,7,2.49,216.06,-0.159,-7.40882E-10
2,Wood,5,100,8,1.74,319.54,-0.036,-1.67014E-10
2,Wood,5,100,9,2.77,176.17,-0.110,-5.13912E-10
2,Wood,5,150,1,2.46,281.71,-0.206,-9.61083E-10
2,Wood,5,150,2,1.9,390.00,-0.254,-1.18631E-09
2,Wood,5,150,3,1.79,418.99,-0.279,-1.301E-09
2,Wood,5,150,4,2.08,345.19,-0.252,-1.1744E-09
2,Wood,5,150,5,1.4,260.71,-0.354,-1.65225E-09
2,Wood,5,150,6,2.9,230.00,-0.164,-7.65281E-10
2,Wood,5,150,7,3.18,100.00,0.205,9.55108E-10
2,Wood,5,150,8,2.22,321.26,-0.181,-8.43585E-10
2,Wood,5,150,9,2.84,236.27,-0.172,-8.04051E-10
2,Wood,15,25,1,3.91,45.52,0.041,1.92488E-10
2,Wood,15,25,2,4.21,29.69,-0.035,-1.6152E-10
2,Wood,15,25,3,3.71,51.48,0.088,4.1286E-10
2,Wood,15,25,4,4.2,32.62,-0.010,-4.62697E-11
2,Wood,15,25,5,0.88,535.23,0.079,3.69782E-10
2,Wood,15,25,6,4.22,30.81,-0.019,-9.09384E-11
2,Wood,15,25,7,2.15,159.07,-0.071,-3.32144E-10
2,Wood,15,25,8,3.32,67.17,0.009,4.3307E-11
2,Wood,15,25,9,4.29,31.47,-0.041,-1.90841E-10
2,Wood,15,50,1,3.79,74.41,0.004,2.06934E-11
2,Wood,15,50,2,3.14,79.62,0.023,1.05449E-10
2,Wood,15,50,3,3.96,69.19,-0.008,-3.68309E-11
2,Wood,15,50,4,2.35,181.70,0.080,3.7297E-10
2,Wood,15,50,5,3.26,76.69,-0.046,-2.16322E-10
2,Wood,15,50,6,3.26,76.69,0.046,2.14993E-10
2,Wood,15,50,7,2.76,144.20,0.006,2.98751E-11
2,Wood,15,50,8,4.03,69.23,0.057,2.6447E-10
2,Wood,15,50,9,4.01,64.59,0.047,2.17921E-10
2,Wood,15,100,1,2.31,229.44,0.104,4.87253E-10
2,Wood,15,100,2,1.59,353.46,-0.009,-4.11614E-11
2,Wood,15,100,3,3.01,153.82,0.033,1.5626E-10
2,Wood,15,100,4,2.51,197.21,0.118,5.5201E-10
2,Wood,15,100,5,2.24,226.34,-0.015,-6.95369E-11
2,Wood,15,100,6,1.4,450.71,-0.110,-5.1374E-10
2,Wood,15,100,7,2.99,158.53,-0.024,-1.11169E-10
2,Wood,15,100,8,2.97,159.26,0.005,2.41341E-11
2,Wood,15,100,9,2.25,243.11,0.071,3.29194E-10
2,Wood,15,150,1,2.59,267.57,0.254,1.18523E-09
2,Wood,15,150,2,2.69,257.99,-0.001,-3.62114E-12
2,Wood,15,150,3,3.03,222.11,0.069,3.23893E-10
2,Wood,15,150,4,1.03,773.79,0.095,4.42646E-10
2,Wood,15,150,5,2.99,220.07,0.086,4.03704E-10
2,Wood,15,150,6,1.66,462.05,0.052,2.42283E-10
2,Wood,15,150,7,2.09,347.37,-0.088,-4.12668E-10
2,Wood,15,150,8,2.06,351.46,-0.100,-4.68402E-10
2,Wood,15,150,9,2.65,252.45,-0.063,-2.92022E-10
2,Wood,25,25,1,1.76,216.48,-0.597,-2.78678E-09
2,Wood,25,25,2,4.07,57.99,-0.394,-1.83906E-09
2,Wood,25,25,3,1.55,260.00,-0.522,-2.43768E-09
2,Wood,25,25,4,4.08,37.50,-0.401,-1.87432E-09
2,Wood,25,25,5,1.72,222.09,-0.858,-4.00568E-09
2,Wood,25,25,6,4.21,42.99,-0.379,-1.77138E-09
2,Wood,25,25,7,3.66,51.37,-0.411,-1.92098E-09
2,Wood,25,25,8,4.26,27.70,-0.003,-1.39526E-11
2,Wood,25,25,9,4.37,65.45,-0.369,-1.72384E-09
2,Wood,25,50,1,2.31,191.34,-0.279,-1.30175E-09
2,Wood,25,50,2,4.12,58.98,-0.317,-1.48109E-09
2,Wood,25,50,3,1.45,351.72,-0.920,-4.29449E-09
2,Wood,25,50,4,2.95,123.05,-0.435,-2.02943E-09
2,Wood,25,50,5,2.19,205.48,-0.593,-2.76808E-09
2,Wood,25,50,6,3.18,100.00,-0.359,-1.6766E-09
2,Wood,25,50,7,4.12,165.53,-0.264,-1.23334E-09
2,Wood,25,50,8,4.06,68.72,-0.210,-9.81081E-10
2,Wood,25,50,9,4.07,77.40,-0.127,-5.9179E-10
2,Wood,25,100,1,3.33,144.14,-0.341,-1.59108E-09
2,Wood,25,100,2,3.58,118.72,-0.269,-1.25583E-09
2,Wood,25,100,3,0.96,765.63,-1.416,-6.61226E-09
2,Wood,25,100,4,4.08,108.58,0.014,6.59105E-11
2,Wood,25,100,5,2.37,259.92,-0.423,-1.97266E-09
2,Wood,25,100,6,3.7,128.11,-0.336,-1.56658E-09
2,Wood,25,100,7,3.43,149.27,0.094,4.38853E-10
2,Wood,25,100,8,3.53,141.64,-0.404,-1.88521E-09
2,Wood,25,100,9,3.77,131.03,-0.277,-1.29514E-09
2,Wood,25,150,1,3.11,231.19,-0.315,-1.47028E-09
2,Wood,25,150,2,3.31,214.50,0.024,1.10973E-10
2,Wood,25,150,3,2.26,360.18,-0.334,-1.56077E-09
2,Wood,25,150,4,3.79,182.59,0.069,3.22686E-10
2,Wood,25,150,5,3.73,182.84,0.217,1.01158E-09
2,Wood,25,150,6,3.94,165.99,0.340,1.58616E-09
2,Wood,25,150,7,4.02,55.72,-0.204,-9.53941E-10
2,Wood,25,150,8,4.21,140.14,0.519,2.42142E-09
2,Wood,25,150,9,3.76,176.06,-0.194,-9.0724E-10
2,Wood,35,25,1,2.78,67.63,-0.187,-8.73457E-10
2,Wood,35,25,2,2.57,73.15,-0.313,-1.46112E-09
2,Wood,35,25,3,2.71,74.54,-0.063,-2.93404E-10
2,Wood,35,25,4,2.03,121.18,-0.469,-2.19073E-09
2,Wood,35,25,5,2.82,56.03,-0.340,-1.58968E-09
2,Wood,35,25,6,2.81,70.46,-0.318,-1.48356E-09
2,Wood,35,25,7,2.85,64.91,-0.170,-7.93374E-10
2,Wood,35,25,8,2.74,61.68,-0.223,-1.04211E-09
2,Wood,35,25,9,3.09,56.96,-0.329,-1.53617E-09
2,Wood,35,50,1,1.03,405.83,-0.479,-2.23869E-09
2,Wood,35,50,2,2.73,116.48,-0.094,-4.37077E-10
2,Wood,35,50,3,2.68,108.58,-0.135,-6.32426E-10
2,Wood,35,50,4,3.2,73.44,-0.265,-1.23687E-09
2,Wood,35,50,5,1.15,351.30,-0.494,-2.3051E-09
2,Wood,35,50,6,1.19,362.18,-0.586,-2.73498E-09
2,Wood,35,50,7,2.73,108.79,-0.196,-9.16182E-10
2,Wood,35,50,8,2.89,87.89,-0.274,-1.27863E-09
2,Wood,35,50,9,3.11,77.49,-0.264,-1.23149E-09
2,Wood,35,100,1,2.43,216.46,0.047,2.21606E-10
2,Wood,35,100,2,2.59,188.80,0.154,7.18013E-10
2,Wood,35,100,3,1.48,392.57,-0.156,-7.26023E-10
2,Wood,35,100,4,2.7,180.74,0.386,1.80427E-09
2,Wood,35,100,5,3.29,131.00,-0.269,-1.255E-09
2,Wood,35,100,6,2.6,180.38,-0.334,-1.56004E-09
2,Wood,35,100,7,2.34,215.81,-0.432,-2.01783E-09
2,Wood,35,100,8,3.29,130.09,0.663,3.09538E-09
2,Wood,35,100,9,3.2,146.56,-0.316,-1.47376E-09
2,Wood,35,150,1,3.34,187.13,0.587,2.73884E-09
2,Wood,35,150,2,2.56,262.89,0.282,1.31574E-09
2,Wood,35,150,3,2.78,248.56,0.206,9.59604E-10
2,Wood,35,150,4,3.08,219.81,-0.183,-8.52517E-10
2,Wood,35,150,5,2.17,341.01,-0.078,-3.66238E-10
2,Wood,35,150,6,2.8,256.07,0.405,1.88934E-09
2,Wood,35,150,7,2.9,247.93,-0.001,-3.1731E-12
2,Wood,35,150,8,3.33,187.69,-0.253,-1.18078E-09
2,Wood,35,150,9,2.99,219.06,-0.156,-7.29521E-10
