season,niche,Treatment,sample_name,sample_ID,species,tin_no,tin_mass,tin_wet_mass,tin_dry_mass,dry_mass,moist,1.5s_area,ppm,incubation_time,avg_blank,avg_bag_blank,corrected_ppm,Bag_ID,notes
summer,endo,pre,B1EO1,NA,NA,65,1.22,1.92,1.53,0.31,125.8064516,3805.2,2.230816,22,3.417098667,2.417832,-3.604114667,A,NA
summer,endo,pre,H3EY2,NA,NA,19,1.11,3.36,2,0.89,152.8089888,8050,2.5704,23,3.417098667,2.417832,-3.264530667,A,NA
summer,endo,pre,H3EY3,NA,NA,21,1.11,2.74,1.75,0.64,154.6875,10535,2.7692,23,3.417098667,2.417832,-3.065730667,A,NA
summer,endo,pre,B2EO1,NA,NA,89,1.11,3.07,1.99,0.88,122.7272727,17363.6,3.315488,22,3.417098667,2.417832,-2.519442667,A,NA
summer,endo,pre,B2EO2,NA,NA,91,1.1,2.26,1.61,0.51,127.4509804,11347,2.83416,22,3.417098667,2.417832,-3.000770667,A,NA
summer,endo,pre,B2EO3,NA,NA,84,1.1,2.02,1.52,0.42,119.047619,15511.8,3.167344,22,3.417098667,2.417832,-2.667586667,A,NA
summer,endo,pre,B2EY1,NA,NA,87,1.12,3.23,1.81,0.69,205.7971014,9044.5,2.64996,22,3.417098667,2.417832,-3.184970667,A,NA
summer,endo,pre,B1EO2,NA,NA,77,1.11,2.13,1.59,0.48,112.5,18234.3,3.385144,22,3.417098667,2.417832,-2.449786667,A,NA
summer,endo,pre,B1EO3,NA,NA,88,1.13,2.46,1.72,0.59,125.4237288,19690.6,3.501648,22,3.417098667,2.417832,-2.333282667,A,NA
summer,endo,pre,B1EY1,NA,NA,86,1.09,2.74,1.63,0.54,205.5555556,29309.8,4.271184,22,3.417098667,2.417832,-1.563746667,A,NA
summer,endo,pre,B1EY2,NA,NA,67,1.11,2.35,1.57,0.46,169.5652174,14442.2,3.081776,22,3.417098667,2.417832,-2.753154667,A,NA
summer,endo,pre,B1EY3,NA,NA,90,1.11,3.2,1.85,0.74,182.4324324,2280,2.1088,22,3.417098667,2.417832,-3.726130667,A,NA
summer,endo,pre,G3EY3,NA,NA,40,1.11,4.59,2.39,1.28,171.875,8588.5,2.61348,28,3.417098667,2.417832,-3.221450667,A,NA
summer,endo,pre,H3EY1,NA,NA,18,1.07,1.93,1.48,0.41,109.7560976,12839.3,2.953544,23,3.417098667,2.417832,-2.881386667,A,NA
summer,endo,pre,B3EO2,NA,NA,78,1.15,2.05,1.55,0.4,125,12612.9,2.935432,22,3.417098667,2.417832,-2.899498667,A,NA
summer,endo,pre,B3EO3,NA,NA,72,1.11,1.84,1.47,0.36,102.7777778,7504.9,2.526792,22,3.417098667,2.417832,-3.308138667,A,darker
summer,endo,pre,B3EY1,NA,NA,73,1.09,2.34,1.52,0.43,190.6976744,8868.9,2.635912,22,3.417098667,2.417832,-3.199018667,A,NA
summer,endo,pre,B3EY2,NA,NA,74,1.1,3.98,2.07,0.97,196.9072165,12559.2,2.931136,22,3.417098667,2.417832,-2.903794667,A,NA
summer,endo,pre,B3EY3,NA,NA,75,1.09,2.03,1.42,0.33,184.8484848,13144.6,2.977968,22,3.417098667,2.417832,-2.856962667,A,darker
summer,endo,pre,H1EO3,NA,NA,9,1.09,2.34,1.75,0.66,89.39393939,11858.6,2.875088,23,3.417098667,2.417832,-2.959842667,A,NA
summer,endo,pre,H1EY1,NA,NA,5,1.09,3.91,2.08,0.99,184.8484848,2423.8,2.120304,23,3.417098667,2.417832,-3.714626667,A,NA
summer,endo,pre,H1EY2,NA,NA,11,1.08,6.55,3.08,2,173.5,11555.5,2.85084,23,3.417098667,2.417832,-2.984090667,A,NA
summer,endo,pre,H1EY3,NA,NA,12,1.08,5.12,2.59,1.51,167.5496689,11301.4,2.830512,23,3.417098667,2.417832,-3.004418667,A,NA
summer,endo,pre,G3EO2,NA,NA,55,1.14,3.12,2.05,0.91,117.5824176,14783.7,3.109096,28,3.417098667,2.417832,-2.725834667,A,NA
summer,endo,pre,H3EO1,NA,NA,2,1.09,4.01,2.63,1.54,89.61038961,28485.3,4.205224,23,3.417098667,2.417832,-1.629706667,A,NA
summer,endo,pre,G2EO1,NA,NA,54,1.13,3.56,2.24,1.11,118.9189189,13224.6,2.984368,28,3.417098667,2.417832,-2.850562667,A,NA
summer,endo,pre,G2EO2,NA,NA,43,1.09,3.33,2.28,1.19,88.23529412,11747,2.86616,28,3.417098667,2.417832,-2.968770667,A,NA
summer,endo,pre,H2EO1,NA,NA,3,1.07,2.72,1.93,0.86,91.86046512,19886.2,3.517296,23,3.417098667,2.417832,-2.317634667,A,NA
summer,endo,pre,H2EO2,NA,NA,4,1.07,3.05,2.1,1.03,92.23300971,23857.1,3.834968,23,3.417098667,2.417832,-1.999962667,A,NA
summer,endo,pre,H2EO3,NA,NA,15,1.08,3.07,2.13,1.05,89.52380952,11053.4,2.810672,23,3.417098667,2.417832,-3.024258667,A,NA
summer,endo,pre,H2EY1,NA,NA,6,1.05,3.43,1.94,0.89,167.4157303,10724.4,2.784352,23,3.417098667,2.417832,-3.050578667,A,NA
summer,endo,pre,H2EY2,NA,NA,10,1.09,4.1,2.3,1.21,148.7603306,10041.5,2.72972,23,3.417098667,2.417832,-3.105210667,A,NA
summer,endo,pre,H2EY3,NA,NA,1,1.11,4.12,2.29,1.18,155.0847458,16962.4,3.283392,23,3.417098667,2.417832,-2.551538667,A,NA
summer,endo,pre,G1EY2,NA,NA,46,1.09,4.92,2.51,1.42,169.7183099,11961.2,2.883296,28,3.417098667,2.417832,-2.951634667,A,NA
summer,endo,pre,B2EY2,NA,NA,66,1.1,2.98,1.7,0.6,213.3333333,12736.5,2.94532,22,3.417098667,2.417832,-2.889610667,A,NA
summer,endo,pre,G3EO1,NA,NA,35,1.11,3.06,2.1,0.99,96.96969697,14692.2,3.101776,28,3.417098667,2.417832,-2.733154667,A,NA
summer,endo,pre,B3EO1,NA,NA,79,1.09,2.63,1.81,0.72,113.8888889,10623.5,2.77628,22,3.417098667,2.417832,-3.058650667,A,NA
summer,endo,pre,G2EO3,NA,NA,36,1.37,3.06,2.2,0.83,103.6144578,57430.6,6.520848,28,3.417098667,2.417832,0.685917333,A,NA
summer,endo,pre,H3EO2,NA,NA,17,1.08,3.22,2.23,1.15,86.08695652,53712,6.22336,23,3.417098667,2.417832,0.388429333,A,NA
summer,endo,pre,H3EO3,NA,NA,32,1.1,2.72,1.95,0.85,90.58823529,54287.4,6.269392,23,3.417098667,2.417832,0.434461333,A,NA
summer,endo,pre,G1EO3,NA,NA,49,1.1,2.84,1.94,0.84,107.1428571,45659.5,5.57916,28,3.417098667,2.417832,-0.255770667,A,NA
summer,endo,pre,G1EY1,NA,NA,45,1.12,2.39,1.63,0.51,149.0196078,17516.3,3.327704,28,3.417098667,2.417832,-2.507226667,A,NA
summer,endo,pre,G1EO1,NA,NA,37,1.22,2.93,2.07,0.85,101.1764706,24497,3.88616,28,3.417098667,2.417832,-1.948770667,A,NA
summer,endo,pre,G1EO2,NA,NA,48,1.08,3.28,2.25,1.17,88.03418803,5891.9,2.397752,28,3.417098667,2.417832,-3.437178667,A,NA
summer,endo,pre,B2EY3,NA,NA,85,1.12,3.03,1.76,0.64,198.4375,8614.6,2.615568,22,3.417098667,2.417832,-3.219362667,A,NA
summer,endo,pre,G3EY2,NA,NA,34,1.16,3.02,1.87,0.71,161.971831,24559.3,3.891144,28,3.417098667,2.417832,-1.943786667,A,NA
summer,endo,pre,H1EO1,NA,NA,13,1.09,4.77,2.94,1.85,98.91891892,15183.8,3.141104,23,3.417098667,2.417832,-2.693826667,A,NA
summer,endo,pre,G1EY3,NA,NA,47,1.08,3.49,1.92,0.84,186.9047619,10596.2,2.774096,28,3.417098667,2.417832,-3.060834667,A,NA
summer,endo,pre,G3EY1,NA,NA,57,1.1,4.18,2.26,1.16,165.5172414,5059.8,2.331184,28,3.417098667,2.417832,-3.503746667,A,NA
summer,endo,pre,G2EY3,NA,NA,58,1.11,3.35,1.92,0.81,176.5432099,12192.9,2.901832,28,3.417098667,2.417832,-2.933098667,A,NA
summer,endo,pre,G3EO3,NA,NA,56,1.1,2.87,1.99,0.89,98.87640449,20905.3,3.598824,28,3.417098667,2.417832,-2.236106667,A,NA
summer,endo,pre,G2EY2,NA,NA,33,1.1,4.56,2.3,1.2,188.3333333,13799.3,3.030344,28,3.417098667,2.417832,-2.804586667,A,NA
summer,endo,pre,G2EY1,NA,NA,38,1.13,4.47,2.24,1.11,200.9009009,32332,4.51296,28,3.417098667,2.417832,-1.321970667,A,NA
summer,endo,pre,H1EO2,NA,NA,7,1.1,3.22,2.18,1.08,96.2962963,13385.9,2.997272,23,3.417098667,2.417832,-2.837658667,A,NA
summer,Lichen,pre,FirLopSo,SE,peca,137,1.11,2.44,2.44,1.33,0,27123.9,2.649212,20.25,1.7803192,2.417832,-1.5489392,A,NA
summer,Lichen,pre,FounEast,6,peca,129,1.12,1.7,1.68,0.56,3.571428571,8872.1,2.636168,20.75,1.7803192,2.417832,-1.5619832,A,NA
summer,Lichen,pre,FounEast,SW,peca,186,1.12,1.56,1.52,0.4,10,6084.5,2.41316,20.75,1.7803192,2.417832,-1.7849912,A,NA
summer,Lichen,pre,FirLopSo,9,clafri,104,1.11,2.91,2.91,1.8,0,7593.3,1.086764,20.25,1.7803192,2.417832,-3.1113872,A,NA
summer,rhizo,pre,H1R1,NA,NA,24,1.08,1.96,1.93,0.85,3.529411765,7014.9,2.487592,23,2.531861333,2.417832,-2.462101333,A,NA
summer,Moss,pre,FirLopSo,SE,poju,99,1.07,3.89,3.88,2.81,0.355871886,12693.3,1.494764,20.25,2.290516,2.417832,-3.213584,A,NA
summer,Soil,pre,FounEast,7,NA,194,1.08,7.82,7.03,5.95,13.27731092,21936.4,3.681312,20.75,2.2054008,2.417832,-0.9419208,A,NA
summer,Lichen,pre,FounEast,NW,peca,190,1.06,1.37,1.36,0.3,3.333333333,4978.7,2.324696,20.75,1.7803192,2.417832,-1.8734552,A,NA
summer,Moss,pre,FounEast,8,Pleuro,181,1.11,1.38,1.39,0.28,-3.571428571,5808.8,2.391104,20.75,2.290516,2.417832,-2.317244,A,NA
summer,Lichen,pre,FounEast,9,peca,187,1.06,1.96,1.94,0.88,2.272727273,12164.9,2.899592,20.75,1.7803192,2.417832,-1.2985592,A,NA
summer,Moss,pre,FounEast,NE,poju,178,1.14,1.58,2.83,1.69,-73.96449704,27839.9,4.153592,20.75,2.290516,2.417832,-0.554756,A,NA
summer,Litter,pre,FounEast,7,NA,154,1.13,1.85,1.82,0.69,4.347826087,1738.9,2.065512,20.75,2.104384,2.417832,-2.456704,A,NA
summer,Lichen,pre,FirLopSo,NW,peca,142,1.12,3.08,3.09,1.97,-0.507614213,3084969.2,247.276836,20.25,1.7803192,2.417832,243.0786848,A,NA
summer,Lichen,pre,FounEast,SE,peca,184,1.14,1.66,1.65,0.51,1.960784314,7938.8,2.561504,20.75,1.7803192,2.417832,-1.6366472,A,NA
summer,Litter,pre,FounEast,6,NA,152,1.11,1.76,1.74,0.63,3.174603175,10367.6,2.755808,20.75,2.104384,2.417832,-1.766408,A,NA
summer,Litter,pre,FounEast,SW,NA,155,1.13,2.27,2.21,1.08,5.555555556,6829.5,2.47276,20.75,2.104384,2.417832,-2.049456,A,sawdust
summer,Litter,pre,FirLopSo,SW,NA,124,1.1,2.57,2.58,1.48,-0.675675676,4985.8,0.878164,20.25,2.104384,2.417832,-3.644052,A,NA
summer,Soil,pre,FirLopSo,7,NA,118,1.1,9.41,9.21,8.11,2.466091245,11324.1,1.385228,20.25,2.2054008,2.417832,-3.2380048,A,NA
summer,Lichen,pre,FounEast,7,peca,196,1.11,1.46,1.45,0.34,2.941176471,5383,2.35704,20.75,1.7803192,2.417832,-1.8411112,A,NA
summer,Moss,pre,FounEast,SE,Pleuro,195,1.08,1.18,1.18,0.1,0,5038.3,2.329464,20.75,2.290516,2.417832,-2.378884,A,NA
summer,Lichen,pre,FounEast,8,peca,193,1.06,1.61,1.59,0.53,3.773584906,7872.8,2.556224,20.75,1.7803192,2.417832,-1.6419272,A,NA
summer,Soil,pre,FirLopSo,SE,NA,114,1.11,14,13.87,12.76,1.018808777,30483.5,2.91798,20.25,2.2054008,2.417832,-1.7052528,A,NA
summer,Lichen,pre,FirLopSo,7,peca,145,1.15,2.17,2.17,1.02,0,6369.4,0.988852,20.25,1.7803192,2.417832,-3.2092992,A,NA
summer,Moss,pre,FirLopSo,6,poju,144,1.13,2.4,2.4,1.27,0,7288.5,1.06238,20.25,2.290516,2.417832,-3.645968,A,NA
summer,rhizo,pre,G3R4,NA,NA,63,1.15,1.6,1.53,0.38,18.42105263,10186.6,2.741328,28,2.531861333,2.417832,-2.208365333,A,NA
summer,Lichen,pre,FirLopSo,8,clafri,100,1.11,2.36,2.37,1.26,-0.793650794,4927.9,0.873532,20.25,1.7803192,2.417832,-3.3246192,A,NA
summer,Wood,pre,FirLopSo,8,NA,162,1.1,3.12,3.15,2.05,-1.463414634,6423.4,0.993172,20.25,1.7075608,2.417832,-3.1322208,A,NA
summer,Lichen,pre,FirLopSo,NE,clafri,141,1.11,2.29,2.28,1.17,0.854700855,448726.9,36.377452,20.25,1.7803192,2.417832,32.1793008,A,NA
summer,Moss,pre,FounEast,NW,Pleuro,191,1.05,1.38,1.38,0.33,0,7846,2.55408,20.75,2.290516,2.417832,-2.154268,A,NA
summer,Lichen,pre,FirLopSo,SW,clafri,102,1.11,2.3,2.28,1.17,1.709401709,60454.5,5.31566,20.25,1.7803192,2.417832,1.1175088,A,NA
summer,Moss,pre,FirLopSo,7,poju,140,1.14,4.13,4.15,3.01,-0.664451827,7927.7,1.113516,20.25,2.290516,2.417832,-3.594832,A,NA
summer,Moss,pre,FirLopSo,NE,poju,103,1.13,3.96,3.95,2.82,0.354609929,16862.1,1.828268,20.25,2.290516,2.417832,-2.88008,A,NA
summer,Lichen,pre,FirLopSo,6,clafri,139,1.11,4.57,4.57,3.46,0,10818.8,1.344804,20.25,1.7803192,2.417832,-2.8533472,A,NA
summer,rhizo,pre,B3R4,NA,NA,71,1.14,3.04,2.69,1.55,22.58064516,43313.1,5.391448,22,2.531861333,2.417832,0.441754667,A,NA
summer,Wood,pre,FounEast,7,NA,173,1.12,3.42,2.4,1.28,79.6875,17440.9,3.321672,20.75,1.7075608,2.417832,-0.8037208,A,NA
summer,Wood,pre,FounEast,9,NA,170,1.12,2.54,2.5,1.38,2.898550725,7664.1,2.539528,20.75,1.7075608,2.417832,-1.5858648,A,NA
summer,Litter,pre,FirLopSo,7,NA,126,1.12,2.46,2.49,1.37,-2.189781022,7817.9,1.104732,20.25,2.104384,2.417832,-3.417484,A,NA
summer,Litter,pre,FirLopSo,NW,NA,123,1.11,2.46,2.47,1.36,-0.735294118,8191.5,1.13462,20.25,2.104384,2.417832,-3.387596,A,NA
summer,rhizo,pre,B2R2,NA,NA,106,1.13,2.19,2.15,1.02,3.921568627,12732.7,2.945016,22,2.531861333,2.417832,-2.004677333,A,NA
summer,Lichen,pre,FounEast,NE,peca,182,1.12,1.64,1.64,0.52,0,15691.6,3.181728,20.75,1.7803192,2.417832,-1.0164232,A,NA
summer,rhizo,pre,B1R3,NA,NA,107,1.11,2.07,2.06,0.95,1.052631579,9456.6,2.682928,22,2.531861333,2.417832,-2.266765333,A,NA
summer,Moss,pre,FirLopSo,SW,poju,146,1.14,6.02,6.02,4.88,0,20243.7,2.098796,20.25,2.290516,2.417832,-2.609552,A,NA
summer,Moss,pre,FounEast,7,pleuro,177,1.13,1.18,1.17,0.04,25,12027.5,2.8886,20.75,2.290516,2.417832,-1.819748,A,NA
summer,Moss,pre,FirLopSo,8,poju,105,1.11,4.31,4.31,3.2,0,2028.2,0.641556,20.25,2.290516,2.417832,-4.066792,A,NA
summer,rhizo,pre,H2R1,NA,NA,26,1.1,3.22,3.11,2.01,5.472636816,10446.7,2.762136,23,2.531861333,2.417832,-2.187557333,A,NA
summer,rhizo,pre,G1R1,NA,NA,50,1.09,1.62,1.61,0.52,1.923076923,9211.9,2.663352,28,2.531861333,2.417832,-2.286341333,A,NA
summer,Litter,pre,FounEast,8,NA,130,1.14,2.3,2.26,1.12,3.571428571,7868.1,2.555848,20.75,2.104384,2.417832,-1.966368,A,NA
summer,rhizo,pre,G1R3,NA,NA,52,1.11,2.84,2.46,1.35,28.14814815,4610.4,2.295232,28,2.531861333,2.417832,-2.654461333,A,NA
summer,rhizo,pre,B2R3,NA,NA,108,1.09,2.24,2.19,1.1,4.545454545,7418.3,2.519864,22,2.531861333,2.417832,-2.429829333,A,NA
summer,Moss,pre,FounEast,6,Pleuro,192,1.06,1.68,1.64,0.58,6.896551724,6705.1,2.462808,20.75,2.290516,2.417832,-2.24554,A,NA
summer,rhizo,pre,B1R2,NA,NA,69,1.1,2.04,2.01,0.91,3.296703297,10554,2.77072,22,2.531861333,2.417832,-2.178973333,A,NA
summer,Wood,pre,FirLopSo,9,NA,160,1.14,3.44,3.44,2.3,0,6752.2,1.019476,20.25,1.7075608,2.417832,-3.1059168,A,NA
summer,rhizo,pre,B1R4,NA,NA,68,1.11,2.43,2.41,1.3,1.538461538,20203.6,3.542688,22,2.531861333,2.417832,-1.407005333,A,NA
summer,Litter,pre,FounEast,NE,NA,180,1.12,1.76,1.75,0.63,1.587301587,6047.3,2.410184,20.75,2.104384,2.417832,-2.112032,A,NA
summer,rhizo,pre,H3R1,NA,NA,30,1.1,2.34,2.29,1.19,4.201680672,11409.8,2.839184,23,2.531861333,2.417832,-2.110509333,A,NA
summer,rhizo,pre,H3R2,NA,NA,22,1.1,1.5,1.19,0.09,344.4444444,8427.1,2.600568,23,2.531861333,2.417832,-2.349125333,A,NA
summer,rhizo,pre,G2R1,NA,NA,44,1.09,1.46,1.43,0.34,8.823529412,14728.1,3.104648,28,2.531861333,2.417832,-1.845045333,A,NA
summer,rhizo,pre,H2R2,NA,NA,31,1.1,1.71,1.68,0.58,5.172413793,8895.5,2.63804,23,2.531861333,2.417832,-2.311653333,A,NA
summer,rhizo,pre,G2R4,NA,NA,42,1.12,2.32,2.11,0.99,21.21212121,12651.4,2.938512,28,2.531861333,2.417832,-2.011181333,A,NA
summer,Wood,pre,FirLopSo,SE,NA,163,1.13,2.42,2.45,1.32,-2.272727273,10153.8,1.291604,20.25,1.7075608,2.417832,-2.8337888,A,NA
summer,Wood,pre,FirLopSo,NW,NA,158,1.14,2.82,2.86,1.72,-2.325581395,5956.8,0.955844,20.25,1.7075608,2.417832,-3.1695488,A,NA
summer,rhizo,pre,G1R4,NA,NA,53,1.14,2.2,2.03,0.89,19.1011236,13297.8,2.990224,28,2.531861333,2.417832,-1.959469333,A,NA
summer,Wood,pre,FounEast,NW,NA,175,1.12,2.23,2.19,1.07,3.738317757,9852.2,2.714576,20.75,1.7075608,2.417832,-1.4108168,A,NA
summer,Wood,pre,FounEast,NE,NA,135,1.12,2.06,2.05,0.93,1.075268817,4215.3,2.263624,20.75,1.7075608,2.417832,-1.8617688,A,NA
summer,Soil,pre,FirLopSo,8,NA,116,1.07,10.12,10.07,9,0.555555556,4540.6,0.842548,20.25,2.2054008,2.417832,-3.7806848,A,NA
summer,rhizo,pre,G3R1,NA,NA,60,1.14,1.91,1.76,0.62,24.19354839,15574.9,3.172392,28,2.531861333,2.417832,-1.777301333,A,NA
summer,rhizo,pre,G3R2,NA,NA,61,1.15,1.88,1.69,0.54,35.18518519,9482.7,2.685016,28,2.531861333,2.417832,-2.264677333,A,NA
summer,Litter,pre,FounEast,NW,NA,153,1.12,1.8,1.77,0.65,4.615384615,11745.5,2.86604,20.75,2.104384,2.417832,-1.656176,A,NA
summer,Wood,pre,FounEast,6,NA,136,1.14,3.54,3.4,2.26,6.194690265,0,1.9264,20.75,1.7075608,2.417832,-2.1989928,A,NA
summer,Litter,pre,FounEast,9,NA,150,1.15,2.17,2.13,0.98,4.081632653,11753.6,2.866688,20.75,2.104384,2.417832,-1.655528,A,NA
summer,Litter,pre,FirLopSo,8,NA,125,1.11,2.39,2.43,1.32,-3.03030303,7439.4,1.074452,20.25,2.104384,2.417832,-3.447764,A,NA
summer,rhizo,pre,B3R1,NA,NA,70,1.12,2.22,2.19,1.07,2.803738318,6776,2.46848,22,2.531861333,2.417832,-2.481213333,A,NA
summer,rhizo,pre,B3R3,NA,NA,83,1.1,2.78,2.67,1.57,7.006369427,12979.9,2.964792,22,2.531861333,2.417832,-1.984901333,A,darker
summer,Moss,pre,FirLopSo,9,poju,143,1.11,3.87,3.87,2.76,0,5436.8,0.914244,20.25,2.290516,2.417832,-3.794104,A,NA
summer,Soil,pre,FirLopSo,9,NA,115,1.1,11.97,11.73,10.63,2.257761054,13801.1,1.583388,20.25,2.2054008,2.417832,-3.0398448,A,NA
summer,Wood,pre,FirLopSo,7,NA,164,1.11,3.24,3.24,2.13,0,9193.6,1.214788,20.25,1.7075608,2.417832,-2.9106048,A,NA
summer,Litter,pre,FirLopSo,6,NA,127,1.11,1.94,1.97,0.86,-3.488372093,11067.4,1.364692,20.25,2.104384,2.417832,-3.157524,A,NA
summer,Litter,pre,FounEast,9,NA,128,1.1,2.45,2.48,1.38,-2.173913043,11753.6,2.866688,20.75,2.104384,2.417832,-1.655528,A,NA
summer,Soil,pre,FirLopSo,6,NA,113,1.09,11.99,11.94,10.85,0.460829493,23132.6,2.329908,20.25,2.2054008,2.417832,-2.2933248,A,NA
summer,rhizo,pre,H1R2,NA,NA,29,1.12,1.65,1.64,0.52,1.923076923,7576.6,2.532528,23,2.531861333,2.417832,-2.417165333,A,NA
summer,Soil,pre,FounEast,SW,NA,131,1.11,5.44,5.03,3.92,10.45918367,8064.8,2.571584,20.75,2.2054008,2.417832,-2.0516488,A,NA
summer,rhizo,pre,B2R1,NA,NA,81,1.24,2.33,2.3,1.06,2.830188679,14669.9,3.099992,22,2.531861333,2.417832,-1.849701333,A,NA
summer,Litter,pre,FirLopSo,NE,NA,122,1.11,2.52,2.55,1.44,-2.083333333,5597.5,0.9271,20.25,2.104384,2.417832,-3.595116,A,NA
summer,Litter,pre,FounEast,SE,NA,120,1.11,3.02,3.04,1.93,-1.03626943,5524.6,2.368368,20.75,2.104384,2.417832,-2.153848,A,NA
summer,rhizo,pre,H3R4,NA,NA,16,1.09,1.79,1.77,0.68,2.941176471,25179,3.94072,23,2.531861333,2.417832,-1.008973333,A,NA
summer,Soil,pre,FounEast,NE,NA,134,1.12,8.38,7.99,6.87,5.676855895,15683.8,3.181104,20.75,2.2054008,2.417832,-1.4421288,A,NA
summer,Litter,pre,FounEast,SE,NA,151,1.11,2.02,1.97,0.86,5.813953488,5524.6,2.368368,20.75,2.104384,2.417832,-2.153848,A,NA
summer,rhizo,pre,G1R2,NA,NA,51,1.09,1.65,1.63,0.54,3.703703704,10314.3,2.751544,28,2.531861333,2.417832,-2.198149333,A,NA
summer,Soil,pre,FounEast,8,NA,179,1.1,7.42,7.07,5.97,5.862646566,15489.2,3.165536,20.75,2.2054008,2.417832,-1.4576968,A,NA
summer,rhizo,pre,H1R3,NA,NA,23,1.08,1.75,1.69,0.61,9.836065574,12386.6,2.917328,23,2.531861333,2.417832,-2.032365333,A,NA
summer,Soil,pre,FounEast,SE,NA,174,1.14,9.29,7.82,6.68,22.00598802,3348.7,2.194296,20.75,2.2054008,2.417832,-2.4289368,A,NA
summer,rhizo,pre,B2R4,NA,NA,109,1.12,1.8,NA,NA,NA,14337,3.07336,22,2.531861333,2.417832,-1.876333333,A,NA
summer,rhizo,pre,B1R1,NA,NA,110,1.1,1.75,1.73,0.63,3.174603175,13331.7,2.992936,22,2.531861333,2.417832,-1.956757333,A,NA
summer,Soil,pre,FounEast,NW,NA,133,1.14,7.4,6.83,5.69,10.01757469,20233.5,3.54508,20.75,2.2054008,2.417832,-1.0781528,A,NA
summer,rhizo,pre,G3R3,NA,NA,62,1.14,1.78,1.75,0.61,4.918032787,10661.3,2.779304,28,2.531861333,2.417832,-2.170389333,A,NA
summer,Wood,pre,FirLopSo,SW,NA,161,1.12,2.54,2.55,1.43,-0.699300699,12024.5,1.44126,20.25,1.7075608,2.417832,-2.6841328,A,NA
summer,Wood,pre,FounEast,SE,NA,176,1.13,2.28,2.25,1.12,2.678571429,6225.6,2.424448,20.75,1.7075608,2.417832,-1.7009448,A,NA
summer,rhizo,pre,G2R3,NA,NA,41,1.19,1.99,1.93,0.74,8.108108108,14031.7,3.048936,28,2.531861333,2.417832,-1.900757333,A,NA
summer,rhizo,pre,G2R2,NA,NA,39,1.13,1.45,1.35,0.22,45.45454545,11352.1,2.834568,28,2.531861333,2.417832,-2.115125333,A,NA
summer,Soil,pre,FounEast,9,NA,188,1.04,10.26,10.1,9.06,1.766004415,8552.4,2.610592,20.75,2.2054008,2.417832,-2.0126408,A,NA
summer,rhizo,pre,H2R4,NA,NA,28,1.09,2.89,2.78,1.69,6.50887574,0,1.9264,23,2.531861333,2.417832,-3.023293333,A,NA
summer,Soil,pre,FirLopSo,SW,NA,112,1.09,10.17,9.96,8.87,2.367531003,34859.8,3.268084,20.25,2.2054008,2.417832,-1.3551488,A,NA
summer,rhizo,pre,H2R3,NA,NA,27,1.09,2.18,2.12,1.03,5.825242718,9311.2,2.671296,23,2.531861333,2.417832,-2.278397333,A,NA
summer,rhizo,pre,H1R4,NA,NA,20,1.09,1.91,1.85,0.76,7.894736842,11739.6,2.865568,23,2.531861333,2.417832,-2.084125333,A,NA
summer,rhizo,pre,B3R2,NA,NA,82,1.11,2.17,2.15,1.04,1.923076923,11234.8,2.825184,22,2.531861333,2.417832,-2.124509333,A,darker
summer,Moss,pre,FirLopSo,NW,poju,138,1.1,2.73,2.71,1.61,1.242236025,7310.2,1.064116,20.25,2.290516,2.417832,-3.644232,A,NA
summer,Soil,pre,FirLopSo,NE,NA,119,1.1,9.47,9.23,8.13,2.95202952,6008.1,0.959948,20.25,2.2054008,2.417832,-3.6632848,A,NA
summer,rhizo,pre,H3R3,NA,NA,25,1.1,2.49,2.37,1.27,9.448818898,7307.7,2.511016,23,2.531861333,2.417832,-2.438677333,A,NA
summer,Wood,pre,FirLopSo,NE,NA,156,1.13,3.21,3.22,2.09,-0.4784689,8373.7,1.149196,20.25,1.7075608,2.417832,-2.9761968,A,NA
summer,Wood,pre,FounEast,8,NA,171,1.11,1.98,1.96,0.85,2.352941176,6258.9,2.427112,20.75,1.7075608,2.417832,-1.6982808,A,NA
summer,Soil,pre,FounEast,6,NA,185,1.15,9.09,8.58,7.43,6.864064603,16408.3,3.239064,20.75,2.2054008,2.417832,-1.3841688,A,chunky
summer,Wood,pre,FirLopSo,6,NA,159,1.13,3.16,3.2,2.07,-1.93236715,7570.5,1.08494,20.25,1.7075608,2.417832,-3.0404528,A,NA
summer,Soil,pre,FirLopSo,NW,NA,117,1.08,14.81,14.72,13.64,0.659824047,6008.1,0.959948,20.25,2.2054008,2.417832,-3.6632848,A,NA
summer,Lichen,pre,GravPit,8,clafri,265,1.07,2.47,2.45,1.38,1.449275362,10318.7,2.751896,20,1.7803192,2.93952,-1.9679432,B,NA
summer,Wood,pre,BiscBas,9,NA,226,1.06,3.03,3.03,1.97,0,4708.8,2.303104,20.75,1.7075608,2.93952,-2.3439768,B,NA
summer,Lichen,pre,BiscBas,NE,peca,211,1.07,1.61,1.62,0.55,-1.818181818,14041.2,3.049696,20.75,1.7803192,2.93952,-1.6701432,B,NA
summer,Moss,pre,BiscBas,SE,Pleuro,218,1.06,5.16,5.16,4.1,0,44278.1,5.468648,20.75,2.290516,2.93952,0.238612,B,NA
summer,Lichen,pre,GibFalls,7,clacar,208,1.07,2.85,2.86,1.79,-0.558659218,18737,3.42536,21.25,1.7803192,2.93952,-1.2944792,B,NA
summer,Lichen,pre,GravPit,NW,clafri,341,1.03,2.53,2.54,1.51,-0.662251656,13953.2,3.042656,20,1.7803192,2.93952,-1.6771832,B,NA
summer,Lichen,pre,GravPit,SE,clacar,343,1.07,2.54,2.52,1.45,1.379310345,3653.7,2.218696,20,1.7803192,2.93952,-2.5011432,B,Oe
summer,Lichen,pre,BiscBas,SW,clafri,213,1.08,3.7,3.69,2.61,0.383141762,11437.2,2.841376,20.75,1.7803192,2.93952,-1.8784632,B,NA
summer,Wood,pre,BiscBas,6,NA,272,1.06,3.04,3.05,1.99,-0.502512563,7637.7,2.537416,20.75,1.7075608,2.93952,-2.1096648,B,NA
summer,Litter,pre,GibFalls,SW,NA,287,1.07,2.1,2.08,1.01,1.98019802,8671.4,2.620112,21.25,2.104384,2.93952,-2.423792,B,NA
summer,Lichen,pre,BiscBas,8,peca,201,1.07,2.91,2.91,1.84,0,40271.5,5.14812,20.75,1.7803192,2.93952,0.4282808,B,NA
summer,Lichen,pre,GravPit,9,peca,344,1.08,1.65,1.64,0.56,1.785714286,1489.9,2.045592,20,1.7803192,2.93952,-2.6742472,B,NA
summer,Lichen,pre,BiscBas,NW,clafri,205,1.04,2.47,2.47,1.43,0,1897.9,2.078232,20.75,1.7803192,2.93952,-2.6416072,B,NA
summer,Lichen,pre,GravPit,NE,Peca,254,1.07,3.62,3.61,2.54,0.393700787,66607.1,7.254968,20,1.7803192,2.93952,2.5351288,B,NA
summer,Lichen,pre,BiscBas,7,clafri,198,1.06,2.07,2.09,1.03,-1.941747573,17456.3,3.322904,20.75,1.7803192,2.93952,-1.3969352,B,darker
summer,Litter,pre,GibFalls,NW,NA,166,1.09,2.08,2.1,1.01,-1.98019802,10983.4,2.805072,21.25,2.104384,2.93952,-2.238832,B,NA
summer,Soil,pre,GibFalls,NE,NA,334,1.08,10.78,10.56,9.48,2.320675105,9668.2,2.699856,21.25,2.2054008,2.93952,-2.4450648,B,NA
summer,Lichen,pre,GibFalls,SE,clafri,206,1.07,2.98,2.99,1.92,-0.520833333,4858.2,2.315056,21.25,1.7803192,2.93952,-2.4047832,B,NA
summer,Moss,pre,GravPit,9,pleuro,309,1.05,2.13,2.13,1.08,0,4169.4,2.259952,20,2.290516,2.93952,-2.970084,B,NA
summer,Soil,pre,GravPit,8,NA,264,1.06,11.67,11.54,10.48,1.240458015,11544.1,2.849928,20,2.2054008,2.93952,-2.2949928,B,NA
summer,Litter,pre,GibFalls,SE,NA,289,1.05,3.13,3.1,2.05,1.463414634,8456.2,2.602896,21.25,2.104384,2.93952,-2.441008,B,NA
summer,Soil,pre,GravPit,9,NA,320,1.05,4.06,3.95,2.9,3.793103448,21172.4,3.620192,20,2.2054008,2.93952,-1.5247288,B,NA
summer,Lichen,pre,GravPit,6,clafri,258,1.04,2.2,2.19,1.15,0.869565217,11119.9,2.815992,20,1.7803192,2.93952,-1.9038472,B,NA
summer,Lichen,pre,BiscBas,6,peca,204,1.06,2.27,2.264,1.204,0.49833887,10797.5,2.7902,20.75,1.7803192,2.93952,-1.9296392,B,NA
summer,Wood,pre,BiscBas,8,NA,227,1.07,2.71,2.665,1.595,2.821316614,10298.1,2.750248,20.75,1.7075608,2.93952,-1.8968328,B,darker
summer,Lichen,pre,GravPit,6,clafri,348,1.06,2.48,2.47,1.41,0.709219858,11119.9,2.815992,20,1.7803192,2.93952,-1.9038472,B,NA
summer,Soil,pre,GravPit,6,NA,308,1.06,6.57,6.49,5.43,1.473296501,8684.2,2.621136,20,2.2054008,2.93952,-2.5237848,B,NA
summer,Moss,pre,GravPit,NE,poju,313,1.07,2.38,2.38,1.31,0,9778.7,2.708696,20,2.290516,2.93952,-2.52134,B,NA
summer,Lichen,pre,GravPit,8,clafri,265,1.07,2.47,2.45,1.38,1.449275362,9684.2,2.701136,20,1.7803192,2.93952,-2.0187032,B,NA
summer,Litter,pre,GibFalls,NW,NA,166,1.09,2.08,2.1,1.01,-1.98019802,10290.2,2.749616,21.25,2.104384,2.93952,-2.294288,B,NA
summer,Moss,pre,GibFalls,NE,Pleuro,270,1.08,2.02,2.02,0.94,0,37734.6,4.945168,21.25,2.290516,2.93952,-0.284868,B,NA
summer,Wood,pre,BiscBas,SE,NA,247,1.06,2.8,2.75,1.69,2.958579882,13476.2,3.004496,20.75,1.7075608,2.93952,-1.6425848,B,NA
summer,Moss,pre,GibFalls,NW,Pleuro,245,1.08,4.48,4.47,3.39,0.294985251,12645,2.938,21.25,2.290516,2.93952,-2.292036,B,NA
summer,Moss,pre,BiscBas,NW,poju,217,1.08,3.32,3.32,2.24,0,31584,4.45312,20.75,2.290516,2.93952,-0.776916,B,NA
summer,Moss,pre,GravPit,7,poju,311,1.03,4.82,4.82,3.79,0,8428.2,2.600656,20,2.290516,2.93952,-2.62938,B,NA
summer,Moss,pre,BiscBas,NE,pleuro,220,1.05,2.8,2.8,1.75,0,66121,7.21608,20.75,2.290516,2.93952,1.986044,B,NA
summer,Lichen,pre,GibFalls,SW,clacar,209,1.05,2.3,2.29,1.24,0.806451613,8318.2,2.591856,21.25,1.7803192,2.93952,-2.1279832,B,NA
summer,Moss,pre,GibFalls,SE,Pleuro,248,1.03,3.04,3.026,1.996,0.701402806,9709,2.70312,21.25,2.290516,2.93952,-2.526916,B,NA
summer,Litter,pre,BiscBas,SW,NA,296,1.06,2.13,2.13,1.07,0,10687.8,2.781424,20.75,2.104384,2.93952,-2.26248,B,NA
summer,Litter,pre,BiscBas,9,NA,297,1.07,2.24,2.24,1.17,0,26698.9,4.062312,20.75,2.104384,2.93952,-0.981592,B,NA
summer,Litter,pre,GravPit,8,NA,271,1.06,2.39,2.38,1.32,0.757575758,12124.9,2.896392,20,2.104384,2.93952,-2.147512,B,NA
summer,Moss,pre,GravPit,8,poju,316,1.05,2.54,2.53,1.48,0.675675676,5734.5,2.38516,20,2.290516,2.93952,-2.844876,B,NA
summer,Lichen,pre,BiscBas,SE,clafri,212,1.08,2.66,2.64,1.56,1.282051282,13342.3,2.993784,20.75,1.7803192,2.93952,-1.7260552,B,NA
summer,Moss,pre,BiscBas,7,poju,210,1.08,3.91,3.91,2.83,0,11404.2,2.838736,20.75,2.290516,2.93952,-2.3913,B,NA
summer,Moss,pre,BiscBas,SW,poju,223,1.05,3.85,3.85,2.8,0,36545.9,4.850072,20.75,2.290516,2.93952,-0.379964,B,NA
summer,Moss,pre,BiscBas,8,poju,219,1.06,3.36,3.36,2.3,0,5896.5,2.39812,20.75,2.290516,2.93952,-2.831916,B,darker
summer,Moss,pre,GravPit,SE,poju,315,1.08,2.2,2.19,1.11,0.900900901,8278.8,2.588704,20,2.290516,2.93952,-2.641332,B,NA
summer,Moss,pre,BiscBas,9,poju,214,1.05,3,2.99,1.94,0.515463918,5171.4,2.340112,20.75,2.290516,2.93952,-2.889924,B,darker
summer,Soil,pre,BiscBas,7,NA,333,1.05,10.52,10.41,9.36,1.175213675,4135.4,2.257232,20.75,2.2054008,2.93952,-2.8876888,B,NA
summer,Lichen,pre,GravPit,7,clacar,349,1.04,1.98,1.97,0.93,1.075268817,12298.4,2.910272,20,1.7803192,2.93952,-1.8095672,B,NA
summer,Soil,pre,GibFalls,8,NA,263,1.09,9.3,9.23,8.14,0.85995086,5946.7,2.402136,21.25,2.2054008,2.93952,-2.7427848,B,NA
summer,Soil,pre,BiscBas,NE,NA,351,1.06,8.59,8.34,7.28,3.434065934,10209.7,2.743176,20.75,2.2054008,2.93952,-2.4017448,B,NA
summer,Litter,pre,GravPit,NW,NA,259,1.05,1.96,1.95,0.9,1.111111111,9965.3,2.723624,20,2.104384,2.93952,-2.32028,B,NA
summer,Litter,pre,GravPit,SW,NA,253,1.04,1.89,1.89,0.85,0,5418.9,2.359912,20,2.104384,2.93952,-2.683992,B,NA
summer,Litter,pre,GibFalls,8,NA,285,1.06,2.12,2.11,1.05,0.952380952,9495.7,2.686056,21.25,2.104384,2.93952,-2.357848,B,NA
summer,Moss,pre,BiscBas,6,poju,222,1.06,4.17,4.17,3.11,0,6330.3,2.432824,20.75,2.290516,2.93952,-2.797212,B,NA
summer,Soil,pre,BiscBas,SW,NA,326,1.07,14.52,14.24,13.17,2.126044039,17986,3.36528,20.75,2.2054008,2.93952,-1.7796408,B,darker
summer,Lichen,pre,GibFalls,8,clacar,207,1.05,2.99,3.02,1.97,-1.52284264,9203.2,2.662656,21.25,1.7803192,2.93952,-2.0571832,B,NA
summer,Soil,pre,BiscBas,8,NA,327,1.04,9.2,9.11,8.07,1.115241636,11388.9,2.837512,20.75,2.2054008,2.93952,-2.3074088,B,NA
summer,Wood,pre,BiscBas,7,NA,235,1.07,3.61,3.59,2.52,0.793650794,9418.6,2.679888,20.75,1.7075608,2.93952,-1.9671928,B,NA
summer,Wood,pre,GravPit,8,NA,317,1.04,2.35,2.33,1.29,1.550387597,5890.4,2.397632,20,1.7075608,2.93952,-2.2494488,B,NA
summer,Wood,pre,GravPit,7,NA,304,1.09,2.66,2.63,1.54,1.948051948,11691.2,2.861696,20,1.7075608,2.93952,-1.7853848,B,NA
summer,Soil,pre,BiscBas,SE,NA,330,1.09,6.74,6.5,5.41,4.436229205,8068.3,2.571864,20.75,2.2054008,2.93952,-2.5730568,B,NA
summer,Soil,pre,GibFalls,NW,NA,339,1.06,16.03,15.89,14.83,0.944032367,18513.7,3.407496,21.25,2.2054008,2.93952,-1.7374248,B,NA
summer,Wood,pre,GibFalls,NW,NA,231,1.08,2.72,2.73,1.65,-0.606060606,26840.8,4.073664,21.25,1.7075608,2.93952,-0.5734168,B,NA
summer,Litter,pre,GibFalls,NW,NA,279,1.04,2.24,1.83,0.79,51.89873418,10983.4,2.805072,21.25,2.104384,2.93952,-2.238832,B,NA
summer,Litter,pre,GibFalls,NW,NA,279,1.04,2.24,1.83,0.79,51.89873418,10290.2,2.749616,21.25,2.104384,2.93952,-2.294288,B,Oi
summer,Lichen,pre,GibFalls,6,peca,301,1.07,2.03,2.02,0.95,1.052631579,6260.8,2.427264,21.25,1.7803192,2.93952,-2.2925752,B,NA
summer,Soil,pre,GibFalls,6,NA,336,1.05,10.41,10.21,9.16,2.183406114,1466.4,2.043712,21.25,2.2054008,2.93952,-3.1012088,B,NA
summer,Litter,pre,BiscBas,7,NA,165,1.12,2.51,2.55,1.43,-2.797202797,9836.2,2.713296,20.75,2.104384,2.93952,-2.330608,B,NA
summer,Litter,pre,BiscBas,8,NA,295,1.06,2.11,2.13,1.07,-1.869158879,8760.5,2.62724,20.75,2.104384,2.93952,-2.416664,B,NA
summer,Litter,pre,GibFalls,7,NA,291,1.08,2.42,2.37,1.29,3.875968992,4068.9,2.251912,21.25,2.104384,2.93952,-2.791992,B,NA
summer,Litter,pre,GravPit,SE,NA,310,1.06,2.11,2.09,1.03,1.941747573,9172,2.66016,20,2.104384,2.93952,-2.383744,B,NA
summer,Litter,pre,BiscBas,NW,NA,300,1.05,2.32,2.354,1.304,-2.607361963,10290.2,2.749616,20.75,2.104384,2.93952,-2.294288,B,NA
summer,Litter,pre,GravPit,9,NA,347,1.05,2.1,2.08,1.03,1.941747573,4030.1,2.248808,20,2.104384,2.93952,-2.795096,B,NA
summer,Wood,pre,GravPit,NE,NA,307,1.06,2.38,2.4,1.34,-1.492537313,10251.8,2.746544,20,1.7075608,2.93952,-1.9005368,B,NA
summer,Litter,pre,GibFalls,SW,NA,287,1.07,2.1,2.08,1.01,1.98019802,10687.8,2.781424,21.25,2.104384,2.93952,-2.26248,B,NA
summer,Moss,pre,GravPit,SW,poju,319,1.05,1.55,1.56,0.51,-1.960784314,215187.1,19.141368,20,2.290516,2.93952,13.911332,B,NA
summer,Wood,pre,BiscBas,SW,NA,228,1.05,3.02,2.805,1.755,12.25071225,7137.4,2.497392,20.75,1.7075608,2.93952,-2.1496888,B,NA
summer,Wood,pre,GibFalls,SW,NA,277,1.08,2.58,2.57,1.49,0.67114094,7641.4,2.537712,21.25,1.7075608,2.93952,-2.1093688,B,NA
summer,Wood,pre,GravPit,6,NA,305,1.08,2.11,2.09,1.01,1.98019802,13466.7,3.003736,20,1.7075608,2.93952,-1.6433448,B,NA
summer,Litter,pre,GravPit,NW,NA,318,1.05,2.2,2.18,1.13,1.769911504,9965.3,2.723624,20,2.104384,2.93952,-2.32028,B,NA
summer,Litter,pre,GravPit,7,NA,345,1.05,2.48,2.45,1.4,2.142857143,4341.9,2.273752,20,2.104384,2.93952,-2.770152,B,NA
summer,Litter,pre,BiscBas,SE,NA,293,1.06,2.62,2.6,1.54,1.298701299,3699.7,2.222376,20.75,2.104384,2.93952,-2.821528,B,NA
summer,Wood,pre,GibFalls,8,NA,232,1.06,2.35,2.35,1.29,0,7780.6,2.548848,21.25,1.7075608,2.93952,-2.0982328,B,NA
summer,Wood,pre,GravPit,9,NA,255,1.06,2.74,2.74,1.68,0,1588.8,2.053504,20,1.7075608,2.93952,-2.5935768,B,NA
summer,Litter,pre,BiscBas,6,NA,299,1.06,2.41,2.4,1.34,0.746268657,9649.3,2.698344,20.75,2.104384,2.93952,-2.34556,B,NA
summer,Litter,pre,GibFalls,6,NA,288,1.06,9.55,9.4,8.34,1.798561151,9649.3,2.698344,21.25,2.104384,2.93952,-2.34556,B,NA
summer,Moss,pre,GibFalls,6,Pleuro,250,1.05,1.72,1.7,0.65,3.076923077,8522.9,2.608232,21.25,2.290516,2.93952,-2.621804,B,NA
summer,Lichen,pre,GravPit,SW,peca,350,1.05,2.06,2.06,1.01,0,11387.5,2.8374,20,1.7803192,2.93952,-1.8824392,B,NA
summer,Litter,pre,BiscBas,NE,NA,302,1.07,2.69,2.66,1.59,1.886792453,9873,2.71624,20.75,2.104384,2.93952,-2.327664,B,NA
summer,Wood,pre,GibFalls,9,NA,230,1.08,1.77,1.76,0.68,1.470588235,9034.3,2.649144,21.25,1.7075608,2.93952,-1.9979368,B,NA
summer,Wood,pre,BiscBas,NW,NA,233,1.08,3.12,3.13,2.05,-0.487804878,12788,2.94944,20.75,1.7075608,2.93952,-1.6976408,B,NA
summer,Wood,pre,BiscBas,NE,NA,275,1.07,2.86,2.87,1.8,-0.555555556,9860,2.7152,20.75,1.7075608,2.93952,-1.9318808,B,NA
summer,Moss,pre,GibFalls,SW,pleuro,224,1.06,2.02,1.99,0.93,3.225806452,472571.1,39.732088,21.25,2.290516,2.93952,34.502052,B,NA
summer,Wood,pre,GibFalls,7,NA,239,1.04,2.6,2.62,1.58,-1.265822785,19562.8,3.491424,21.25,1.7075608,2.93952,-1.1556568,B,NA
summer,Litter,pre,GibFalls,9,NA,294,1.07,3.22,3.23,2.16,-0.462962963,26698.9,4.062312,21.25,2.104384,2.93952,-0.981592,B,NA
summer,Litter,pre,GibFalls,9,NA,294,1.07,3.22,3.23,2.16,-0.462962963,8318.5,2.59188,21.25,2.104384,2.93952,-2.452024,B,Oe
summer,Litter,pre,GibFalls,SE,NA,289,1.05,3.13,3.1,2.05,1.463414634,3699.7,2.222376,21.25,2.104384,2.93952,-2.821528,B,NA
summer,Lichen,pre,BiscBas,9,clafri,202,1.06,2.38,2.38,1.32,0,8161.5,2.57932,20.75,1.7803192,2.93952,-2.1405192,B,NA
summer,Soil,pre,BiscBas,NW,NA,NA,NA,NA,NA,0,NA,11461.6,2.843328,20.75,2.2054008,2.93952,-2.3015928,B,NA
summer,Soil,pre,BiscBas,6,NA,324,1.07,7.5,7.37,6.3,2.063492063,11952.7,2.882616,20.75,2.2054008,2.93952,-2.2623048,B,NA
summer,Litter,pre,GibFalls,7,NA,291,1.08,2.42,2.37,1.29,3.875968992,9836.2,2.713296,21.25,2.104384,2.93952,-2.330608,B,NA
summer,Litter,pre,GravPit,6,NA,312,1.05,2,1.99,0.94,1.063829787,3680.2,2.220816,20,2.104384,2.93952,-2.823088,B,NA
summer,Wood,pre,GravPit,SW,NA,322,1.08,2.68,2.67,1.59,0.628930818,9073.8,2.652304,20,1.7075608,2.93952,-1.9947768,B,NA
summer,Litter,pre,GibFalls,NE,NA,286,1.07,2.35,2.34,1.27,0.787401575,4354.6,2.274768,21.25,2.104384,2.93952,-2.769136,B,NA
summer,Litter,pre,GibFalls,NE,NA,286,1.07,2.35,2.34,1.27,0.787401575,9873,2.71624,21.25,2.104384,2.93952,-2.327664,B,NA
summer,Wood,pre,GibFalls,SE,NA,266,1.06,2.04,2.04,0.98,0,7965.5,2.56364,21.25,1.7075608,2.93952,-2.0834408,B,NA
summer,Lichen,pre,GibFalls,NE,peca,199,1.09,2.95,2.94,1.85,0.540540541,3353.6,2.194688,21.25,1.7803192,2.93952,-2.5251512,B,Oe
summer,Soil,pre,GravPit,7,NA,346,1.03,8.4,8.22,7.19,2.503477051,8837,2.63336,20,2.2054008,2.93952,-2.5115608,B,NA
summer,Moss,pre,GravPit,6,poju,314,1.07,4.13,4.12,3.05,0.327868852,8427.9,2.600632,20,2.290516,2.93952,-2.629404,B,NA
summer,Soil,pre,GravPit,NE,NA,342,1.07,10.55,10.48,9.41,0.743889479,11745.8,2.866064,20,2.2054008,2.93952,-2.2788568,B,NA
summer,Soil,pre,GravPit,SE,NA,269,1.07,4.68,4.5,3.43,5.247813411,11526.6,2.848528,20,2.2054008,2.93952,-2.2963928,B,NA
summer,Soil,pre,GibFalls,SE,NA,337,1.04,8.23,7.91,6.87,4.657933042,15986,3.20528,21.25,2.2054008,2.93952,-1.9396408,B,NA
summer,Wood,pre,GibFalls,6,NA,229,1.08,2.48,2.46,1.38,1.449275362,7678.5,2.54068,21.25,1.7075608,2.93952,-2.1064008,B,NA
summer,Wood,pre,GravPit,SE,NA,323,1.06,2.36,2.36,1.3,0,7354.1,2.514728,20,1.7075608,2.93952,-2.1323528,B,NA
summer,Litter,pre,GibFalls,6,NA,288,1.06,9.55,9.4,8.34,1.798561151,11305.2,2.830816,21.25,2.104384,2.93952,-2.213088,B,NA
summer,Wood,pre,GravPit,NW,NA,303,1.06,2.58,2.54,1.48,2.702702703,14767.7,3.107816,20,1.7075608,2.93952,-1.5392648,B,NA
summer,Soil,pre,GravPit,NW,NA,251,1.05,12.41,12.13,11.08,2.527075812,16074,3.21232,20,2.2054008,2.93952,-1.9326008,B,NA
summer,Soil,pre,GibFalls,9,NA,225,1.06,9.32,9.24,8.18,0.97799511,3334.6,2.193168,21.25,2.2054008,2.93952,-2.9517528,B,NA
summer,Litter,pre,GibFalls,NE,NA,286,1.07,2.35,2.34,1.27,0.787401575,8363.5,2.59548,21.25,2.104384,2.93952,-2.448424,B,NA
summer,Soil,pre,GravPit,SW,NA,242,1.06,8.84,8.72,7.66,1.566579634,10299.2,2.750336,20,2.2054008,2.93952,-2.3945848,B,NA
summer,Soil,pre,BiscBas,9,NA,325,1.08,11.56,11.47,10.39,0.866217517,4984.2,2.325136,20.75,2.2054008,2.93952,-2.8197848,B,NA
summer,Soil,pre,GibFalls,7,NA,260,1.06,11.32,11.24,10.18,0.785854617,6569.6,2.451968,21.25,2.2054008,2.93952,-2.6929528,B,NA
summer,Soil,pre,GibFalls,SW,NA,340,1.05,1.81,1.81,0.76,0,9501.7,2.686536,21.25,2.2054008,2.93952,-2.4583848,B,NA
summer,Lichen,pre,GibFalls,9,clafri,200,1.08,2.63,2.63,1.55,0,1888.2,2.077456,21.25,1.7803192,2.93952,-2.6423832,B,NA
summer,Lichen,pre,GibFalls,NW,peca,197,1.07,3.4,3.39,2.32,0.431034483,13338.3,2.993464,21.25,1.7803192,2.93952,-1.7263752,B,NA
summer,Litter,pre,GibFalls,8,NA,285,1.06,2.12,2.11,1.05,0.952380952,8760.5,2.62724,21.25,2.104384,2.93952,-2.416664,B,NA
summer,Lichen,wet,FirLopSo,NE,clacar,428,1.1,2.71,2.27,1.17,37.60683761,31907.2,3.031876,23,1.358814667,1.452176,0.220885333,C,NA
summer,Lichen,wet,FirLopSo,SE,clafri,353,1.06,3.41,2.57,1.51,55.62913907,6816.1,1.024588,23,1.358814667,1.452176,-1.786402667,C,NA
summer,Litter,wet,GibFalls,SE,NA,274,1.06,3.05,2.456,1.396,42.55014327,28287,2.74226,24,1.179724,1.452176,0.11036,C,NA
summer,Lichen,wet,FirLopSo,6,clacar,364,1.07,3.67,2.78,1.71,52.04678363,11341.7,1.386636,23,1.358814667,1.452176,-1.424354667,C,NA
summer,Lichen,wet,GravPit,NW,peca,378,1.12,3.69,2.483,1.363,88.55465884,6512252.8,521.459524,23.5,1.358814667,1.452176,518.6485333,C,NA
summer,Lichen,wet,BiscBas,SE,clafri,414,1.09,4.85,4,2.91,29.20962199,7689.5,1.09446,24.25,1.358814667,1.452176,-1.716530667,C,darker
summer,Lichen,wet,BiscBas,SW,clafri,417,1.09,1.97,1.87,0.78,12.82051282,8654,1.17162,24.25,1.358814667,1.452176,-1.639370667,C,NA
summer,Moss,wet,GibFalls,SW,poju,332,1.07,1.54,1.416,0.346,35.83815029,28557.7,2.763916,24,0.809086,1.452176,0.502654,C,NA
summer,Lichen,wet,FounEast,SW,peca,466,1.1,2.94,1.86,0.76,142.1052632,17952154.8,1436.651684,23.75,1.358814667,1.452176,1433.840693,C,NA
summer,Lichen,wet,GibFalls,NW,peca,402,1.1,2.97,2.52,1.42,31.69014085,98742.4,8.378692,24,1.358814667,1.452176,5.567701333,C,NA
summer,Lichen,wet,FounEast,6,clafri,465,1.1,2.12,1.59,0.49,108.1632653,98279.6,8.341668,23.75,1.358814667,1.452176,5.530677333,C,NA
summer,Lichen,wet,FounEast,SW,peca,466,1.1,2.94,2.56,1.46,26.02739726,17952154.8,1436.651684,23.75,1.358814667,1.452176,1433.840693,C,NA
summer,Moss,wet,FounEast,NW,Pleuro,240,1.05,3.02,2.225,1.175,67.65957447,166004.2,13.759636,23.75,0.809086,1.452176,11.498374,C,NA
summer,Moss,wet,FounEast,NE,Pleuro,256,1.05,1.27,1.169,0.119,84.87394958,47293.4,4.262772,23.75,0.809086,1.452176,2.00151,C,NA
summer,Lichen,wet,GravPit,SE,clafri,377,1.1,2.32,1.87,0.77,58.44155844,10478.1,1.317548,23.5,1.358814667,1.452176,-1.493442667,C,NA
summer,Lichen,wet,GibFalls,SE,clafri,403,1.12,3.95,3.16,2.04,38.7254902,26545.8,2.602964,24,1.358814667,1.452176,-0.208026667,C,NA
summer,Lichen,wet,FounEast,SE,peca,464,1.11,1.61,1.37,0.26,92.30769231,924582.9,74.445932,23.75,1.358814667,1.452176,71.63494133,C,NA
summer,Lichen,wet,BiscBas,6,clafri,420,1.1,3.16,2.6,1.5,37.33333333,7948.9,1.115212,24.25,1.358814667,1.452176,-1.695778667,C,NA
summer,Lichen,wet,BiscBas,NW,clafri,392,1.1,3.28,3.16,2.06,5.825242718,11163.3,1.372364,24.25,1.358814667,1.452176,-1.438626667,C,NA
summer,Lichen,wet,FirLopSo,NW,peap,352,1.05,3.38,2.5,1.45,60.68965517,1572610.6,126.288148,23,1.358814667,1.452176,123.4771573,C,NA
summer,Lichen,wet,GibFalls,NE,clafri,401,1.11,3.22,2.57,1.46,44.52054795,10223.8,1.297204,24,1.358814667,1.452176,-1.513786667,C,NA
summer,Lichen,wet,BiscBas,NE,peca,419,1.09,7.61,6.62,5.53,17.90235081,553744.2,44.778836,24.25,1.358814667,1.452176,41.96784533,C,NA
summer,Lichen,wet,GibFalls,SW,peca,410,1.11,2.28,1.74,0.63,85.71428571,114118.5,9.60878,24,1.358814667,1.452176,6.797789333,C,NA
summer,Lichen,wet,FounEast,NW,clafri,469,1.08,1.74,1.4,0.32,106.25,19200.9,2.015372,23.75,1.358814667,1.452176,-0.795618667,C,NA
summer,Lichen,wet,FirLopSo,SW,clafri,429,1.1,3.13,2.57,1.47,38.0952381,9164.3,1.212444,23,1.358814667,1.452176,-1.598546667,C,NA
summer,Lichen,wet,GravPit,6,peca,383,1.1,3.05,2.265,1.165,67.38197425,630738.6,50.938388,23.5,1.358814667,1.452176,48.12739733,C,NA
summer,Lichen,wet,GravPit,NE,peca,380,1.1,2.48,1.975,0.875,57.71428571,422686.6,34.294228,23.5,1.358814667,1.452176,31.48323733,C,NA
summer,Moss,wet,GravPit,SW,poju,387,1.1,2.01,1.561,0.461,97.39696312,23911.6,2.392228,23.5,0.809086,1.452176,0.130966,C,NA
summer,Moss,wet,FounEast,NE,Pleuro,256,1.05,1.27,1.169,0.119,84.87394958,47293.4,4.262772,23.75,0.809086,1.452176,2.00151,C,NA
summer,Moss,wet,GravPit,NE,poju,382,1.11,4.76,3.654,2.544,43.47484277,27299.1,2.663228,23.5,0.809086,1.452176,0.401966,C,NA
summer,Litter,wet,BiscBas,SE,NA,449,1.1,2.37,2,0.9,41.11111111,23419.3,2.352844,24.25,1.179724,1.452176,-0.279056,C,NA
summer,Litter,wet,BiscBas,NW,NA,446,1.1,2.86,2.36,1.26,39.68253968,15877.9,1.749532,24.25,1.179724,1.452176,-0.882368,C,darker
summer,Lichen,wet,GravPit,SW,clafri,385,1.12,2.66,2.09,0.97,58.7628866,45923.9,4.153212,23.5,1.358814667,1.452176,1.342221333,C,NA
summer,Lichen,wet,GibFalls,6,peca,409,1.12,3.04,1.97,0.85,125.8823529,10820064.2,866.084436,24,1.358814667,1.452176,863.2734453,C,NA
summer,Soil,wet,GravPit,NW,NA,423,1.11,14.03,12.21,11.1,16.3963964,16774.6,1.821268,23.5,1.2249,1.452176,-0.855808,C,NA
summer,Soil,wet,BiscBas,NE,NA,458,1.1,15.09,14.12,13.02,7.450076805,15533.8,1.722004,24.25,1.2249,1.452176,-0.955072,C,NA
summer,Soil,wet,FounEast,SE,NA,462,1.1,7.87,6.33,5.23,29.44550669,20102.1,2.087468,23.75,1.2249,1.452176,-0.589608,C,Oi
summer,Soil,wet,FirLopSo,SE,NA,363,1.07,10.72,9.06,7.99,20.77596996,10408.4,1.311972,23,1.2249,1.452176,-1.365104,C,NA
summer,Soil,wet,BiscBas,NW,NA,415,1.09,8.66,7.75,6.66,13.66366366,8828.3,1.185564,24.25,1.2249,1.452176,-1.491512,C,NA
summer,Litter,wet,GibFalls,NE,NA,276,1.06,2.49,1.896,0.836,71.05263158,15346.2,1.706996,24,1.179724,1.452176,-0.924904,C,NA
summer,Litter,wet,BiscBas,SW,NA,448,1.13,2.22,1.84,0.71,53.52112676,25925.2,2.553316,24.25,1.179724,1.452176,-0.078584,C,NA
summer,Litter,wet,FounEast,SW,NA,246,1.08,1.77,1.501,0.421,63.89548694,16155.9,1.771772,23.75,1.179724,1.452176,-0.860128,C,NA
summer,Litter,wet,BiscBas,6,NA,445,1.12,2.47,2.36,1.24,8.870967742,8477,1.15746,24.25,1.179724,1.452176,-1.47444,C,NA
summer,Litter,wet,FounEast,NE,NA,236,1.08,2.85,1.947,0.867,104.1522491,15197.2,1.695076,23.75,1.179724,1.452176,-0.936824,C,NA
summer,Litter,wet,GibFalls,SW,NA,282,1.05,1.99,1.757,0.707,32.95615276,4679.9,0.853692,24,1.179724,1.452176,-1.778208,C,NA
summer,Litter,wet,GibFalls,6,NA,283,1.07,2.44,1.95,0.88,55.68181818,21001.9,2.159452,24,1.179724,1.452176,-0.472448,C,NA
summer,Litter,wet,FirLopSo,NW,NA,442,1.11,2.79,2.28,1.17,43.58974359,20299.7,2.103276,23,1.179724,1.452176,-0.528624,C,NA
summer,Litter,wet,GravPit,SW,NA,427,1.11,1.82,1.57,0.46,54.34782609,23488.2,2.358356,23.5,1.179724,1.452176,-0.273544,C,NA
summer,Litter,wet,FirLopSo,SE,NA,441,1.12,2.62,2.37,1.25,20,6541.8,1.002644,23,1.179724,1.452176,-1.629256,C,NA
summer,Litter,wet,GravPit,NW,NA,434,1.11,2.9,2.13,1.02,75.49019608,25405.6,2.511748,23.5,1.179724,1.452176,-0.120152,C,NA
summer,Litter,wet,FirLopSo,NE,NA,440,1.11,2.59,2.07,0.96,54.16666667,23264.4,2.340452,23,1.179724,1.452176,-0.291448,C,NA
summer,Litter,wet,FounEast,SE,NA,237,1.07,1.97,1.644,0.574,56.79442509,12518.1,1.480748,23.75,1.179724,1.452176,-1.151152,C,NA
summer,Litter,wet,GravPit,NE,NA,425,1.08,2.03,1.7,0.62,53.22580645,8205.6,1.135748,23.5,1.179724,1.452176,-1.496152,C,NA
summer,Litter,wet,FirLopSo,6,NA,443,1.11,2.96,2.17,1.06,74.52830189,24675.6,2.453348,23,1.179724,1.452176,-0.178552,C,NA
summer,Litter,wet,FounEast,NW,NA,243,1.05,2.36,1.679,0.629,108.2670906,23369.8,2.348884,23.75,1.179724,1.452176,-0.283016,C,NA
summer,Litter,wet,BiscBas,NE,NA,447,1.11,1.96,1.87,0.76,11.84210526,13993.4,1.598772,24.25,1.179724,1.452176,-1.033128,C,darker
summer,Litter,wet,FounEast,6,NA,238,1.04,2.91,1.847,0.807,131.7224287,31437.1,2.994268,23.75,1.179724,1.452176,0.362368,C,NA
summer,Soil,wet,FounEast,SW,NA,475,2.13,14.52,11.5,9.37,32.23052295,10533.8,1.322004,23.75,1.2249,1.452176,-1.355072,C,NA
summer,Soil,wet,FirLopSo,6,NA,432,1.1,12.04,10.99,9.89,10.61678463,15249.9,1.699292,23,1.2249,1.452176,-0.977784,C,NA
summer,Moss,wet,GravPit,6,poju,389,1.1,3.04,2.31,1.21,60.33057851,39867.5,3.6687,23.5,0.809086,1.452176,1.407438,C,NA
summer,Moss,wet,FirLopSo,SE,poju,413,1.09,10.31,8.79,7.7,19.74025974,1251952.7,100.635516,23,0.809086,1.452176,98.374254,C,NA
summer,Moss,wet,BiscBas,SE,poju,453,1.08,5.09,4.25,3.17,26.49842271,12764.8,1.500484,24.25,0.809086,1.452176,-0.760778,C,darker
summer,Moss,wet,BiscBas,6,poju,459,1.09,3.08,2.75,1.66,19.87951807,18656.7,1.971836,24.25,0.809086,1.452176,-0.289426,C,NA
summer,Moss,wet,GravPit,SW,poju,391,1.1,1.91,1.59,0.49,65.30612245,23911.6,2.392228,23.5,0.809086,1.452176,0.130966,C,NA
summer,Moss,wet,GibFalls,6,poju,361,1.06,3.92,3.6,2.54,12.5984252,15126.3,1.689404,24,0.809086,1.452176,-0.571858,C,NA
summer,Moss,wet,FirLopSo,NW,poju,360,1.06,3.5,3.01,1.95,25.12820513,52495.4,4.678932,23,0.809086,1.452176,2.41767,C,NA
summer,Moss,wet,FirLopSo,NE,poju,411,1.07,6.06,5.22,4.15,20.24096386,14176.4,1.613412,23,0.809086,1.452176,-0.64785,C,NA
summer,Moss,wet,FounEast,SW,Pleuro,267,1.04,1.77,1.584,0.544,34.19117647,27493.7,2.678796,23.75,0.809086,1.452176,0.417534,C,NA
summer,Moss,wet,BiscBas,SW,poju,454,1.09,3.08,2.7,1.61,23.60248447,17613.4,1.888372,24.25,0.809086,1.452176,-0.37289,C,NA
summer,Moss,wet,GibFalls,SE,poju,278,1.06,5.57,5.027,3.967,13.68792538,20430.6,2.113748,24,0.809086,1.452176,-0.147514,C,NA
summer,Moss,wet,BiscBas,NE,poju,460,1.09,5.19,4.59,3.5,17.14285714,25178.1,2.493548,24.25,0.809086,1.452176,0.232286,C,NA
summer,Moss,wet,FirLopSo,6,poju,358,1.05,4.51,3.39,2.34,47.86324786,6827,1.02546,23,0.809086,1.452176,-1.235802,C,NA
summer,Moss,wet,FounEast,SE,poju,257,1.06,2.22,1.897,0.837,38.59020311,113638.1,9.570348,23.75,0.809086,1.452176,7.309086,C,NA
summer,Moss,wet,GibFalls,NW,poju,281,1.05,5.39,4.957,3.907,11.08267213,158101.7,13.127436,24,0.809086,1.452176,10.866174,C,NA
summer,Moss,wet,BiscBas,NW,pleuro,456,1.09,2.8,NA,-1.09,-256.8807339,11266.5,1.38062,24.25,0.809086,1.452176,-0.880642,C,NA
summer,Moss,wet,FounEast,6,poju,262,1.07,2.48,1.603,0.533,164.5403377,11780.5,1.42174,23.75,0.809086,1.452176,-0.839522,C,chunky
summer,Moss,wet,GibFalls,NE,poju,328,1.07,4.52,3.66,2.59,33.2046332,48621.6,4.369028,24,0.809086,1.452176,2.107766,C,NA
summer,Moss,wet,FirLopSo,SW,NA,359,1.06,4.14,3.38,2.32,32.75862069,97965.1,8.316508,23,0.809086,1.452176,6.055246,C,NA
summer,Moss,wet,GravPit,NW,poju,388,1.12,2.2,1.7,0.58,86.20689655,17265.2,1.860516,23.5,0.809086,1.452176,-0.400746,C,NA
summer,Soil,wet,FirLopSo,SW,NA,439,1.12,14.13,12.14,11.02,18.05807623,12474,1.47722,23,1.2249,1.452176,-1.199856,C,NA
summer,Soil,wet,GravPit,NE,NA,384,1.09,26.66,23.26,22.17,15.33603969,19226.5,2.01742,23.5,1.2249,1.452176,-0.659656,C,NA
summer,Soil,wet,BiscBas,SW,NA,455,1.11,8.62,8.19,7.08,6.073446328,26921.5,2.63302,24.25,1.2249,1.452176,-0.044056,C,NA
summer,Soil,wet,GravPit,SW,NA,371,1.08,11.34,9.27,8.19,25.27472527,20493.1,2.118748,23.5,1.2249,1.452176,-0.558328,C,NA
summer,Soil,wet,FirLopSo,NE,NA,436,1.11,14.21,12.15,11.04,18.65942029,13180,1.5337,23,1.2249,1.452176,-1.143376,C,NA
summer,Soil,wet,GibFalls,NE,NA,398,1.1,7.62,6.59,5.49,18.76138434,8276.3,1.141404,24,1.2249,1.452176,-1.535672,C,NA
summer,Soil,wet,BiscBas,6,NA,451,1.08,12.78,12.55,11.47,2.005231037,7374.5,1.06926,24.25,1.2249,1.452176,-1.607816,C,NA
summer,Soil,wet,FirLopSo,NW,NA,438,1.11,18.32,15.71,14.6,17.87671233,23635.3,2.370124,23,1.2249,1.452176,-0.306952,C,NA
summer,Soil,wet,BiscBas,SE,NA,418,1.11,12.34,10.6,9.49,18.33508957,15561.3,1.724204,24.25,1.2249,1.452176,-0.952872,C,NA
summer,Soil,wet,FounEast,6,NA,249,1.03,10.27,8.31,7.28,26.92307692,5562.5,0.9243,23.75,1.2249,1.452176,-1.752776,C,NA
summer,Soil,wet,GravPit,6,NA,381,1.09,8.71,7.58,6.49,17.41140216,13199.7,1.535276,23.5,1.2249,1.452176,-1.1418,C,NA
summer,Soil,wet,GibFalls,SE,NA,399,1.12,11.86,10.74,9.62,11.64241164,15704.8,1.735684,24,1.2249,1.452176,-0.941392,C,NA
summer,Soil,wet,GibFalls,6,NA,329,1.04,15.21,13.62,12.58,12.6391097,10535.7,1.322156,24,1.2249,1.452176,-1.35492,C,NA
summer,Soil,wet,FounEast,NW,NA,463,1.08,16.71,11.88,10.8,44.72222222,71539.6,6.202468,23.75,1.2249,1.452176,3.525392,C,NA
summer,Soil,wet,FounEast,NE,NA,473,2.15,12.15,9.82,7.67,30.37809648,42216.6,3.856628,23.75,1.2249,1.452176,1.179552,C,NA
summer,Soil,wet,GravPit,SE,NA,386,1.1,11.14,8.71,7.61,31.93166886,22163.5,2.25238,23.5,1.2249,1.452176,-0.424696,C,NA
summer,Soil,wet,GibFalls,NW,NA,400,1.11,7.31,6.29,5.18,19.69111969,6097.9,0.967132,24,1.2249,1.452176,-1.709944,C,NA
summer,Soil,wet,GibFalls,SW,NA,338,1.04,7.69,7.5,6.46,2.941176471,5919,0.95282,24,1.2249,1.452176,-1.724256,C,NA
summer,Wood,wet,FounEast,SW,NA,467,1.1,4.31,2.3,1.2,167.5,7150.6,1.051348,23.75,0.729169333,1.452176,-1.129997333,C,NA
summer,Wood,wet,BiscBas,6,NA,457,1.1,2.96,1.8,0.7,165.7142857,47641.3,4.290604,24.25,0.729169333,1.452176,2.109258667,C,NA
summer,Wood,wet,GibFalls,NW,NA,406,1.13,4.84,3.32,2.19,69.40639269,34831.9,3.265852,24,0.729169333,1.452176,1.084506667,C,NA
summer,Wood,wet,FounEast,6,NA,471,2.21,4.69,3.63,1.42,74.64788732,21135,2.1701,23.75,0.729169333,1.452176,-0.011245333,C,NA
summer,Wood,wet,GibFalls,SE,NA,405,1.12,3.94,2.58,1.46,93.15068493,25800.8,2.543364,24,0.729169333,1.452176,0.362018667,C,NA
summer,Wood,wet,BiscBas,NW,NA,394,1.11,5.96,3.72,2.61,85.82375479,39969.1,3.676828,24.25,0.729169333,1.452176,1.495482667,C,NA
summer,Wood,wet,GravPit,NE,NA,375,1.1,7.04,3.4,2.3,158.2608696,108918,9.19274,23.5,0.729169333,1.452176,7.011394667,C,NA
summer,Wood,wet,FirLopSo,NW,NA,412,1.09,4.04,2.71,1.62,82.09876543,25302.2,2.503476,23,0.729169333,1.452176,0.322130667,C,NA
summer,Wood,wet,FirLopSo,NE,NA,367,1.05,6.55,3.85,2.8,96.42857143,69435.7,6.034156,23,0.729169333,1.452176,3.852810667,C,NA
summer,Wood,wet,GibFalls,NE,NA,422,1.12,3.76,3.14,2.02,30.69306931,25523.3,2.521164,24,0.729169333,1.452176,0.339818667,C,NA
summer,Wood,wet,BiscBas,SW,NA,395,1.12,2.73,2.15,1.03,56.31067961,16055.2,1.763716,24.25,0.729169333,1.452176,-0.417629333,C,NA
summer,Wood,wet,GravPit,SW,NA,370,1.1,3.09,2.318,1.218,63.38259442,27790.7,2.702556,23.5,0.729169333,1.452176,0.521210667,C,NA
summer,Wood,wet,BiscBas,6,NA,457,1.1,2.96,2.26,1.16,60.34482759,47641.3,4.290604,24.25,0.729169333,1.452176,2.109258667,C,NA
summer,Wood,wet,FounEast,NW,NA,468,1.09,5.15,2.57,1.48,174.3243243,39736.2,3.658196,23.75,0.729169333,1.452176,1.476850667,C,NA
summer,Wood,wet,FounEast,SE,NA,476,2.13,4.51,3.28,1.15,106.9565217,44736.6,4.058228,23.75,0.729169333,1.452176,1.876882667,C,NA
summer,Wood,wet,BiscBas,SE,NA,396,1.1,5.79,3.08,1.98,136.8686869,17430.7,1.873756,24.25,0.729169333,1.452176,-0.307589333,C,NA
summer,Wood,wet,GibFalls,6,NA,421,1.12,3.31,2.53,1.41,55.31914894,20818.1,2.144748,24,0.729169333,1.452176,-0.036597333,C,NA
summer,Wood,wet,GravPit,NW,NA,374,1.08,4.34,2.67,1.59,105.0314465,123425.8,10.353364,23.5,0.729169333,1.452176,8.172018667,C,NA
summer,Wood,wet,FirLopSo,SE,NA,355,1.09,5.09,3.56,2.47,61.94331984,20549.7,2.123276,23,0.729169333,1.452176,-0.058069333,C,NA
summer,Wood,wet,FirLopSo,SW,NA,357,1.05,5.56,2.7,1.65,173.3333333,18578.3,1.965564,23,0.729169333,1.452176,-0.215781333,C,NA
summer,Wood,wet,GravPit,SE,NA,372,1.11,4.62,2.51,1.4,150.7142857,10690.3,1.334524,23.5,0.729169333,1.452176,-0.846821333,C,NA
summer,Wood,wet,BiscBas,NE,NA,393,1.1,5.31,2.99,1.89,122.7513228,27936.7,2.714236,24.25,0.729169333,1.452176,0.532890667,C,NA
summer,Wood,wet,GravPit,6,NA,373,1.1,5.39,2.52,1.42,202.1126761,75817.3,6.544684,23.5,0.729169333,1.452176,4.363338667,C,NA
summer,Wood,wet,FounEast,NE,NA,470,1.09,4.9,2.56,1.47,159.1836735,82666,7.09258,23.75,0.729169333,1.452176,4.911234667,C,NA
summer,Wood,wet,FirLopSo,6,NA,366,1.11,4.07,2.55,1.44,105.5555556,130683.5,10.93398,23,0.729169333,1.452176,8.752634667,C,NA
summer,lupine,pre,reburn,N,lupine,96,1.08,1.53,1.34,0.26,73.07692308,34397529.1,2753.728728,24,NA,2.417832,2751.310896,A,
summer,lupine,pre,reburn,SE,lupine,93,1.12,1.33,1.24,0.12,75,3290993.2,265.205856,24,NA,2.417832,262.788024,A,
summer,lupine,pre,reburn,S,lupine,94,1.1,1.22,1.17,0.07,71.42857143,4128847.2,332.234176,24,NA,2.417832,329.816344,A,
summer,lupine,pre,reburn,SW,lupine,95,1.12,1.15,1.15,0.03,0,31443.4,4.441872,24,NA,2.417832,2.02404,A,
summer,lupine,pre,glade,NE,lupine,97,1.1,1.11,1.11,0.01,0,558916.7,46.639736,24,NA,2.417832,44.221904,A,
summer,lupine,pre,reburn,NE,lupine,92,1.1,1.11,1.11,0.01,0,110035,10.7292,24,NA,2.417832,8.311368,A,
summer,lupine,pre,glade,W,lupine,98,1.09,1.11,1.1,0.01,100,5323.9,2.352312,24,NA,2.417832,-0.06552,A,
