"","data_file","niche","sample_no","temp","moist_level","peaka rea","ppm","Bag_ID","bag_avg","avg_blank","ppm_corrected"
"1","2022_09_01_REH_clim_exp2_017","Soil",1,"15 C",0.25,10061.4,2.763726,"AB",2.1591825,5.4895155,-4.884972
"2","2022_09_01_REH_clim_exp2_018","Soil",2,"15 C",0.25,13270.1,3.052509,"AB",2.1591825,5.4895155,-4.596189
"3","2022_09_01_REH_clim_exp2_019","Soil",3,"15 C",0.25,5336.8,2.338512,"AB",2.1591825,5.4895155,-5.310186
"4","2022_09_01_REH_clim_exp2_020","Soil",4,"15 C",0.25,21633.5,3.805215,"AB",2.1591825,5.4895155,-3.843483
"5","2022_09_01_REH_clim_exp2_021","Soil",5,"15 C",0.25,30594.2,4.611678,"AB",2.1591825,5.4895155,-3.03702
"6","2022_09_01_REH_clim_exp2_022","Soil",6,"15 C",0.25,19306.7,3.595803,"AB",2.1591825,5.4895155,-4.052895
"7","2022_09_01_REH_clim_exp2_023","Soil",7,"15 C",0.25,180583.6,18.110724,"AB",2.1591825,5.4895155,10.462026
"8","2022_09_01_REH_clim_exp2_024","Soil",8,"15 C",0.25,23271.5,3.952635,"AB",2.1591825,5.4895155,-3.696063
"9","2022_09_01_REH_clim_exp2_025","Soil",9,"15 C",0.25,11004.6,2.848614,"AB",2.1591825,5.4895155,-4.800084
"10","2022_09_01_REH_clim_exp2_027","Soil",1,"15 C",0.5,13857.4,3.105366,"AB",2.1591825,5.4895155,-4.543332
"11","2022_09_01_REH_clim_exp2_028","Soil",2,"15 C",0.5,16461,3.33969,"AB",2.1591825,5.4895155,-4.309008
"12","2022_09_01_REH_clim_exp2_029","Soil",3,"15 C",0.5,15515.9,3.254631,"AB",2.1591825,5.4895155,-4.394067
"13","2022_09_01_REH_clim_exp2_030","Soil",4,"15 C",0.5,8023.6,2.580324,"AB",2.1591825,5.4895155,-5.068374
"14","2022_09_01_REH_clim_exp2_031","Soil",5,"15 C",0.5,11478.9,2.891301,"AB",2.1591825,5.4895155,-4.757397
"15","2022_09_01_REH_clim_exp2_032","Soil",6,"15 C",0.5,16688,3.36012,"AB",2.1591825,5.4895155,-4.288578
"16","2022_09_01_REH_clim_exp2_033","Soil",7,"15 C",0.5,8065.1,2.584059,"AB",2.1591825,5.4895155,-5.064639
"17","2022_09_01_REH_clim_exp2_034","Soil",8,"15 C",0.5,3602.6,2.182434,"AB",2.1591825,5.4895155,-5.466264
"18","2022_09_01_REH_clim_exp2_035","Soil",9,"15 C",0.5,8375,2.61195,"AB",2.1591825,5.4895155,-5.036748
"19","2022_09_01_REH_clim_exp2_037","Soil",1,"15 C",1,12343.8,2.969142,"AB",2.1591825,5.4895155,-4.679556
"20","2022_09_01_REH_clim_exp2_038","Soil",2,"15 C",1,11525.4,2.895486,"AB",2.1591825,5.4895155,-4.753212
"21","2022_09_01_REH_clim_exp2_039","Soil",3,"15 C",1,27678.3,4.349247,"AB",2.1591825,5.4895155,-3.299451
"22","2022_09_01_REH_clim_exp2_040","Soil",4,"15 C",1,10673.8,2.818842,"AB",2.1591825,5.4895155,-4.829856
"23","2022_09_01_REH_clim_exp2_041","Soil",5,"15 C",1,6659.2,2.457528,"AB",2.1591825,5.4895155,-5.19117
"24","2022_09_01_REH_clim_exp2_042","Soil",6,"15 C",1,8487.7,2.622093,"AB",2.1591825,5.4895155,-5.026605
"25","2022_09_01_REH_clim_exp2_043","Soil",7,"15 C",1,13083.9,3.035751,"AB",2.1591825,5.4895155,-4.612947
"26","2022_09_01_REH_clim_exp2_044","Soil",8,"15 C",1,8215.4,2.597586,"AB",2.1591825,5.4895155,-5.051112
"27","2022_09_01_REH_clim_exp2_045","Soil",9,"15 C",1,8424.9,2.616441,"AB",2.1591825,5.4895155,-5.032257
"28","2022_09_01_REH_clim_exp2_047","Soil",1,"15 C",0.1,8755.9,2.646231,"AB",2.1591825,5.4895155,-5.002467
"29","2022_09_01_REH_clim_exp2_048","Soil",2,"15 C",0.1,6477.8,2.441202,"AB",2.1591825,5.4895155,-5.207496
"30","2022_09_01_REH_clim_exp2_049","Soil",3,"15 C",0.1,5248.5,2.330565,"AB",2.1591825,5.4895155,-5.318133
"31","2022_09_01_REH_clim_exp2_050","Soil",4,"15 C",0.1,1164.5,1.963005,"AB",2.1591825,5.4895155,-5.685693
"32","2022_09_01_REH_clim_exp2_051","Soil",5,"15 C",0.1,3345.6,2.159304,"AB",2.1591825,5.4895155,-5.489394
"33","2022_09_01_REH_clim_exp2_052","Soil",6,"15 C",0.1,63071.8,7.534662,"AB",2.1591825,5.4895155,-0.114036
"34","2022_09_01_REH_clim_exp2_053","Soil",7,"15 C",0.1,2491.6,2.082444,"AB",2.1591825,5.4895155,-5.566254
"35","2022_09_01_REH_clim_exp2_054","Soil",8,"15 C",0.1,5339.6,2.338764,"AB",2.1591825,5.4895155,-5.309934
"36","2022_09_01_REH_clim_exp2_055","Soil",9,"15 C",0.1,6844.6,2.474214,"AB",2.1591825,5.4895155,-5.174484
"37","2022_09_02_REH_clim_exp2_005","Wood",1,"15 C",0.25,53465.4,6.670086,"AB",2.1591825,2.70956625,1.80133725
"38","2022_09_02_REH_clim_exp2_006","Wood",2,"15 C",0.25,15367.1,3.241239,"AB",2.1591825,2.70956625,-1.62750975
"39","2022_09_02_REH_clim_exp2_007","Wood",3,"15 C",0.25,74183.7,8.534733,"AB",2.1591825,2.70956625,3.66598425
"40","2022_09_02_REH_clim_exp2_008","Wood",4,"15 C",0.25,28282.6,4.403634,"AB",2.1591825,2.70956625,-0.46511475
"41","2022_09_02_REH_clim_exp2_009","Wood",5,"15 C",0.25,42104.2,5.647578,"AB",2.1591825,2.70956625,0.77882925
"42","2022_09_02_REH_clim_exp2_010","Wood",6,"15 C",0.25,23245.1,3.950259,"AB",2.1591825,2.70956625,-0.91848975
"43","2022_09_02_REH_clim_exp2_011","Wood",7,"15 C",0.25,14460,3.1596,"AB",2.1591825,2.70956625,-1.70914875
"44","2022_09_02_REH_clim_exp2_012","Wood",8,"15 C",0.25,37274.1,5.212869,"AB",2.1591825,2.70956625,0.34412025
"45","2022_09_02_REH_clim_exp2_013","Wood",9,"15 C",0.25,11678.4,2.909256,"AB",2.1591825,2.70956625,-1.95949275
"46","2022_09_02_REH_clim_exp2_015","Wood",1,"15 C",0.5,35536.2,5.056458,"AB",2.1591825,2.70956625,0.18770925
"47","2022_09_02_REH_clim_exp2_016","Wood",2,"15 C",0.5,42255.8,5.661222,"AB",2.1591825,2.70956625,0.79247325
"48","2022_09_02_REH_clim_exp2_017","Wood",3,"15 C",0.5,29571.9,4.519671,"AB",2.1591825,2.70956625,-0.349077749999999
"49","2022_09_02_REH_clim_exp2_018","Wood",4,"15 C",0.5,56759,6.96651,"AB",2.1591825,2.70956625,2.09776125
"50","2022_09_02_REH_clim_exp2_019","Wood",5,"15 C",0.5,14696.7,3.180903,"AB",2.1591825,2.70956625,-1.68784575
"51","2022_09_02_REH_clim_exp2_020","Wood",6,"15 C",0.5,52089.2,6.546228,"AB",2.1591825,2.70956625,1.67747925
"52","2022_09_02_REH_clim_exp2_021","Wood",7,"15 C",0.5,35643.3,5.066097,"AB",2.1591825,2.70956625,0.197348250000001
"53","2022_09_02_REH_clim_exp2_022","Wood",8,"15 C",0.5,61794,7.41966,"AB",2.1591825,2.70956625,2.55091125
"54","2022_09_02_REH_clim_exp2_023","Wood",9,"15 C",0.5,56689.4,6.960246,"AB",2.1591825,2.70956625,2.09149725
"55","2022_09_02_REH_clim_exp2_025","Wood",1,"15 C",1,63382.7,7.562643,"AB",2.1591825,2.70956625,2.69389425
"56","2022_09_02_REH_clim_exp2_026","Wood",2,"15 C",1,31710.1,4.712109,"AB",2.1591825,2.70956625,-0.15663975
"57","2022_09_02_REH_clim_exp2_027","Wood",3,"15 C",1,45958.5,5.994465,"AB",2.1591825,2.70956625,1.12571625
"58","2022_09_02_REH_clim_exp2_028","Wood",4,"15 C",1,70296.7,8.184903,"AB",2.1591825,2.70956625,3.31615425
"59","2022_09_02_REH_clim_exp2_029","Wood",5,"15 C",1,29308.3,4.495947,"AB",2.1591825,2.70956625,-0.37280175
"60","2022_09_02_REH_clim_exp2_030","Wood",6,"15 C",1,14323.7,3.147333,"AB",2.1591825,2.70956625,-1.72141575
"61","2022_09_02_REH_clim_exp2_031","Wood",7,"15 C",1,24611.1,4.073199,"AB",2.1591825,2.70956625,-0.795549749999999
"62","2022_09_02_REH_clim_exp2_032","Wood",8,"15 C",1,35356.7,5.040303,"AB",2.1591825,2.70956625,0.17155425
"63","2022_09_02_REH_clim_exp2_033","Wood",9,"15 C",1,53147.8,6.641502,"AB",2.1591825,2.70956625,1.77275325
"64","2022_09_02_REH_clim_exp2_035","Wood",1,"15 C",1.5,115085.1,12.215859,"AB",2.1591825,2.70956625,7.34711025
"65","2022_09_02_REH_clim_exp2_036","Wood",2,"15 C",1.5,33191.5,4.845435,"AB",2.1591825,2.70956625,-0.0233137499999998
"66","2022_09_02_REH_clim_exp2_037","Wood",3,"15 C",1.5,59549.1,7.217619,"AB",2.1591825,2.70956625,2.34887025
"67","2022_09_02_REH_clim_exp2_038","Wood",4,"15 C",1.5,45575.1,5.959959,"AB",2.1591825,2.70956625,1.09121025
"68","2022_09_02_REH_clim_exp2_039","Wood",5,"15 C",1.5,65550.6,7.757754,"AB",2.1591825,2.70956625,2.88900525
"69","2022_09_02_REH_clim_exp2_040","Wood",6,"15 C",1.5,44146.1,5.831349,"AB",2.1591825,2.70956625,0.96260025
"70","2022_09_02_REH_clim_exp2_041","Wood",7,"15 C",1.5,10514.5,2.804505,"AB",2.1591825,2.70956625,-2.06424375
"71","2022_09_02_REH_clim_exp2_042","Wood",8,"15 C",1.5,7790.5,2.559345,"AB",2.1591825,2.70956625,-2.30940375
"72","2022_09_02_REH_clim_exp2_043","Wood",9,"15 C",1.5,12871.1,3.016599,"AB",2.1591825,2.70956625,-1.85214975
"73","2022_09_02_REH_clim_exp2_048","Litter",1,"15 C",0.25,15431.5,3.247035,"AB",2.1591825,2.88242925,-1.79457675
"74","2022_09_02_REH_clim_exp2_049","Litter",2,"15 C",0.25,14573.5,3.169815,"AB",2.1591825,2.88242925,-1.87179675
"75","2022_09_02_REH_clim_exp2_050","Litter",3,"15 C",0.25,17384.6,3.422814,"AB",2.1591825,2.88242925,-1.61879775
"76","2022_09_02_REH_clim_exp2_051","Litter",4,"15 C",0.25,7063.7,2.493933,"AB",2.1591825,2.88242925,-2.54767875
"77","2022_09_02_REH_clim_exp2_052","Litter",5,"15 C",0.25,7615.4,2.543586,"AB",2.1591825,2.88242925,-2.49802575
"78","2022_09_02_REH_clim_exp2_053","Litter",6,"15 C",0.25,4792.8,2.289552,"AB",2.1591825,2.88242925,-2.75205975
"79","2022_09_02_REH_clim_exp2_054","Litter",7,"15 C",0.25,10895.6,2.838804,"AB",2.1591825,2.88242925,-2.20280775
"80","2022_09_02_REH_clim_exp2_055","Litter",8,"15 C",0.25,16869.3,3.376437,"AB",2.1591825,2.88242925,-1.66517475
"81","2022_09_02_REH_clim_exp2_056","Litter",9,"15 C",0.25,9713,2.73237,"AB",2.1591825,2.88242925,-2.30924175
"82","2022_09_02_REH_clim_exp2_058","Litter",1,"15 C",0.5,12577.5,2.990175,"AB",2.1591825,2.88242925,-2.05143675
"83","2022_09_02_REH_clim_exp2_059","Litter",2,"15 C",0.5,13513.6,3.074424,"AB",2.1591825,2.88242925,-1.96718775
"84","2022_09_02_REH_clim_exp2_060","Litter",3,"15 C",0.5,12009.8,2.939082,"AB",2.1591825,2.88242925,-2.10252975
"85","2022_09_02_REH_clim_exp2_061","Litter",4,"15 C",0.5,16521.2,3.345108,"AB",2.1591825,2.88242925,-1.69650375
"86","2022_09_02_REH_clim_exp2_062","Litter",5,"15 C",0.5,9364.5,2.701005,"AB",2.1591825,2.88242925,-2.34060675
"87","2022_09_02_REH_clim_exp2_063","Litter",6,"15 C",0.5,11415,2.88555,"AB",2.1591825,2.88242925,-2.15606175
"88","2022_09_02_REH_clim_exp2_064","Litter",7,"15 C",0.5,4566.6,2.269194,"AB",2.1591825,2.88242925,-2.77241775
"89","2022_09_02_REH_clim_exp2_065","Litter",8,"15 C",0.5,11243.1,2.870079,"AB",2.1591825,2.88242925,-2.17153275
"90","2022_09_02_REH_clim_exp2_066","Litter",9,"15 C",0.5,9583.7,2.720733,"AB",2.1591825,2.88242925,-2.32087875
"91","2022_09_02_REH_clim_exp2_068","Litter",1,"15 C",1,23075.2,3.934968,"AB",2.1591825,2.88242925,-1.10664375
"92","2022_09_02_REH_clim_exp2_069","Litter",2,"15 C",1,9785.6,2.738904,"AB",2.1591825,2.88242925,-2.30270775
"93","2022_09_02_REH_clim_exp2_070","Litter",3,"15 C",1,17816.1,3.461649,"AB",2.1591825,2.88242925,-1.57996275
"94","2022_09_02_REH_clim_exp2_071","Litter",4,"15 C",1,12580.4,2.990436,"AB",2.1591825,2.88242925,-2.05117575
"95","2022_09_02_REH_clim_exp2_072","Litter",5,"15 C",1,6700.5,2.461245,"AB",2.1591825,2.88242925,-2.58036675
"96","2022_09_02_REH_clim_exp2_073","Litter",6,"15 C",1,8824.7,2.652423,"AB",2.1591825,2.88242925,-2.38918875
"97","2022_09_02_REH_clim_exp2_074","Litter",7,"15 C",1,11695.8,2.910822,"AB",2.1591825,2.88242925,-2.13078975
"98","2022_09_02_REH_clim_exp2_075","Litter",8,"15 C",1,8170.2,2.593518,"AB",2.1591825,2.88242925,-2.44809375
"99","2022_09_02_REH_clim_exp2_076","Litter",9,"15 C",1,28666.7,4.438203,"AB",2.1591825,2.88242925,-0.603408750000001
"100","2022_09_02_REH_clim_exp2_078","Litter",1,"15 C",1.5,15359.8,3.240582,"AB",2.1591825,2.88242925,-1.80102975
"101","2022_09_02_REH_clim_exp2_079","Litter",2,"15 C",1.5,13835.4,3.103386,"AB",2.1591825,2.88242925,-1.93822575
"102","2022_09_02_REH_clim_exp2_080","Litter",3,"15 C",1.5,16912.4,3.380316,"AB",2.1591825,2.88242925,-1.66129575
"103","2022_09_02_REH_clim_exp2_081","Litter",4,"15 C",1.5,25007.1,4.108839,"AB",2.1591825,2.88242925,-0.932772750000001
"104","2022_09_02_REH_clim_exp2_082","Litter",5,"15 C",1.5,25282.7,4.133643,"AB",2.1591825,2.88242925,-0.90796875
"105","2022_09_02_REH_clim_exp2_083","Litter",6,"15 C",1.5,6188.6,2.415174,"AB",2.1591825,2.88242925,-2.62643775
"106","2022_09_02_REH_clim_exp2_084","Litter",7,"15 C",1.5,45407.8,5.944902,"AB",2.1591825,2.88242925,0.90329025
"107","2022_09_02_REH_clim_exp2_085","Litter",8,"15 C",1.5,19269.6,3.592464,"AB",2.1591825,2.88242925,-1.44914775
"108","2022_09_02_REH_clim_exp2_086","Litter",9,"15 C",1.5,30577.1,4.610139,"AB",2.1591825,2.88242925,-0.43147275
"109","2022_09_02_REH_clim_exp2_091","Litter",1,"5 C",0.25,5154,2.32206,"AB",2.1591825,2.06210175,-1.89922425
"110","2022_09_02_REH_clim_exp2_092","Litter",2,"5 C",0.25,7503.4,2.533506,"AB",2.1591825,2.06210175,-1.68777825
"111","2022_09_02_REH_clim_exp2_093","Litter",3,"5 C",0.25,3492.5,2.172525,"AB",2.1591825,2.06210175,-2.04875925
"112","2022_09_02_REH_clim_exp2_094","Litter",4,"5 C",0.25,10684.8,2.819832,"AB",2.1591825,2.06210175,-1.40145225
"113","2022_09_02_REH_clim_exp2_095","Litter",5,"5 C",0.25,4621.8,2.274162,"AB",2.1591825,2.06210175,-1.94712225
"114","2022_09_02_REH_clim_exp2_096","Litter",6,"5 C",0.25,2833.9,2.113251,"AB",2.1591825,2.06210175,-2.10803325
"115","2022_09_02_REH_clim_exp2_097","Litter",7,"5 C",0.25,20524.2,3.705378,"AB",2.1591825,2.06210175,-0.51590625
"116","2022_09_02_REH_clim_exp2_098","Litter",8,"5 C",0.25,4148.6,2.231574,"AB",2.1591825,2.06210175,-1.98971025
"117","2022_09_02_REH_clim_exp2_099","Litter",9,"5 C",0.25,7875.9,2.567031,"AB",2.1591825,2.06210175,-1.65425325
"118","2022_09_02_REH_clim_exp2_101","Litter",1,"5 C",0.5,4613.8,2.273442,"AB",2.1591825,2.06210175,-1.94784225
"119","2022_09_02_REH_clim_exp2_102","Litter",2,"5 C",0.5,0,1.8582,"AB",2.1591825,2.06210175,-2.36308425
"120","2022_09_02_REH_clim_exp2_103","Litter",3,"5 C",0.5,1527.1,1.995639,"AB",2.1591825,2.06210175,-2.22564525
"121","2022_09_02_REH_clim_exp2_104","Litter",4,"5 C",0.5,2357,2.07033,"AB",2.1591825,2.06210175,-2.15095425
"122","2022_09_02_REH_clim_exp2_105","Litter",5,"5 C",0.5,7628.5,2.544765,"AB",2.1591825,2.06210175,-1.67651925
"123","2022_09_02_REH_clim_exp2_106","Litter",6,"5 C",0.5,5411.9,2.345271,"AB",2.1591825,2.06210175,-1.87601325
"124","2022_09_02_REH_clim_exp2_107","Litter",7,"5 C",0.5,9278,2.69322,"AB",2.1591825,2.06210175,-1.52806425
"125","2022_09_02_REH_clim_exp2_108","Litter",8,"5 C",0.5,4973.9,2.305851,"AB",2.1591825,2.06210175,-1.91543325
"126","2022_09_02_REH_clim_exp2_109","Litter",9,"5 C",0.5,5357.6,2.340384,"AB",2.1591825,2.06210175,-1.88090025
"127","2022_09_02_REH_clim_exp2_111","Litter",1,"5 C",1,7190.4,2.505336,"AB",2.1591825,2.06210175,-1.71594825
"128","2022_09_02_REH_clim_exp2_112","Litter",2,"5 C",1,5052.9,2.312961,"AB",2.1591825,2.06210175,-1.90832325
"129","2022_09_02_REH_clim_exp2_113","Litter",3,"5 C",1,6337.7,2.428593,"AB",2.1591825,2.06210175,-1.79269125
"130","2022_09_02_REH_clim_exp2_114","Litter",4,"5 C",1,3305.4,2.155686,"AB",2.1591825,2.06210175,-2.06559825
"131","2022_09_02_REH_clim_exp2_115","Litter",5,"5 C",1,3078.3,2.135247,"AB",2.1591825,2.06210175,-2.08603725
"132","2022_09_02_REH_clim_exp2_116","Litter",6,"5 C",1,15583.6,3.260724,"AB",2.1591825,2.06210175,-0.96056025
"133","2022_09_02_REH_clim_exp2_117","Litter",7,"5 C",1,9911.3,2.750217,"AB",2.1591825,2.06210175,-1.47106725
"134","2022_09_02_REH_clim_exp2_118","Litter",8,"5 C",1,6182.3,2.414607,"AB",2.1591825,2.06210175,-1.80667725
"135","2022_09_02_REH_clim_exp2_119","Litter",9,"5 C",1,4007.9,2.218911,"AB",2.1591825,2.06210175,-2.00237325
"136","2022_09_02_REH_clim_exp2_121","Litter",1,"5 C",1.5,6794.9,2.469741,"AB",2.1591825,2.06210175,-1.75154325
"137","2022_09_02_REH_clim_exp2_122","Litter",2,"5 C",1.5,7155.5,2.502195,"AB",2.1591825,2.06210175,-1.71908925
"138","2022_09_02_REH_clim_exp2_123","Litter",3,"5 C",1.5,6922.5,2.481225,"AB",2.1591825,2.06210175,-1.74005925
"139","2022_09_02_REH_clim_exp2_124","Litter",4,"5 C",1.5,5863.8,2.385942,"AB",2.1591825,2.06210175,-1.83534225
"140","2022_09_02_REH_clim_exp2_125","Litter",5,"5 C",1.5,13793.4,3.099606,"AB",2.1591825,2.06210175,-1.12167825
"141","2022_09_02_REH_clim_exp2_126","Litter",6,"5 C",1.5,7201.1,2.506299,"AB",2.1591825,2.06210175,-1.71498525
"142","2022_09_02_REH_clim_exp2_127","Litter",7,"5 C",1.5,16686.7,3.360003,"AB",2.1591825,2.06210175,-0.86128125
"143","2022_09_02_REH_clim_exp2_128","Litter",8,"5 C",1.5,51130.8,6.459972,"AB",2.1591825,2.06210175,2.23868775
"144","2022_09_02_REH_clim_exp2_129","Litter",9,"5 C",1.5,1554.4,1.998096,"AB",2.1591825,2.06210175,-2.22318825
"145","2022_09_05_REH_clim_exp2_019","Soil",1,"5 C",0.25,7921.2,2.764596,"AB",2.1591825,2.580342,-1.9749285
"146","2022_09_05_REH_clim_exp2_020","Soil",2,"5 C",0.25,5855.5,2.59934,"AB",2.1591825,2.580342,-2.1401845
"147","2022_09_05_REH_clim_exp2_021","Soil",3,"5 C",0.25,22266,3.91218,"AB",2.1591825,2.580342,-0.8273445
"148","2022_09_05_REH_clim_exp2_022","Soil",4,"5 C",0.25,6021.9,2.612652,"AB",2.1591825,2.580342,-2.1268725
"149","2022_09_05_REH_clim_exp2_023","Soil",5,"5 C",0.25,5825.1,2.596908,"AB",2.1591825,2.580342,-2.1426165
"150","2022_09_05_REH_clim_exp2_024","Soil",6,"5 C",0.25,8814.2,2.836036,"AB",2.1591825,2.580342,-1.9034885
"151","2022_09_05_REH_clim_exp2_025","Soil",7,"5 C",0.25,6308.4,2.635572,"AB",2.1591825,2.580342,-2.1039525
"152","2022_09_05_REH_clim_exp2_026","Soil",8,"5 C",0.25,7713.6,2.747988,"AB",2.1591825,2.580342,-1.9915365
"153","2022_09_05_REH_clim_exp2_027","Soil",9,"5 C",0.25,6911,2.68378,"AB",2.1591825,2.580342,-2.0557445
"154","2022_09_05_REH_clim_exp2_029","Soil",1,"5 C",0.5,6265,2.6321,"AB",2.1591825,2.580342,-2.1074245
"155","2022_09_05_REH_clim_exp2_030","Soil",2,"5 C",0.5,17099.5,3.49886,"AB",2.1591825,2.580342,-1.2406645
"156","2022_09_05_REH_clim_exp2_031","Soil",3,"5 C",0.5,6140.3,2.622124,"AB",2.1591825,2.580342,-2.1174005
"157","2022_09_05_REH_clim_exp2_032","Soil",4,"5 C",0.5,6267.6,2.632308,"AB",2.1591825,2.580342,-2.1072165
"158","2022_09_05_REH_clim_exp2_033","Soil",5,"5 C",0.5,4214.1,2.468028,"AB",2.1591825,2.580342,-2.2714965
"159","2022_09_05_REH_clim_exp2_034","Soil",6,"5 C",0.5,9545,2.8945,"AB",2.1591825,2.580342,-1.8450245
"160","2022_09_05_REH_clim_exp2_035","Soil",7,"5 C",0.5,11060.7,3.015756,"AB",2.1591825,2.580342,-1.7237685
"161","2022_09_05_REH_clim_exp2_036","Soil",8,"5 C",0.5,4758.2,2.511556,"AB",2.1591825,2.580342,-2.2279685
"162","2022_09_05_REH_clim_exp2_037","Soil",9,"5 C",0.5,9503,2.89114,"AB",2.1591825,2.580342,-1.8483845
"163","2022_09_05_REH_clim_exp2_039","Soil",1,"5 C",1,10297.2,2.954676,"AB",2.1591825,2.580342,-1.7848485
"164","2022_09_05_REH_clim_exp2_040","Soil",2,"5 C",1,15182.7,3.345516,"AB",2.1591825,2.580342,-1.3940085
"165","2022_09_05_REH_clim_exp2_041","Soil",3,"5 C",1,15498.9,3.370812,"AB",2.1591825,2.580342,-1.3687125
"166","2022_09_05_REH_clim_exp2_042","Soil",4,"5 C",1,102989.7,10.370076,"AB",2.1591825,2.580342,5.6305515
"167","2022_09_05_REH_clim_exp2_043","Soil",5,"5 C",1,17790.5,3.55414,"AB",2.1591825,2.580342,-1.1853845
"168","2022_09_05_REH_clim_exp2_044","Soil",6,"5 C",1,7696.5,2.74662,"AB",2.1591825,2.580342,-1.9929045
"169","2022_09_05_REH_clim_exp2_045","Soil",7,"5 C",1,3464.5,2.40806,"AB",2.1591825,2.580342,-2.3314645
"170","2022_09_05_REH_clim_exp2_046","Soil",8,"5 C",1,9275.4,2.872932,"AB",2.1591825,2.580342,-1.8665925
"171","2022_09_05_REH_clim_exp2_047","Soil",9,"5 C",1,20086.9,3.737852,"AB",2.1591825,2.580342,-1.0016725
"172","2022_09_05_REH_clim_exp2_049","Soil",1,"5 C",0.1,5000.4,2.530932,"AB",2.1591825,2.580342,-2.2085925
"173","2022_09_05_REH_clim_exp2_058","Soil",3,"5 C",0.1,4776.5,2.51302,"AB",2.1591825,2.580342,-2.2265045
"174","2022_09_05_REH_clim_exp2_059","Soil",2,"5 C",0.1,5387.4,2.561892,"AB",2.1591825,2.580342,-2.1776325
"175","2022_09_05_REH_clim_exp2_060","Soil",4,"5 C",0.1,102111.3,10.299804,"AB",2.1591825,2.580342,5.5602795
"176","2022_09_05_REH_clim_exp2_061","Soil",5,"5 C",0.1,6554,2.65522,"AB",2.1591825,2.580342,-2.0843045
"177","2022_09_05_REH_clim_exp2_062","Soil",6,"5 C",0.1,33648.2,4.822756,"AB",2.1591825,2.580342,0.0832315000000001
"178","2022_09_05_REH_clim_exp2_063","Soil",7,"5 C",0.1,7347,2.71866,"AB",2.1591825,2.580342,-2.0208645
"179","2022_09_05_REH_clim_exp2_064","Soil",8,"5 C",0.1,11603.6,3.059188,"AB",2.1591825,2.580342,-1.6803365
"180","2022_09_05_REH_clim_exp2_065","Soil",9,"5 C",0.1,3863.2,2.439956,"AB",2.1591825,2.580342,-2.2995685
"181","2022_09_05_REH_clim_exp2_070","Wood",1,"5 C",0.25,5097.5,2.5387,"AB",2.1591825,5.84379,-5.4642725
"182","2022_09_05_REH_clim_exp2_071","Wood",2,"5 C",0.25,3937.6,2.445908,"AB",2.1591825,5.84379,-5.5570645
"183","2022_09_05_REH_clim_exp2_072","Wood",3,"5 C",0.25,4386.9,2.481852,"AB",2.1591825,5.84379,-5.5211205
"184","2022_09_05_REH_clim_exp2_073","Wood",4,"5 C",0.25,8915.4,2.844132,"AB",2.1591825,5.84379,-5.1588405
"185","2022_09_05_REH_clim_exp2_074","Wood",5,"5 C",0.25,5429.8,2.565284,"AB",2.1591825,5.84379,-5.4376885
"186","2022_09_05_REH_clim_exp2_075","Wood",6,"5 C",0.25,3921.2,2.444596,"AB",2.1591825,5.84379,-5.5583765
"187","2022_09_05_REH_clim_exp2_076","Wood",7,"5 C",0.25,22223.3,3.908764,"AB",2.1591825,5.84379,-4.0942085
"188","2022_09_05_REH_clim_exp2_077","Wood",8,"5 C",0.25,11376.8,3.041044,"AB",2.1591825,5.84379,-4.9619285
"189","2022_09_05_REH_clim_exp2_078","Wood",9,"5 C",0.25,74967.9,8.128332,"AB",2.1591825,5.84379,0.1253595
"190","2022_09_05_REH_clim_exp2_080","Wood",1,"5 C",0.5,2757.2,2.351476,"AB",2.1591825,5.84379,-5.6514965
"191","2022_09_05_REH_clim_exp2_081","Wood",2,"5 C",0.5,7630.5,2.74134,"AB",2.1591825,5.84379,-5.2616325
"192","2022_09_05_REH_clim_exp2_082","Wood",3,"5 C",0.5,2382,2.32146,"AB",2.1591825,5.84379,-5.6815125
"193","2022_09_05_REH_clim_exp2_083","Wood",4,"5 C",0.5,8683.1,2.825548,"AB",2.1591825,5.84379,-5.1774245
"194","2022_09_05_REH_clim_exp2_084","Wood",5,"5 C",0.5,4712,2.50786,"AB",2.1591825,5.84379,-5.4951125
"195","2022_09_05_REH_clim_exp2_085","Wood",6,"5 C",0.5,3107.2,2.379476,"AB",2.1591825,5.84379,-5.6234965
"196","2022_09_05_REH_clim_exp2_086","Wood",7,"5 C",0.5,5575.2,2.576916,"AB",2.1591825,5.84379,-5.4260565
"197","2022_09_05_REH_clim_exp2_087","Wood",8,"5 C",0.5,14678.4,3.305172,"AB",2.1591825,5.84379,-4.6978005
"198","2022_09_05_REH_clim_exp2_088","Wood",9,"5 C",0.5,27838.4,4.357972,"AB",2.1591825,5.84379,-3.6450005
"199","2022_09_05_REH_clim_exp2_090","Wood",1,"5 C",1,5027.4,2.533092,"AB",2.1591825,5.84379,-5.4698805
"200","2022_09_05_REH_clim_exp2_091","Wood",2,"5 C",1,6532.5,2.6535,"AB",2.1591825,5.84379,-5.3494725
"201","2022_09_05_REH_clim_exp2_092","Wood",3,"5 C",1,2430,2.3253,"AB",2.1591825,5.84379,-5.6776725
"202","2022_09_05_REH_clim_exp2_093","Wood",4,"5 C",1,7081.5,2.69742,"AB",2.1591825,5.84379,-5.3055525
"203","2022_09_05_REH_clim_exp2_094","Wood",5,"5 C",1,4422.7,2.484716,"AB",2.1591825,5.84379,-5.5182565
"204","2022_09_05_REH_clim_exp2_095","Wood",6,"5 C",1,3377.6,2.401108,"AB",2.1591825,5.84379,-5.6018645
"205","2022_09_05_REH_clim_exp2_096","Wood",7,"5 C",1,18778.3,3.633164,"AB",2.1591825,5.84379,-4.3698085
"206","2022_09_05_REH_clim_exp2_097","Wood",8,"5 C",1,64796.4,7.314612,"AB",2.1591825,5.84379,-0.6883605
"207","2022_09_05_REH_clim_exp2_098","Wood",9,"5 C",1,31251.4,4.631012,"AB",2.1591825,5.84379,-3.3719605
"208","2022_09_05_REH_clim_exp2_100","Wood",1,"5 C",1.5,3397.4,2.402692,"AB",2.1591825,5.84379,-5.6002805
"209","2022_09_05_REH_clim_exp2_101","Wood",2,"5 C",1.5,6662.3,2.663884,"AB",2.1591825,5.84379,-5.3390885
"210","2022_09_05_REH_clim_exp2_102","Wood",3,"5 C",1.5,4447.5,2.4867,"AB",2.1591825,5.84379,-5.5162725
"211","2022_09_05_REH_clim_exp2_103","Wood",4,"5 C",1.5,1073.4,2.216772,"AB",2.1591825,5.84379,-5.7862005
"212","2022_09_05_REH_clim_exp2_104","Wood",5,"5 C",1.5,4911,2.52378,"AB",2.1591825,5.84379,-5.4791925
"213","2022_09_05_REH_clim_exp2_105","Wood",6,"5 C",1.5,7689.2,2.746036,"AB",2.1591825,5.84379,-5.2569365
"214","2022_09_05_REH_clim_exp2_106","Wood",7,"5 C",1.5,163330.7,15.197356,"AB",2.1591825,5.84379,7.1943835
"215","2022_09_05_REH_clim_exp2_107","Wood",8,"5 C",1.5,17950.4,3.566932,"AB",2.1591825,5.84379,-4.4360405
"216","2022_09_05_REH_clim_exp2_108","Wood",9,"5 C",1.5,5788.6,2.593988,"AB",2.1591825,5.84379,-5.4089845
"217","2022_09_06_REH_clim_exp2_004","Soil",1,"25 C",0.25,14975.4,3.328932,"A",6.220324,2.918506,-5.809898
"218","2022_09_06_REH_clim_exp2_005","Soil",2,"25 C",0.25,9077.8,2.857124,"A",6.220324,2.918506,-6.281706
"219","2022_09_06_REH_clim_exp2_006","Soil",3,"25 C",0.25,5887.7,2.601916,"A",6.220324,2.918506,-6.536914
"220","2022_09_06_REH_clim_exp2_007","Soil",4,"25 C",0.25,10616.6,2.980228,"A",6.220324,2.918506,-6.158602
"221","2022_09_06_REH_clim_exp2_008","Soil",5,"25 C",0.25,9456.4,2.887412,"A",6.220324,2.918506,-6.251418
"222","2022_09_06_REH_clim_exp2_009","Soil",6,"25 C",0.25,12530.2,3.133316,"A",6.220324,2.918506,-6.005514
"223","2022_09_06_REH_clim_exp2_010","Soil",7,"25 C",0.25,59169.3,6.864444,"A",6.220324,2.918506,-2.274386
"224","2022_09_06_REH_clim_exp2_011","Soil",8,"25 C",0.25,8793.2,2.834356,"A",6.220324,2.918506,-6.304474
"225","2022_09_06_REH_clim_exp2_012","Soil",9,"25 C",0.25,12094.2,3.098436,"A",6.220324,2.918506,-6.040394
"226","2022_09_06_REH_clim_exp2_014","Soil",1,"25 C",0.5,2146.2,2.302596,"A",6.220324,2.918506,-6.836234
"227","2022_09_06_REH_clim_exp2_015","Soil",2,"25 C",0.5,92261.9,9.511852,"A",6.220324,2.918506,0.373021999999999
"228","2022_09_06_REH_clim_exp2_016","Soil",3,"25 C",0.5,17137.5,3.5019,"A",6.220324,2.918506,-5.63693
"229","2022_09_06_REH_clim_exp2_017","Soil",4,"25 C",0.5,2445.6,2.326548,"A",6.220324,2.918506,-6.812282
"230","2022_09_06_REH_clim_exp2_018","Soil",5,"25 C",0.5,4494,2.49042,"A",6.220324,2.918506,-6.64841
"231","2022_09_06_REH_clim_exp2_019","Soil",6,"25 C",0.5,29710.9,4.507772,"A",6.220324,2.918506,-4.631058
"232","2022_09_06_REH_clim_exp2_020","Soil",7,"25 C",0.5,6983,2.68954,"A",6.220324,2.918506,-6.44929
"233","2022_09_06_REH_clim_exp2_021","Soil",8,"25 C",0.5,15017.6,3.332308,"A",6.220324,2.918506,-5.806522
"234","2022_09_06_REH_clim_exp2_022","Soil",9,"25 C",0.5,36995.3,5.090524,"A",6.220324,2.918506,-4.048306
"235","2022_09_06_REH_clim_exp2_024","Soil",1,"25 C",1,28646.5,4.42262,"A",6.220324,2.918506,-4.71621
"236","2022_09_06_REH_clim_exp2_025","Soil",2,"25 C",1,88798.2,9.234756,"A",6.220324,2.918506,0.0959260000000004
"237","2022_09_06_REH_clim_exp2_026","Soil",3,"25 C",1,43466.4,5.608212,"A",6.220324,2.918506,-3.530618
"238","2022_09_06_REH_clim_exp2_027","Soil",4,"25 C",1,10606.5,2.97942,"A",6.220324,2.918506,-6.15941
"239","2022_09_06_REH_clim_exp2_028","Soil",5,"25 C",1,10028.8,2.933204,"A",6.220324,2.918506,-6.205626
"240","2022_09_06_REH_clim_exp2_029","Soil",6,"25 C",1,3375.9,2.400972,"A",6.220324,2.918506,-6.737858
"241","2022_09_06_REH_clim_exp2_030","Soil",7,"25 C",1,6706.4,2.667412,"A",6.220324,2.918506,-6.471418
"242","2022_09_06_REH_clim_exp2_031","Soil",8,"25 C",1,13641.8,3.222244,"A",6.220324,2.918506,-5.916586
"243","2022_09_06_REH_clim_exp2_032","Soil",9,"25 C",1,15780.5,3.39334,"A",6.220324,2.918506,-5.74549
"244","2022_09_06_REH_clim_exp2_034","Soil",1,"25 C",0.1,13399.4,3.202852,"A",6.220324,2.918506,-5.935978
"245","2022_09_06_REH_clim_exp2_035","Soil",2,"25 C",0.1,7064.9,2.696092,"A",6.220324,2.918506,-6.442738
"246","2022_09_06_REH_clim_exp2_036","Soil",3,"25 C",0.1,23589.4,4.018052,"A",6.220324,2.918506,-5.120778
"247","2022_09_06_REH_clim_exp2_037","Soil",4,"25 C",0.1,6923.4,2.684772,"A",6.220324,2.918506,-6.454058
"248","2022_09_06_REH_clim_exp2_038","Soil",5,"25 C",0.1,15887.9,3.401932,"A",6.220324,2.918506,-5.736898
"249","2022_09_06_REH_clim_exp2_039","Soil",6,"25 C",0.1,44058.6,5.655588,"A",6.220324,2.918506,-3.483242
"250","2022_09_06_REH_clim_exp2_040","Soil",7,"25 C",0.1,14260,3.2717,"A",6.220324,2.918506,-5.86713
"251","2022_09_06_REH_clim_exp2_041","Soil",8,"25 C",0.1,10919.8,3.004484,"A",6.220324,2.918506,-6.134346
"252","2022_09_06_REH_clim_exp2_042","Soil",9,"25 C",0.1,7762.2,2.751876,"A",6.220324,2.918506,-6.386954
"253","2022_09_06_REH_clim_exp2_052","Litter",1,"25 C",0.25,35135.3,4.941724,"A",6.220324,3.594198,-4.872798
"254","2022_09_06_REH_clim_exp2_053","Litter",2,"25 C",0.25,31483.5,4.64958,"A",6.220324,3.594198,-5.164942
"255","2022_09_06_REH_clim_exp2_054","Litter",3,"25 C",0.25,20233.3,3.749564,"A",6.220324,3.594198,-6.064958
"256","2022_09_06_REH_clim_exp2_055","Litter",4,"25 C",0.25,19833.2,3.717556,"A",6.220324,3.594198,-6.096966
"257","2022_09_06_REH_clim_exp2_056","Litter",5,"25 C",0.25,31456.2,4.647396,"A",6.220324,3.594198,-5.167126
"258","2022_09_06_REH_clim_exp2_057","Litter",6,"25 C",0.25,20259.7,3.751676,"A",6.220324,3.594198,-6.062846
"259","2022_09_06_REH_clim_exp2_058","Litter",7,"25 C",0.25,19753.3,3.711164,"A",6.220324,3.594198,-6.103358
"260","2022_09_06_REH_clim_exp2_059","Litter",8,"25 C",0.25,21639,3.86202,"A",6.220324,3.594198,-5.952502
"261","2022_09_06_REH_clim_exp2_060","Litter",9,"25 C",0.25,21953.2,3.887156,"A",6.220324,3.594198,-5.927366
"262","2022_09_06_REH_clim_exp2_062","Litter",1,"25 C",0.5,35394.8,4.962484,"A",6.220324,3.594198,-4.852038
"263","2022_09_06_REH_clim_exp2_063","Litter",2,"25 C",0.5,31125.3,4.620924,"A",6.220324,3.594198,-5.193598
"264","2022_09_06_REH_clim_exp2_064","Litter",3,"25 C",0.5,39595.6,5.298548,"A",6.220324,3.594198,-4.515974
"265","2022_09_06_REH_clim_exp2_065","Litter",4,"25 C",0.5,33565.7,4.816156,"A",6.220324,3.594198,-4.998366
"266","2022_09_06_REH_clim_exp2_066","Litter",5,"25 C",0.5,35489.4,4.970052,"A",6.220324,3.594198,-4.84447
"267","2022_09_06_REH_clim_exp2_067","Litter",6,"25 C",0.5,42369.9,5.520492,"A",6.220324,3.594198,-4.29403
"268","2022_09_06_REH_clim_exp2_068","Litter",7,"25 C",0.5,57581.3,6.737404,"A",6.220324,3.594198,-3.077118
"269","2022_09_06_REH_clim_exp2_069","Litter",8,"25 C",0.5,25438.6,4.165988,"A",6.220324,3.594198,-5.648534
"270","2022_09_06_REH_clim_exp2_070","Litter",9,"25 C",0.5,35254.5,4.95126,"A",6.220324,3.594198,-4.863262
"271","2022_09_06_REH_clim_exp2_072","Litter",1,"25 C",1,79751,8.51098,"A",6.220324,3.594198,-1.303542
"272","2022_09_06_REH_clim_exp2_073","Litter",2,"25 C",1,79039.1,8.454028,"A",6.220324,3.594198,-1.360494
"273","2022_09_06_REH_clim_exp2_074","Litter",3,"25 C",1,46254.6,5.831268,"A",6.220324,3.594198,-3.983254
"274","2022_09_06_REH_clim_exp2_075","Litter",4,"25 C",1,148114.6,13.980068,"A",6.220324,3.594198,4.165546
"275","2022_09_06_REH_clim_exp2_076","Litter",5,"25 C",1,76915.1,8.284108,"A",6.220324,3.594198,-1.530414
"276","2022_09_06_REH_clim_exp2_077","Litter",6,"25 C",1,34446.7,4.886636,"A",6.220324,3.594198,-4.927886
"277","2022_09_06_REH_clim_exp2_078","Litter",7,"25 C",1,55218.8,6.548404,"A",6.220324,3.594198,-3.266118
"278","2022_09_06_REH_clim_exp2_079","Litter",8,"25 C",1,112373.1,11.120748,"A",6.220324,3.594198,1.306226
"279","2022_09_06_REH_clim_exp2_080","Litter",9,"25 C",1,88399.6,9.202868,"A",6.220324,3.594198,-0.611654
"280","2022_09_06_REH_clim_exp2_082","Litter",1,"25 C",1.5,5612.8,2.579924,"A",6.220324,3.594198,-7.234598
"281","2022_09_06_REH_clim_exp2_083","Litter",2,"25 C",1.5,132347.2,12.718676,"A",6.220324,3.594198,2.904154
"282","2022_09_06_REH_clim_exp2_084","Litter",3,"25 C",1.5,56243,6.63034,"A",6.220324,3.594198,-3.184182
"283","2022_09_06_REH_clim_exp2_085","Litter",4,"25 C",1.5,51436.1,6.245788,"A",6.220324,3.594198,-3.568734
"284","2022_09_06_REH_clim_exp2_086","Litter",5,"25 C",1.5,33693.5,4.82638,"A",6.220324,3.594198,-4.988142
"285","2022_09_06_REH_clim_exp2_087","Litter",6,"25 C",1.5,16947.9,3.486732,"A",6.220324,3.594198,-6.32779
"286","2022_09_06_REH_clim_exp2_088","Litter",7,"25 C",1.5,25362.6,4.159908,"A",6.220324,3.594198,-5.654614
"287","2022_09_06_REH_clim_exp2_089","Litter",8,"25 C",1.5,22357.5,3.9195,"A",6.220324,3.594198,-5.895022
"288","2022_09_06_REH_clim_exp2_090","Litter",9,"25 C",1.5,18519.9,3.612492,"A",6.220324,3.594198,-6.20203
"289","2022_09_06_REH_clim_exp2_095","Wood",1,"25 C",0.25,95011.2,9.731796,"A",6.220324,15.129416,-11.617944
"290","2022_09_06_REH_clim_exp2_096","Wood",2,"25 C",0.25,18612.8,3.619924,"A",6.220324,15.129416,-17.729816
"291","2022_09_06_REH_clim_exp2_097","Wood",3,"25 C",0.25,128360.5,12.39974,"A",6.220324,15.129416,-8.95
"292","2022_09_06_REH_clim_exp2_098","Wood",4,"25 C",0.25,13808.5,3.23558,"A",6.220324,15.129416,-18.11416
"293","2022_09_06_REH_clim_exp2_099","Wood",5,"25 C",0.25,36236.2,5.029796,"A",6.220324,15.129416,-16.319944
"294","2022_09_06_REH_clim_exp2_100","Wood",6,"25 C",0.25,19425.8,3.684964,"A",6.220324,15.129416,-17.664776
"295","2022_09_06_REH_clim_exp2_101","Wood",7,"25 C",0.25,32061.1,4.695788,"A",6.220324,15.129416,-16.653952
"296","2022_09_06_REH_clim_exp2_102","Wood",8,"25 C",0.25,238475.6,21.208948,"A",6.220324,15.129416,-0.140791999999994
"297","2022_09_06_REH_clim_exp2_103","Wood",9,"25 C",0.25,17185.5,3.50574,"A",6.220324,15.129416,-17.844
"298","2022_09_06_REH_clim_exp2_108","Wood",4,"25 C",0.5,62971.8,7.168644,"A",6.220324,15.129416,-14.181096
"299","2022_09_06_REH_clim_exp2_109","Wood",1,"25 C",0.5,151200.2,14.226916,"A",6.220324,15.129416,-7.12282399999999
"300","2022_09_06_REH_clim_exp2_110","Wood",2,"25 C",0.5,59559.1,6.895628,"A",6.220324,15.129416,-14.454112
"301","2022_09_06_REH_clim_exp2_111","Wood",3,"25 C",0.5,55859.7,6.599676,"A",6.220324,15.129416,-14.750064
"302","2022_09_06_REH_clim_exp2_112","Wood",5,"25 C",0.5,60742.8,6.990324,"A",6.220324,15.129416,-14.359416
"303","2022_09_06_REH_clim_exp2_113","Wood",6,"25 C",0.5,82372.5,8.7207,"A",6.220324,15.129416,-12.62904
"304","2022_09_06_REH_clim_exp2_114","Wood",7,"25 C",0.5,89781.9,9.313452,"A",6.220324,15.129416,-12.036288
"305","2022_09_06_REH_clim_exp2_115","Wood",8,"25 C",0.5,122297.2,11.914676,"A",6.220324,15.129416,-9.435064
"306","2022_09_06_REH_clim_exp2_116","Wood",9,"25 C",0.5,168919.7,15.644476,"A",6.220324,15.129416,-5.70526399999999
"307","2022_09_06_REH_clim_exp2_118","Wood",1,"25 C",1,83358,8.79954,"A",6.220324,15.129416,-12.5502
"308","2022_09_06_REH_clim_exp2_119","Wood",2,"25 C",1,107116.9,10.700252,"A",6.220324,15.129416,-10.649488
"309","2022_09_06_REH_clim_exp2_120","Wood",3,"25 C",1,52284.2,6.313636,"A",6.220324,15.129416,-15.036104
"310","2022_09_06_REH_clim_exp2_121","Wood",4,"25 C",1,248197.8,21.986724,"A",6.220324,15.129416,0.636984000000005
"311","2022_09_06_REH_clim_exp2_122","Wood",5,"25 C",1,101807.6,10.275508,"A",6.220324,15.129416,-11.074232
"312","2022_09_06_REH_clim_exp2_123","Wood",6,"25 C",1,68611.9,7.619852,"A",6.220324,15.129416,-13.729888
"313","2022_09_06_REH_clim_exp2_124","Wood",7,"25 C",1,284804.9,24.915292,"A",6.220324,15.129416,3.56555200000001
"314","2022_09_06_REH_clim_exp2_125","Wood",8,"25 C",1,43194.2,5.586436,"A",6.220324,15.129416,-15.763304
"315","2022_09_06_REH_clim_exp2_126","Wood",9,"25 C",1,95664.3,9.784044,"A",6.220324,15.129416,-11.565696
"316","2022_09_06_REH_clim_exp2_128","Wood",1,"25 C",1.5,104845.9,10.518572,"A",6.220324,15.129416,-10.831168
"317","2022_09_06_REH_clim_exp2_129","Wood",2,"25 C",1.5,251111.5,22.21982,"A",6.220324,15.129416,0.870080000000005
"318","2022_09_06_REH_clim_exp2_130","Wood",3,"25 C",1.5,135794.2,12.994436,"A",6.220324,15.129416,-8.35530399999999
"319","2022_09_06_REH_clim_exp2_131","Wood",4,"25 C",1.5,276446.7,24.246636,"A",6.220324,15.129416,2.89689600000001
"320","2022_09_06_REH_clim_exp2_132","Wood",5,"25 C",1.5,351955.7,30.287356,"A",6.220324,15.129416,8.93761600000001
"321","2022_09_06_REH_clim_exp2_133","Wood",6,"25 C",1.5,425276,36.15298,"A",6.220324,15.129416,14.80324
"322","2022_09_06_REH_clim_exp2_134","Wood",7,"25 C",1.5,126689.6,12.266068,"A",6.220324,15.129416,-9.08367199999999
"323","2022_09_06_REH_clim_exp2_135","Wood",8,"25 C",1.5,542074.4,45.496852,"A",6.220324,15.129416,24.147112
"324","2022_09_06_REH_clim_exp2_136","Wood",9,"25 C",1.5,139232.6,13.269508,"A",6.220324,15.129416,-8.080232
"325","2022_09_08_REH_clim_exp2_017","Wood",1,"35 C",0.25,85227.1,8.670068,"A",6.220324,8.261408,-5.811664
"326","2022_09_08_REH_clim_exp2_018","Wood",2,"35 C",0.25,45530.4,5.494332,"A",6.220324,8.261408,-8.9874
"327","2022_09_08_REH_clim_exp2_019","Wood",3,"35 C",0.25,134084.8,12.578684,"A",6.220324,8.261408,-1.903048
"328","2022_09_08_REH_clim_exp2_020","Wood",4,"35 C",0.25,24824.7,3.837876,"A",6.220324,8.261408,-10.643856
"329","2022_09_08_REH_clim_exp2_021","Wood",5,"35 C",0.25,23756.1,3.752388,"A",6.220324,8.261408,-10.729344
"330","2022_09_08_REH_clim_exp2_022","Wood",6,"35 C",0.25,33152.9,4.504132,"A",6.220324,8.261408,-9.9776
"331","2022_09_08_REH_clim_exp2_023","Wood",7,"35 C",0.25,90226.1,9.069988,"A",6.220324,8.261408,-5.411744
"332","2022_09_08_REH_clim_exp2_024","Wood",8,"35 C",0.25,72447.3,7.647684,"A",6.220324,8.261408,-6.834048
"333","2022_09_08_REH_clim_exp2_025","Wood",9,"35 C",0.25,15862.1,3.120868,"A",6.220324,8.261408,-11.360864
"334","2022_09_08_REH_clim_exp2_027","Wood",1,"35 C",0.5,88887.9,8.962932,"A",6.220324,8.261408,-5.5188
"335","2022_09_08_REH_clim_exp2_028","Wood",2,"35 C",0.5,122174.8,11.625884,"A",6.220324,8.261408,-2.855848
"336","2022_09_08_REH_clim_exp2_029","Wood",3,"35 C",0.5,107165.8,10.425164,"A",6.220324,8.261408,-4.056568
"337","2022_09_08_REH_clim_exp2_030","Wood",4,"35 C",0.5,39459.8,5.008684,"A",6.220324,8.261408,-9.473048
"338","2022_09_08_REH_clim_exp2_031","Wood",5,"35 C",0.5,78565.9,8.137172,"A",6.220324,8.261408,-6.34456
"339","2022_09_08_REH_clim_exp2_032","Wood",6,"35 C",0.5,60503,6.69214,"A",6.220324,8.261408,-7.789592
"340","2022_09_08_REH_clim_exp2_033","Wood",7,"35 C",0.5,83044.1,8.495428,"A",6.220324,8.261408,-5.986304
"341","2022_09_08_REH_clim_exp2_034","Wood",8,"35 C",0.5,47320.5,5.63754,"A",6.220324,8.261408,-8.844192
"342","2022_09_08_REH_clim_exp2_035","Wood",9,"35 C",0.5,43291.1,5.315188,"A",6.220324,8.261408,-9.166544
"343","2022_09_08_REH_clim_exp2_037","Wood",1,"35 C",1,173983.5,15.77058,"A",6.220324,8.261408,1.288848
"344","2022_09_08_REH_clim_exp2_038","Wood",2,"35 C",1,213509,18.93262,"A",6.220324,8.261408,4.450888
"345","2022_09_08_REH_clim_exp2_039","Wood",3,"35 C",1,125726.2,11.909996,"A",6.220324,8.261408,-2.571736
"346","2022_09_08_REH_clim_exp2_040","Wood",4,"35 C",1,303616.5,26.14122,"A",6.220324,8.261408,11.659488
"347","2022_09_08_REH_clim_exp2_041","Wood",5,"35 C",1,34345,4.5995,"A",6.220324,8.261408,-9.882232
"348","2022_09_08_REH_clim_exp2_042","Wood",6,"35 C",1,36525,4.7739,"A",6.220324,8.261408,-9.707832
"349","2022_09_08_REH_clim_exp2_043","Wood",7,"35 C",1,16611.4,3.180812,"A",6.220324,8.261408,-11.30092
"350","2022_09_08_REH_clim_exp2_044","Wood",8,"35 C",1,462546.4,38.855612,"A",6.220324,8.261408,24.37388
"351","2022_09_08_REH_clim_exp2_045","Wood",9,"35 C",1,16781.3,3.194404,"A",6.220324,8.261408,-11.287328
"352","2022_09_08_REH_clim_exp2_047","Wood",1,"35 C",1.5,431549,36.37582,"A",6.220324,8.261408,21.894088
"353","2022_09_08_REH_clim_exp2_048","Wood",2,"35 C",1.5,258643.6,22.543388,"A",6.220324,8.261408,8.061656
"354","2022_09_08_REH_clim_exp2_049","Wood",3,"35 C",1.5,237683.6,20.866588,"A",6.220324,8.261408,6.384856
"355","2022_09_08_REH_clim_exp2_050","Wood",4,"35 C",1.5,79317.1,8.197268,"A",6.220324,8.261408,-6.284464
"356","2022_09_08_REH_clim_exp2_051","Wood",5,"35 C",1.5,134096.4,12.579612,"A",6.220324,8.261408,-1.90212
"357","2022_09_08_REH_clim_exp2_052","Wood",6,"35 C",1.5,316140.3,27.143124,"A",6.220324,8.261408,12.661392
"358","2022_09_08_REH_clim_exp2_053","Wood",7,"35 C",1.5,157597.6,14.459708,"A",6.220324,8.261408,-0.0220239999999983
"359","2022_09_08_REH_clim_exp2_054","Wood",8,"35 C",1.5,40237.6,5.070908,"A",6.220324,8.261408,-9.410824
"360","2022_09_08_REH_clim_exp2_055","Wood",9,"35 C",1.5,92615,9.2611,"A",6.220324,8.261408,-5.220632
"361","2022_09_08_REH_clim_exp2_060","Soil",1,"35 C",0.1,1026714.2,83.989036,"A",6.220324,5.329488,72.439224
"362","2022_09_08_REH_clim_exp2_061","Soil",2,"35 C",0.1,2511964,202.80902,"A",6.220324,5.329488,191.259208
"363","2022_09_08_REH_clim_exp2_062","Soil",3,"35 C",0.1,39511.5,5.01282,"A",6.220324,5.329488,-6.536992
"364","2022_09_08_REH_clim_exp2_063","Soil",4,"35 C",0.1,15256.5,3.07242,"A",6.220324,5.329488,-8.477392
"365","2022_09_08_REH_clim_exp2_064","Soil",5,"35 C",0.1,14371.9,3.001652,"A",6.220324,5.329488,-8.54816
"366","2022_09_08_REH_clim_exp2_065","Soil",6,"35 C",0.1,76369.8,7.961484,"A",6.220324,5.329488,-3.588328
"367","2022_09_08_REH_clim_exp2_066","Soil",7,"35 C",0.1,11145,2.7435,"A",6.220324,5.329488,-8.806312
"368","2022_09_08_REH_clim_exp2_067","Soil",8,"35 C",0.1,13491.7,2.931236,"A",6.220324,5.329488,-8.618576
"369","2022_09_08_REH_clim_exp2_068","Soil",9,"35 C",0.1,41122.3,5.141684,"A",6.220324,5.329488,-6.408128
"370","2022_09_08_REH_clim_exp2_070","Soil",1,"35 C",1,39105.4,4.980332,"A",6.220324,5.329488,-6.56948
"371","2022_09_08_REH_clim_exp2_071","Soil",2,"35 C",1,31350.6,4.359948,"A",6.220324,5.329488,-7.189864
"372","2022_09_08_REH_clim_exp2_072","Soil",3,"35 C",1,18521.5,3.33362,"A",6.220324,5.329488,-8.216192
"373","2022_09_08_REH_clim_exp2_073","Soil",4,"35 C",1,21089.8,3.539084,"A",6.220324,5.329488,-8.010728
"374","2022_09_08_REH_clim_exp2_074","Soil",5,"35 C",1,19531,3.41438,"A",6.220324,5.329488,-8.135432
"375","2022_09_08_REH_clim_exp2_075","Soil",6,"35 C",1,6005.3,2.332324,"A",6.220324,5.329488,-9.217488
"376","2022_09_08_REH_clim_exp2_076","Soil",7,"35 C",1,20402.4,3.484092,"A",6.220324,5.329488,-8.06572
"377","2022_09_08_REH_clim_exp2_077","Soil",8,"35 C",1,24325.8,3.797964,"A",6.220324,5.329488,-7.751848
"378","2022_09_08_REH_clim_exp2_078","Soil",9,"35 C",1,28910.3,4.164724,"A",6.220324,5.329488,-7.385088
"379","2022_09_08_REH_clim_exp2_080","Soil",1,"35 C",0.5,28575.1,4.137908,"A",6.220324,5.329488,-7.411904
"380","2022_09_08_REH_clim_exp2_081","Soil",2,"35 C",0.5,49585.6,5.818748,"A",6.220324,5.329488,-5.731064
"381","2022_09_08_REH_clim_exp2_082","Soil",3,"35 C",0.5,11903.8,2.804204,"A",6.220324,5.329488,-8.745608
"382","2022_09_08_REH_clim_exp2_083","Soil",4,"35 C",0.5,9180.3,2.586324,"A",6.220324,5.329488,-8.963488
"383","2022_09_08_REH_clim_exp2_084","Soil",5,"35 C",0.5,26721.7,3.989636,"A",6.220324,5.329488,-7.560176
"384","2022_09_08_REH_clim_exp2_085","Soil",6,"35 C",0.5,18513.4,3.332972,"A",6.220324,5.329488,-8.21684
"385","2022_09_08_REH_clim_exp2_086","Soil",7,"35 C",0.5,17136.1,3.222788,"A",6.220324,5.329488,-8.327024
"386","2022_09_08_REH_clim_exp2_087","Soil",8,"35 C",0.5,16643.6,3.183388,"A",6.220324,5.329488,-8.366424
"387","2022_09_08_REH_clim_exp2_088","Soil",9,"35 C",0.5,66127.8,7.142124,"A",6.220324,5.329488,-4.407688
"388","2022_09_08_REH_clim_exp2_090","Soil",1,"35 C",0.25,14725.1,3.029908,"A",6.220324,5.329488,-8.519904
"389","2022_09_08_REH_clim_exp2_091","Soil",2,"35 C",0.25,20005.5,3.45234,"A",6.220324,5.329488,-8.097472
"390","2022_09_08_REH_clim_exp2_092","Soil",3,"35 C",0.25,21550.9,3.575972,"A",6.220324,5.329488,-7.97384
"391","2022_09_08_REH_clim_exp2_093","Soil",4,"35 C",0.25,18504.7,3.332276,"A",6.220324,5.329488,-8.217536
"392","2022_09_08_REH_clim_exp2_094","Soil",5,"35 C",0.25,14158.7,2.984596,"A",6.220324,5.329488,-8.565216
"393","2022_09_08_REH_clim_exp2_095","Soil",6,"35 C",0.25,15182.5,3.0665,"A",6.220324,5.329488,-8.483312
"394","2022_09_08_REH_clim_exp2_096","Soil",7,"35 C",0.25,10617.6,2.701308,"A",6.220324,5.329488,-8.848504
"395","2022_09_08_REH_clim_exp2_097","Soil",8,"35 C",0.25,16947.7,3.207716,"A",6.220324,5.329488,-8.342096
"396","2022_09_08_REH_clim_exp2_098","Soil",9,"35 C",0.25,15506.3,3.092404,"A",6.220324,5.329488,-8.457408
"397","2022_09_08_REH_clim_exp2_103","Litter",1,"35 C",0.25,190335.7,17.078756,"A",6.220324,12.612708,-1.754276
"398","2022_09_08_REH_clim_exp2_104","Litter",2,"35 C",0.25,178284.9,16.114692,"A",6.220324,12.612708,-2.71834
"399","2022_09_08_REH_clim_exp2_105","Litter",3,"35 C",0.25,217746,19.27158,"A",6.220324,12.612708,0.438548000000001
"400","2022_09_08_REH_clim_exp2_106","Litter",4,"35 C",0.25,83300.4,8.515932,"A",6.220324,12.612708,-10.3171
"401","2022_09_08_REH_clim_exp2_107","Litter",5,"35 C",0.25,126359.5,11.96066,"A",6.220324,12.612708,-6.872372
"402","2022_09_08_REH_clim_exp2_108","Litter",6,"35 C",0.25,123841.2,11.759196,"A",6.220324,12.612708,-7.073836
"403","2022_09_08_REH_clim_exp2_109","Litter",7,"35 C",0.25,84143.9,8.583412,"A",6.220324,12.612708,-10.24962
"404","2022_09_08_REH_clim_exp2_110","Litter",8,"35 C",0.25,105365.7,10.281156,"A",6.220324,12.612708,-8.551876
"405","2022_09_08_REH_clim_exp2_111","Litter",9,"35 C",0.25,48351,5.71998,"A",6.220324,12.612708,-13.113052
"406","2022_09_08_REH_clim_exp2_113","Litter",1,"35 C",0.5,147097,13.61966,"A",6.220324,12.612708,-5.213372
"407","2022_09_08_REH_clim_exp2_114","Litter",2,"35 C",0.5,135344.4,12.679452,"A",6.220324,12.612708,-6.15358
"408","2022_09_08_REH_clim_exp2_115","Litter",3,"35 C",0.5,143238.8,13.311004,"A",6.220324,12.612708,-5.522028
"409","2022_09_08_REH_clim_exp2_116","Litter",4,"35 C",0.5,149082.6,13.778508,"A",6.220324,12.612708,-5.054524
"410","2022_09_08_REH_clim_exp2_117","Litter",5,"35 C",0.5,38874.5,4.96186,"A",6.220324,12.612708,-13.871172
"411","2022_09_08_REH_clim_exp2_118","Litter",6,"35 C",0.5,57110.2,6.420716,"A",6.220324,12.612708,-12.412316
"412","2022_09_08_REH_clim_exp2_119","Litter",7,"35 C",0.5,285237,24.67086,"A",6.220324,12.612708,5.837828
"413","2022_09_08_REH_clim_exp2_120","Litter",8,"35 C",0.5,188622,16.94166,"A",6.220324,12.612708,-1.891372
"414","2022_09_08_REH_clim_exp2_121","Litter",9,"35 C",0.5,170960.2,15.528716,"A",6.220324,12.612708,-3.304316
"415","2022_09_08_REH_clim_exp2_123","Litter",1,"35 C",1,284392,24.60326,"A",6.220324,12.612708,5.770228
"416","2022_09_08_REH_clim_exp2_124","Litter",2,"35 C",1,308144.2,26.503436,"A",6.220324,12.612708,7.670404
"417","2022_09_08_REH_clim_exp2_125","Litter",3,"35 C",1,111135.6,10.742748,"A",6.220324,12.612708,-8.090284
"418","2022_09_08_REH_clim_exp2_126","Litter",4,"35 C",1,186572.8,16.777724,"A",6.220324,12.612708,-2.055308
"419","2022_09_08_REH_clim_exp2_127","Litter",5,"35 C",1,159810.1,14.636708,"A",6.220324,12.612708,-4.196324
"420","2022_09_08_REH_clim_exp2_128","Litter",6,"35 C",1,254044.1,22.175428,"A",6.220324,12.612708,3.342396
"421","2022_09_08_REH_clim_exp2_129","Litter",7,"35 C",1,306829.1,26.398228,"A",6.220324,12.612708,7.565196
"422","2022_09_08_REH_clim_exp2_130","Litter",8,"35 C",1,139071.3,12.977604,"A",6.220324,12.612708,-5.855428
"423","2022_09_08_REH_clim_exp2_131","Litter",9,"35 C",1,203366.5,18.12122,"A",6.220324,12.612708,-0.711812000000002
"424","2022_09_08_REH_clim_exp2_133","Litter",1,"35 C",1.5,315786.3,27.114804,"A",6.220324,12.612708,8.281772
"425","2022_09_08_REH_clim_exp2_134","Litter",2,"35 C",1.5,141128.3,13.142164,"A",6.220324,12.612708,-5.690868
"426","2022_09_08_REH_clim_exp2_135","Litter",3,"35 C",1.5,259813.5,22.63698,"A",6.220324,12.612708,3.803948
"427","2022_09_08_REH_clim_exp2_136","Litter",4,"35 C",1.5,103112.5,10.1009,"A",6.220324,12.612708,-8.732132
"428","2022_09_08_REH_clim_exp2_137","Litter",5,"35 C",1.5,277276.4,24.034012,"A",6.220324,12.612708,5.20098
"429","2022_09_08_REH_clim_exp2_138","Litter",6,"35 C",1.5,179932.2,16.246476,"A",6.220324,12.612708,-2.586556
"430","2022_09_08_REH_clim_exp2_139","Litter",7,"35 C",1.5,188900.3,16.963924,"A",6.220324,12.612708,-1.869108
"431","2022_09_08_REH_clim_exp2_140","Litter",8,"35 C",1.5,138962.4,12.968892,"A",6.220324,12.612708,-5.86414
"432","2022_09_08_REH_clim_exp2_141","Litter",9,"35 C",1.5,253298.6,22.115788,"A",6.220324,12.612708,3.282756
