niche,sample_no,temp_C,moist,ppm,Bag_ID,avg_blank,bag_avg,ppm_corrected,incubation_time
Litter,1,5,25,2.32206,AB,2.06210175,2.1591825,-1.89922425,24
Litter,2,5,25,2.533506,AB,2.06210175,2.1591825,-1.68777825,24
Litter,3,5,25,2.172525,AB,2.06210175,2.1591825,-2.04875925,24
Litter,4,5,25,2.819832,AB,2.06210175,2.1591825,-1.40145225,24
Litter,5,5,25,2.274162,AB,2.06210175,2.1591825,-1.94712225,24
Litter,6,5,25,2.113251,AB,2.06210175,2.1591825,-2.10803325,24
Litter,7,5,25,3.705378,AB,2.06210175,2.1591825,-0.51590625,24
Litter,8,5,25,2.231574,AB,2.06210175,2.1591825,-1.98971025,24
Litter,9,5,25,2.567031,AB,2.06210175,2.1591825,-1.65425325,24
Litter,1,5,50,2.273442,AB,2.06210175,2.1591825,-1.94784225,24
Litter,2,5,50,1.8582,AB,2.06210175,2.1591825,-2.36308425,24
Litter,3,5,50,1.995639,AB,2.06210175,2.1591825,-2.22564525,24
Litter,4,5,50,2.07033,AB,2.06210175,2.1591825,-2.15095425,24
Litter,5,5,50,2.544765,AB,2.06210175,2.1591825,-1.67651925,24
Litter,6,5,50,2.345271,AB,2.06210175,2.1591825,-1.87601325,24
Litter,7,5,50,2.69322,AB,2.06210175,2.1591825,-1.52806425,24
Litter,8,5,50,2.305851,AB,2.06210175,2.1591825,-1.91543325,24
Litter,9,5,50,2.340384,AB,2.06210175,2.1591825,-1.88090025,24
Litter,1,5,100,2.505336,AB,2.06210175,2.1591825,-1.71594825,24
Litter,2,5,100,2.312961,AB,2.06210175,2.1591825,-1.90832325,24
Litter,3,5,100,2.428593,AB,2.06210175,2.1591825,-1.79269125,24
Litter,4,5,100,2.155686,AB,2.06210175,2.1591825,-2.06559825,24
Litter,5,5,100,2.135247,AB,2.06210175,2.1591825,-2.08603725,24
Litter,6,5,100,3.260724,AB,2.06210175,2.1591825,-0.96056025,24
Litter,7,5,100,2.750217,AB,2.06210175,2.1591825,-1.47106725,24
Litter,8,5,100,2.414607,AB,2.06210175,2.1591825,-1.80667725,24
Litter,9,5,100,2.218911,AB,2.06210175,2.1591825,-2.00237325,24
Litter,1,5,150,2.469741,AB,2.06210175,2.1591825,-1.75154325,24
Litter,2,5,150,2.502195,AB,2.06210175,2.1591825,-1.71908925,24
Litter,3,5,150,2.481225,AB,2.06210175,2.1591825,-1.74005925,24
Litter,4,5,150,2.385942,AB,2.06210175,2.1591825,-1.83534225,24
Litter,5,5,150,3.099606,AB,2.06210175,2.1591825,-1.12167825,24
Litter,6,5,150,2.506299,AB,2.06210175,2.1591825,-1.71498525,24
Litter,7,5,150,3.360003,AB,2.06210175,2.1591825,-0.86128125,24
Litter,8,5,150,6.459972,AB,2.06210175,2.1591825,2.23868775,24
Litter,9,5,150,1.998096,AB,2.06210175,2.1591825,-2.22318825,24
Soil,1,5,25,2.764596,AB,2.580342,2.1591825,-1.9749285,23.75
Soil,2,5,25,2.59934,AB,2.580342,2.1591825,-2.1401845,23.75
Soil,3,5,25,3.91218,AB,2.580342,2.1591825,-0.8273445,23.75
Soil,4,5,25,2.612652,AB,2.580342,2.1591825,-2.1268725,23.75
Soil,5,5,25,2.596908,AB,2.580342,2.1591825,-2.1426165,23.75
Soil,6,5,25,2.836036,AB,2.580342,2.1591825,-1.9034885,23.75
Soil,7,5,25,2.635572,AB,2.580342,2.1591825,-2.1039525,23.75
Soil,8,5,25,2.747988,AB,2.580342,2.1591825,-1.9915365,23.75
Soil,9,5,25,2.68378,AB,2.580342,2.1591825,-2.0557445,23.75
Soil,1,5,50,2.6321,AB,2.580342,2.1591825,-2.1074245,23.75
Soil,2,5,50,3.49886,AB,2.580342,2.1591825,-1.2406645,23.75
Soil,3,5,50,2.622124,AB,2.580342,2.1591825,-2.1174005,23.75
Soil,4,5,50,2.632308,AB,2.580342,2.1591825,-2.1072165,23.75
Soil,5,5,50,2.468028,AB,2.580342,2.1591825,-2.2714965,23.75
Soil,6,5,50,2.8945,AB,2.580342,2.1591825,-1.8450245,23.75
Soil,7,5,50,3.015756,AB,2.580342,2.1591825,-1.7237685,23.75
Soil,8,5,50,2.511556,AB,2.580342,2.1591825,-2.2279685,23.75
Soil,9,5,50,2.89114,AB,2.580342,2.1591825,-1.8483845,23.75
Soil,1,5,100,2.954676,AB,2.580342,2.1591825,-1.7848485,23.75
Soil,2,5,100,3.345516,AB,2.580342,2.1591825,-1.3940085,23.75
Soil,3,5,100,3.370812,AB,2.580342,2.1591825,-1.3687125,23.75
Soil,4,5,100,10.370076,AB,2.580342,2.1591825,5.6305515,23.75
Soil,5,5,100,3.55414,AB,2.580342,2.1591825,-1.1853845,23.75
Soil,6,5,100,2.74662,AB,2.580342,2.1591825,-1.9929045,23.75
Soil,7,5,100,2.40806,AB,2.580342,2.1591825,-2.3314645,23.75
Soil,8,5,100,2.872932,AB,2.580342,2.1591825,-1.8665925,23.75
Soil,9,5,100,3.737852,AB,2.580342,2.1591825,-1.0016725,23.75
Soil,1,5,10,2.530932,AB,2.580342,2.1591825,-2.2085925,23.75
Soil,3,5,10,2.51302,AB,2.580342,2.1591825,-2.2265045,23.75
Soil,2,5,10,2.561892,AB,2.580342,2.1591825,-2.1776325,23.75
Soil,4,5,10,10.299804,AB,2.580342,2.1591825,5.5602795,23.75
Soil,5,5,10,2.65522,AB,2.580342,2.1591825,-2.0843045,23.75
Soil,6,5,10,4.822756,AB,2.580342,2.1591825,0.0832315,23.75
Soil,7,5,10,2.71866,AB,2.580342,2.1591825,-2.0208645,23.75
Soil,8,5,10,3.059188,AB,2.580342,2.1591825,-1.6803365,23.75
Soil,9,5,10,2.439956,AB,2.580342,2.1591825,-2.2995685,23.75
Wood,1,5,25,2.5387,AB,5.84379,2.1591825,-5.4642725,24
Wood,2,5,25,2.445908,AB,5.84379,2.1591825,-5.5570645,24
Wood,3,5,25,2.481852,AB,5.84379,2.1591825,-5.5211205,24
Wood,4,5,25,2.844132,AB,5.84379,2.1591825,-5.1588405,24
Wood,5,5,25,2.565284,AB,5.84379,2.1591825,-5.4376885,24
Wood,6,5,25,2.444596,AB,5.84379,2.1591825,-5.5583765,24
Wood,7,5,25,3.908764,AB,5.84379,2.1591825,-4.0942085,24
Wood,8,5,25,3.041044,AB,5.84379,2.1591825,-4.9619285,24
Wood,9,5,25,8.128332,AB,5.84379,2.1591825,0.1253595,24
Wood,1,5,50,2.351476,AB,5.84379,2.1591825,-5.6514965,24
Wood,2,5,50,2.74134,AB,5.84379,2.1591825,-5.2616325,24
Wood,3,5,50,2.32146,AB,5.84379,2.1591825,-5.6815125,24
Wood,4,5,50,2.825548,AB,5.84379,2.1591825,-5.1774245,24
Wood,5,5,50,2.50786,AB,5.84379,2.1591825,-5.4951125,24
Wood,6,5,50,2.379476,AB,5.84379,2.1591825,-5.6234965,24
Wood,7,5,50,2.576916,AB,5.84379,2.1591825,-5.4260565,24
Wood,8,5,50,3.305172,AB,5.84379,2.1591825,-4.6978005,24
Wood,9,5,50,4.357972,AB,5.84379,2.1591825,-3.6450005,24
Wood,1,5,100,2.533092,AB,5.84379,2.1591825,-5.4698805,24
Wood,2,5,100,2.6535,AB,5.84379,2.1591825,-5.3494725,24
Wood,3,5,100,2.3253,AB,5.84379,2.1591825,-5.6776725,24
Wood,4,5,100,2.69742,AB,5.84379,2.1591825,-5.3055525,24
Wood,5,5,100,2.484716,AB,5.84379,2.1591825,-5.5182565,24
Wood,6,5,100,2.401108,AB,5.84379,2.1591825,-5.6018645,24
Wood,7,5,100,3.633164,AB,5.84379,2.1591825,-4.3698085,24
Wood,8,5,100,7.314612,AB,5.84379,2.1591825,-0.6883605,24
Wood,9,5,100,4.631012,AB,5.84379,2.1591825,-3.3719605,24
Wood,1,5,150,2.402692,AB,5.84379,2.1591825,-5.6002805,24
Wood,2,5,150,2.663884,AB,5.84379,2.1591825,-5.3390885,24
Wood,3,5,150,2.4867,AB,5.84379,2.1591825,-5.5162725,24
Wood,4,5,150,2.216772,AB,5.84379,2.1591825,-5.7862005,24
Wood,5,5,150,2.52378,AB,5.84379,2.1591825,-5.4791925,24
Wood,6,5,150,2.746036,AB,5.84379,2.1591825,-5.2569365,24
Wood,7,5,150,15.197356,AB,5.84379,2.1591825,7.1943835,24
Wood,8,5,150,3.566932,AB,5.84379,2.1591825,-4.4360405,24
Wood,9,5,150,2.593988,AB,5.84379,2.1591825,-5.4089845,24
Soil,1,15,25,2.763726,AB,5.4895155,2.1591825,-4.884972,24.5
Soil,2,15,25,3.052509,AB,5.4895155,2.1591825,-4.596189,24.5
Soil,3,15,25,2.338512,AB,5.4895155,2.1591825,-5.310186,24.5
Soil,4,15,25,3.805215,AB,5.4895155,2.1591825,-3.843483,24.5
Soil,5,15,25,4.611678,AB,5.4895155,2.1591825,-3.03702,24.5
Soil,6,15,25,3.595803,AB,5.4895155,2.1591825,-4.052895,24.5
Soil,7,15,25,18.110724,AB,5.4895155,2.1591825,10.462026,24.5
Soil,8,15,25,3.952635,AB,5.4895155,2.1591825,-3.696063,24.5
Soil,9,15,25,2.848614,AB,5.4895155,2.1591825,-4.800084,24.5
Soil,1,15,50,3.105366,AB,5.4895155,2.1591825,-4.543332,24.5
Soil,2,15,50,3.33969,AB,5.4895155,2.1591825,-4.309008,24.5
Soil,3,15,50,3.254631,AB,5.4895155,2.1591825,-4.394067,24.5
Soil,4,15,50,2.580324,AB,5.4895155,2.1591825,-5.068374,24.5
Soil,5,15,50,2.891301,AB,5.4895155,2.1591825,-4.757397,24.5
Soil,6,15,50,3.36012,AB,5.4895155,2.1591825,-4.288578,24.5
Soil,7,15,50,2.584059,AB,5.4895155,2.1591825,-5.064639,24.5
Soil,8,15,50,2.182434,AB,5.4895155,2.1591825,-5.466264,24.5
Soil,9,15,50,2.61195,AB,5.4895155,2.1591825,-5.036748,24.5
Soil,1,15,100,2.969142,AB,5.4895155,2.1591825,-4.679556,24.5
Soil,2,15,100,2.895486,AB,5.4895155,2.1591825,-4.753212,24.5
Soil,3,15,100,4.349247,AB,5.4895155,2.1591825,-3.299451,24.5
Soil,4,15,100,2.818842,AB,5.4895155,2.1591825,-4.829856,24.5
Soil,5,15,100,2.457528,AB,5.4895155,2.1591825,-5.19117,24.5
Soil,6,15,100,2.622093,AB,5.4895155,2.1591825,-5.026605,24.5
Soil,7,15,100,3.035751,AB,5.4895155,2.1591825,-4.612947,24.5
Soil,8,15,100,2.597586,AB,5.4895155,2.1591825,-5.051112,24.5
Soil,9,15,100,2.616441,AB,5.4895155,2.1591825,-5.032257,24.5
Soil,1,15,10,2.646231,AB,5.4895155,2.1591825,-5.002467,24.5
Soil,2,15,10,2.441202,AB,5.4895155,2.1591825,-5.207496,24.5
Soil,3,15,10,2.330565,AB,5.4895155,2.1591825,-5.318133,24.5
Soil,4,15,10,1.963005,AB,5.4895155,2.1591825,-5.685693,24.5
Soil,5,15,10,2.159304,AB,5.4895155,2.1591825,-5.489394,24.5
Soil,6,15,10,7.534662,AB,5.4895155,2.1591825,-0.114036,24.5
Soil,7,15,10,2.082444,AB,5.4895155,2.1591825,-5.566254,24.5
Soil,8,15,10,2.338764,AB,5.4895155,2.1591825,-5.309934,24.5
Soil,9,15,10,2.474214,AB,5.4895155,2.1591825,-5.174484,24.5
Wood,1,15,25,6.670086,AB,2.70956625,2.1591825,1.80133725,24.25
Wood,2,15,25,3.241239,AB,2.70956625,2.1591825,-1.62750975,24.25
Wood,3,15,25,8.534733,AB,2.70956625,2.1591825,3.66598425,24.25
Wood,4,15,25,4.403634,AB,2.70956625,2.1591825,-0.46511475,24.25
Wood,5,15,25,5.647578,AB,2.70956625,2.1591825,0.77882925,24.25
Wood,6,15,25,3.950259,AB,2.70956625,2.1591825,-0.91848975,24.25
Wood,7,15,25,3.1596,AB,2.70956625,2.1591825,-1.70914875,24.25
Wood,8,15,25,5.212869,AB,2.70956625,2.1591825,0.34412025,24.25
Wood,9,15,25,2.909256,AB,2.70956625,2.1591825,-1.95949275,24.25
Wood,1,15,50,5.056458,AB,2.70956625,2.1591825,0.18770925,24.25
Wood,2,15,50,5.661222,AB,2.70956625,2.1591825,0.79247325,24.25
Wood,3,15,50,4.519671,AB,2.70956625,2.1591825,-0.34907775,24.25
Wood,4,15,50,6.96651,AB,2.70956625,2.1591825,2.09776125,24.25
Wood,5,15,50,3.180903,AB,2.70956625,2.1591825,-1.68784575,24.25
Wood,6,15,50,6.546228,AB,2.70956625,2.1591825,1.67747925,24.25
Wood,7,15,50,5.066097,AB,2.70956625,2.1591825,0.19734825,24.25
Wood,8,15,50,7.41966,AB,2.70956625,2.1591825,2.55091125,24.25
Wood,9,15,50,6.960246,AB,2.70956625,2.1591825,2.09149725,24.25
Wood,1,15,100,7.562643,AB,2.70956625,2.1591825,2.69389425,24.25
Wood,2,15,100,4.712109,AB,2.70956625,2.1591825,-0.15663975,24.25
Wood,3,15,100,5.994465,AB,2.70956625,2.1591825,1.12571625,24.25
Wood,4,15,100,8.184903,AB,2.70956625,2.1591825,3.31615425,24.25
Wood,5,15,100,4.495947,AB,2.70956625,2.1591825,-0.37280175,24.25
Wood,6,15,100,3.147333,AB,2.70956625,2.1591825,-1.72141575,24.25
Wood,7,15,100,4.073199,AB,2.70956625,2.1591825,-0.79554975,24.25
Wood,8,15,100,5.040303,AB,2.70956625,2.1591825,0.17155425,24.25
Wood,9,15,100,6.641502,AB,2.70956625,2.1591825,1.77275325,24.25
Wood,1,15,150,12.215859,AB,2.70956625,2.1591825,7.34711025,24.25
Wood,2,15,150,4.845435,AB,2.70956625,2.1591825,-0.02331375,24.25
Wood,3,15,150,7.217619,AB,2.70956625,2.1591825,2.34887025,24.25
Wood,4,15,150,5.959959,AB,2.70956625,2.1591825,1.09121025,24.25
Wood,5,15,150,7.757754,AB,2.70956625,2.1591825,2.88900525,24.25
Wood,6,15,150,5.831349,AB,2.70956625,2.1591825,0.96260025,24.25
Wood,7,15,150,2.804505,AB,2.70956625,2.1591825,-2.06424375,24.25
Wood,8,15,150,2.559345,AB,2.70956625,2.1591825,-2.30940375,24.25
Wood,9,15,150,3.016599,AB,2.70956625,2.1591825,-1.85214975,24.25
Litter,1,15,25,3.247035,AB,2.88242925,2.1591825,-1.79457675,24
Litter,2,15,25,3.169815,AB,2.88242925,2.1591825,-1.87179675,24
Litter,3,15,25,3.422814,AB,2.88242925,2.1591825,-1.61879775,24
Litter,4,15,25,2.493933,AB,2.88242925,2.1591825,-2.54767875,24
Litter,5,15,25,2.543586,AB,2.88242925,2.1591825,-2.49802575,24
Litter,6,15,25,2.289552,AB,2.88242925,2.1591825,-2.75205975,24
Litter,7,15,25,2.838804,AB,2.88242925,2.1591825,-2.20280775,24
Litter,8,15,25,3.376437,AB,2.88242925,2.1591825,-1.66517475,24
Litter,9,15,25,2.73237,AB,2.88242925,2.1591825,-2.30924175,24
Litter,1,15,50,2.990175,AB,2.88242925,2.1591825,-2.05143675,24
Litter,2,15,50,3.074424,AB,2.88242925,2.1591825,-1.96718775,24
Litter,3,15,50,2.939082,AB,2.88242925,2.1591825,-2.10252975,24
Litter,4,15,50,3.345108,AB,2.88242925,2.1591825,-1.69650375,24
Litter,5,15,50,2.701005,AB,2.88242925,2.1591825,-2.34060675,24
Litter,6,15,50,2.88555,AB,2.88242925,2.1591825,-2.15606175,24
Litter,7,15,50,2.269194,AB,2.88242925,2.1591825,-2.77241775,24
Litter,8,15,50,2.870079,AB,2.88242925,2.1591825,-2.17153275,24
Litter,9,15,50,2.720733,AB,2.88242925,2.1591825,-2.32087875,24
Litter,1,15,100,3.934968,AB,2.88242925,2.1591825,-1.10664375,24
Litter,2,15,100,2.738904,AB,2.88242925,2.1591825,-2.30270775,24
Litter,3,15,100,3.461649,AB,2.88242925,2.1591825,-1.57996275,24
Litter,4,15,100,2.990436,AB,2.88242925,2.1591825,-2.05117575,24
Litter,5,15,100,2.461245,AB,2.88242925,2.1591825,-2.58036675,24
Litter,6,15,100,2.652423,AB,2.88242925,2.1591825,-2.38918875,24
Litter,7,15,100,2.910822,AB,2.88242925,2.1591825,-2.13078975,24
Litter,8,15,100,2.593518,AB,2.88242925,2.1591825,-2.44809375,24
Litter,9,15,100,4.438203,AB,2.88242925,2.1591825,-0.60340875,24
Litter,1,15,150,3.240582,AB,2.88242925,2.1591825,-1.80102975,24
Litter,2,15,150,3.103386,AB,2.88242925,2.1591825,-1.93822575,24
Litter,3,15,150,3.380316,AB,2.88242925,2.1591825,-1.66129575,24
Litter,4,15,150,4.108839,AB,2.88242925,2.1591825,-0.93277275,24
Litter,5,15,150,4.133643,AB,2.88242925,2.1591825,-0.90796875,24
Litter,6,15,150,2.415174,AB,2.88242925,2.1591825,-2.62643775,24
Litter,7,15,150,5.944902,AB,2.88242925,2.1591825,0.90329025,24
Litter,8,15,150,3.592464,AB,2.88242925,2.1591825,-1.44914775,24
Litter,9,15,150,4.610139,AB,2.88242925,2.1591825,-0.43147275,24
Soil,1,25,25,3.328932,A,2.918506,6.220324,-5.809898,24
Soil,2,25,25,2.857124,A,2.918506,6.220324,-6.281706,24
Soil,3,25,25,2.601916,A,2.918506,6.220324,-6.536914,24
Soil,4,25,25,2.980228,A,2.918506,6.220324,-6.158602,24
Soil,5,25,25,2.887412,A,2.918506,6.220324,-6.251418,24
Soil,6,25,25,3.133316,A,2.918506,6.220324,-6.005514,24
Soil,7,25,25,6.864444,A,2.918506,6.220324,-2.274386,24
Soil,8,25,25,2.834356,A,2.918506,6.220324,-6.304474,24
Soil,9,25,25,3.098436,A,2.918506,6.220324,-6.040394,24
Soil,1,25,50,2.302596,A,2.918506,6.220324,-6.836234,24
Soil,2,25,50,9.511852,A,2.918506,6.220324,0.373022,24
Soil,3,25,50,3.5019,A,2.918506,6.220324,-5.63693,24
Soil,4,25,50,2.326548,A,2.918506,6.220324,-6.812282,24
Soil,5,25,50,2.49042,A,2.918506,6.220324,-6.64841,24
Soil,6,25,50,4.507772,A,2.918506,6.220324,-4.631058,24
Soil,7,25,50,2.68954,A,2.918506,6.220324,-6.44929,24
Soil,8,25,50,3.332308,A,2.918506,6.220324,-5.806522,24
Soil,9,25,50,5.090524,A,2.918506,6.220324,-4.048306,24
Soil,1,25,100,4.42262,A,2.918506,6.220324,-4.71621,24
Soil,2,25,100,9.234756,A,2.918506,6.220324,0.095926,24
Soil,3,25,100,5.608212,A,2.918506,6.220324,-3.530618,24
Soil,4,25,100,2.97942,A,2.918506,6.220324,-6.15941,24
Soil,5,25,100,2.933204,A,2.918506,6.220324,-6.205626,24
Soil,6,25,100,2.400972,A,2.918506,6.220324,-6.737858,24
Soil,7,25,100,2.667412,A,2.918506,6.220324,-6.471418,24
Soil,8,25,100,3.222244,A,2.918506,6.220324,-5.916586,24
Soil,9,25,100,3.39334,A,2.918506,6.220324,-5.74549,24
Soil,1,25,10,3.202852,A,2.918506,6.220324,-5.935978,24
Soil,2,25,10,2.696092,A,2.918506,6.220324,-6.442738,24
Soil,3,25,10,4.018052,A,2.918506,6.220324,-5.120778,24
Soil,4,25,10,2.684772,A,2.918506,6.220324,-6.454058,24
Soil,5,25,10,3.401932,A,2.918506,6.220324,-5.736898,24
Soil,6,25,10,5.655588,A,2.918506,6.220324,-3.483242,24
Soil,7,25,10,3.2717,A,2.918506,6.220324,-5.86713,24
Soil,8,25,10,3.004484,A,2.918506,6.220324,-6.134346,24
Soil,9,25,10,2.751876,A,2.918506,6.220324,-6.386954,24
Litter,1,25,25,4.941724,A,3.594198,6.220324,-4.872798,24
Litter,2,25,25,4.64958,A,3.594198,6.220324,-5.164942,24
Litter,3,25,25,3.749564,A,3.594198,6.220324,-6.064958,24
Litter,4,25,25,3.717556,A,3.594198,6.220324,-6.096966,24
Litter,5,25,25,4.647396,A,3.594198,6.220324,-5.167126,24
Litter,6,25,25,3.751676,A,3.594198,6.220324,-6.062846,24
Litter,7,25,25,3.711164,A,3.594198,6.220324,-6.103358,24
Litter,8,25,25,3.86202,A,3.594198,6.220324,-5.952502,24
Litter,9,25,25,3.887156,A,3.594198,6.220324,-5.927366,24
Litter,1,25,50,4.962484,A,3.594198,6.220324,-4.852038,24
Litter,2,25,50,4.620924,A,3.594198,6.220324,-5.193598,24
Litter,3,25,50,5.298548,A,3.594198,6.220324,-4.515974,24
Litter,4,25,50,4.816156,A,3.594198,6.220324,-4.998366,24
Litter,5,25,50,4.970052,A,3.594198,6.220324,-4.84447,24
Litter,6,25,50,5.520492,A,3.594198,6.220324,-4.29403,24
Litter,7,25,50,6.737404,A,3.594198,6.220324,-3.077118,24
Litter,8,25,50,4.165988,A,3.594198,6.220324,-5.648534,24
Litter,9,25,50,4.95126,A,3.594198,6.220324,-4.863262,24
Litter,1,25,100,8.51098,A,3.594198,6.220324,-1.303542,24
Litter,2,25,100,8.454028,A,3.594198,6.220324,-1.360494,24
Litter,3,25,100,5.831268,A,3.594198,6.220324,-3.983254,24
Litter,4,25,100,13.980068,A,3.594198,6.220324,4.165546,24
Litter,5,25,100,8.284108,A,3.594198,6.220324,-1.530414,24
Litter,6,25,100,4.886636,A,3.594198,6.220324,-4.927886,24
Litter,7,25,100,6.548404,A,3.594198,6.220324,-3.266118,24
Litter,8,25,100,11.120748,A,3.594198,6.220324,1.306226,24
Litter,9,25,100,9.202868,A,3.594198,6.220324,-0.611654,24
Litter,1,25,150,2.579924,A,3.594198,6.220324,-7.234598,24
Litter,2,25,150,12.718676,A,3.594198,6.220324,2.904154,24
Litter,3,25,150,6.63034,A,3.594198,6.220324,-3.184182,24
Litter,4,25,150,6.245788,A,3.594198,6.220324,-3.568734,24
Litter,5,25,150,4.82638,A,3.594198,6.220324,-4.988142,24
Litter,6,25,150,3.486732,A,3.594198,6.220324,-6.32779,24
Litter,7,25,150,4.159908,A,3.594198,6.220324,-5.654614,24
Litter,8,25,150,3.9195,A,3.594198,6.220324,-5.895022,24
Litter,9,25,150,3.612492,A,3.594198,6.220324,-6.20203,24
Wood,1,25,25,9.731796,A,15.129416,6.220324,-11.617944,24
Wood,2,25,25,3.619924,A,15.129416,6.220324,-17.729816,24
Wood,3,25,25,12.39974,A,15.129416,6.220324,-8.95,24
Wood,4,25,25,3.23558,A,15.129416,6.220324,-18.11416,24
Wood,5,25,25,5.029796,A,15.129416,6.220324,-16.319944,24
Wood,6,25,25,3.684964,A,15.129416,6.220324,-17.664776,24
Wood,7,25,25,4.695788,A,15.129416,6.220324,-16.653952,24
Wood,8,25,25,21.208948,A,15.129416,6.220324,-0.140792,24
Wood,9,25,25,3.50574,A,15.129416,6.220324,-17.844,24
Wood,4,25,50,7.168644,A,15.129416,6.220324,-14.181096,24
Wood,1,25,50,14.226916,A,15.129416,6.220324,-7.122824,24
Wood,2,25,50,6.895628,A,15.129416,6.220324,-14.454112,24
Wood,3,25,50,6.599676,A,15.129416,6.220324,-14.750064,24
Wood,5,25,50,6.990324,A,15.129416,6.220324,-14.359416,24
Wood,6,25,50,8.7207,A,15.129416,6.220324,-12.62904,24
Wood,7,25,50,9.313452,A,15.129416,6.220324,-12.036288,24
Wood,8,25,50,11.914676,A,15.129416,6.220324,-9.435064,24
Wood,9,25,50,15.644476,A,15.129416,6.220324,-5.705264,24
Wood,1,25,100,8.79954,A,15.129416,6.220324,-12.5502,24
Wood,2,25,100,10.700252,A,15.129416,6.220324,-10.649488,24
Wood,3,25,100,6.313636,A,15.129416,6.220324,-15.036104,24
Wood,4,25,100,21.986724,A,15.129416,6.220324,0.636984,24
Wood,5,25,100,10.275508,A,15.129416,6.220324,-11.074232,24
Wood,6,25,100,7.619852,A,15.129416,6.220324,-13.729888,24
Wood,7,25,100,24.915292,A,15.129416,6.220324,3.565552,24
Wood,8,25,100,5.586436,A,15.129416,6.220324,-15.763304,24
Wood,9,25,100,9.784044,A,15.129416,6.220324,-11.565696,24
Wood,1,25,150,10.518572,A,15.129416,6.220324,-10.831168,24
Wood,2,25,150,22.21982,A,15.129416,6.220324,0.87008,24
Wood,3,25,150,12.994436,A,15.129416,6.220324,-8.355304,24
Wood,4,25,150,24.246636,A,15.129416,6.220324,2.896896,24
Wood,5,25,150,30.287356,A,15.129416,6.220324,8.937616,24
Wood,6,25,150,36.15298,A,15.129416,6.220324,14.80324,24
Wood,7,25,150,12.266068,A,15.129416,6.220324,-9.083672,24
Wood,8,25,150,45.496852,A,15.129416,6.220324,24.147112,24
Wood,9,25,150,13.269508,A,15.129416,6.220324,-8.080232,24
Wood,1,35,25,8.670068,A,8.261408,6.220324,-5.811664,24.25
Wood,2,35,25,5.494332,A,8.261408,6.220324,-8.9874,24.25
Wood,3,35,25,12.578684,A,8.261408,6.220324,-1.903048,24.25
Wood,4,35,25,3.837876,A,8.261408,6.220324,-10.643856,24.25
Wood,5,35,25,3.752388,A,8.261408,6.220324,-10.729344,24.25
Wood,6,35,25,4.504132,A,8.261408,6.220324,-9.9776,24.25
Wood,7,35,25,9.069988,A,8.261408,6.220324,-5.411744,24.25
Wood,8,35,25,7.647684,A,8.261408,6.220324,-6.834048,24.25
Wood,9,35,25,3.120868,A,8.261408,6.220324,-11.360864,24.25
Wood,1,35,50,8.962932,A,8.261408,6.220324,-5.5188,24.25
Wood,2,35,50,11.625884,A,8.261408,6.220324,-2.855848,24.25
Wood,3,35,50,10.425164,A,8.261408,6.220324,-4.056568,24.25
Wood,4,35,50,5.008684,A,8.261408,6.220324,-9.473048,24.25
Wood,5,35,50,8.137172,A,8.261408,6.220324,-6.34456,24.25
Wood,6,35,50,6.69214,A,8.261408,6.220324,-7.789592,24.25
Wood,7,35,50,8.495428,A,8.261408,6.220324,-5.986304,24.25
Wood,8,35,50,5.63754,A,8.261408,6.220324,-8.844192,24.25
Wood,9,35,50,5.315188,A,8.261408,6.220324,-9.166544,24.25
Wood,1,35,100,15.77058,A,8.261408,6.220324,1.288848,24.25
Wood,2,35,100,18.93262,A,8.261408,6.220324,4.450888,24.25
Wood,3,35,100,11.909996,A,8.261408,6.220324,-2.571736,24.25
Wood,4,35,100,26.14122,A,8.261408,6.220324,11.659488,24.25
Wood,5,35,100,4.5995,A,8.261408,6.220324,-9.882232,24.25
Wood,6,35,100,4.7739,A,8.261408,6.220324,-9.707832,24.25
Wood,7,35,100,3.180812,A,8.261408,6.220324,-11.30092,24.25
Wood,8,35,100,38.855612,A,8.261408,6.220324,24.37388,24.25
Wood,9,35,100,3.194404,A,8.261408,6.220324,-11.287328,24.25
Wood,1,35,150,36.37582,A,8.261408,6.220324,21.894088,24.25
Wood,2,35,150,22.543388,A,8.261408,6.220324,8.061656,24.25
Wood,3,35,150,20.866588,A,8.261408,6.220324,6.384856,24.25
Wood,4,35,150,8.197268,A,8.261408,6.220324,-6.284464,24.25
Wood,5,35,150,12.579612,A,8.261408,6.220324,-1.90212,24.25
Wood,6,35,150,27.143124,A,8.261408,6.220324,12.661392,24.25
Wood,7,35,150,14.459708,A,8.261408,6.220324,-0.022024,24.25
Wood,8,35,150,5.070908,A,8.261408,6.220324,-9.410824,24.25
Wood,9,35,150,9.2611,A,8.261408,6.220324,-5.220632,24.25
Soil,1,35,10,83.989036,A,5.329488,6.220324,72.439224,24.25
Soil,2,35,10,202.80902,A,5.329488,6.220324,191.259208,24.25
Soil,3,35,10,5.01282,A,5.329488,6.220324,-6.536992,24.25
Soil,4,35,10,3.07242,A,5.329488,6.220324,-8.477392,24.25
Soil,5,35,10,3.001652,A,5.329488,6.220324,-8.54816,24.25
Soil,6,35,10,7.961484,A,5.329488,6.220324,-3.588328,24.25
Soil,7,35,10,2.7435,A,5.329488,6.220324,-8.806312,24.25
Soil,8,35,10,2.931236,A,5.329488,6.220324,-8.618576,24.25
Soil,9,35,10,5.141684,A,5.329488,6.220324,-6.408128,24.25
Soil,1,35,100,4.980332,A,5.329488,6.220324,-6.56948,24.25
Soil,2,35,100,4.359948,A,5.329488,6.220324,-7.189864,24.25
Soil,3,35,100,3.33362,A,5.329488,6.220324,-8.216192,24.25
Soil,4,35,100,3.539084,A,5.329488,6.220324,-8.010728,24.25
Soil,5,35,100,3.41438,A,5.329488,6.220324,-8.135432,24.25
Soil,6,35,100,2.332324,A,5.329488,6.220324,-9.217488,24.25
Soil,7,35,100,3.484092,A,5.329488,6.220324,-8.06572,24.25
Soil,8,35,100,3.797964,A,5.329488,6.220324,-7.751848,24.25
Soil,9,35,100,4.164724,A,5.329488,6.220324,-7.385088,24.25
Soil,1,35,50,4.137908,A,5.329488,6.220324,-7.411904,24.25
Soil,2,35,50,5.818748,A,5.329488,6.220324,-5.731064,24.25
Soil,3,35,50,2.804204,A,5.329488,6.220324,-8.745608,24.25
Soil,4,35,50,2.586324,A,5.329488,6.220324,-8.963488,24.25
Soil,5,35,50,3.989636,A,5.329488,6.220324,-7.560176,24.25
Soil,6,35,50,3.332972,A,5.329488,6.220324,-8.21684,24.25
Soil,7,35,50,3.222788,A,5.329488,6.220324,-8.327024,24.25
Soil,8,35,50,3.183388,A,5.329488,6.220324,-8.366424,24.25
Soil,9,35,50,7.142124,A,5.329488,6.220324,-4.407688,24.25
Soil,1,35,25,3.029908,A,5.329488,6.220324,-8.519904,24.25
Soil,2,35,25,3.45234,A,5.329488,6.220324,-8.097472,24.25
Soil,3,35,25,3.575972,A,5.329488,6.220324,-7.97384,24.25
Soil,4,35,25,3.332276,A,5.329488,6.220324,-8.217536,24.25
Soil,5,35,25,2.984596,A,5.329488,6.220324,-8.565216,24.25
Soil,6,35,25,3.0665,A,5.329488,6.220324,-8.483312,24.25
Soil,7,35,25,2.701308,A,5.329488,6.220324,-8.848504,24.25
Soil,8,35,25,3.207716,A,5.329488,6.220324,-8.342096,24.25
Soil,9,35,25,3.092404,A,5.329488,6.220324,-8.457408,24.25
Litter,1,35,25,17.078756,A,12.612708,6.220324,-1.754276,24.5
Litter,2,35,25,16.114692,A,12.612708,6.220324,-2.71834,24.5
Litter,3,35,25,19.27158,A,12.612708,6.220324,0.438548,24.5
Litter,4,35,25,8.515932,A,12.612708,6.220324,-10.3171,24.5
Litter,5,35,25,11.96066,A,12.612708,6.220324,-6.872372,24.5
Litter,6,35,25,11.759196,A,12.612708,6.220324,-7.073836,24.5
Litter,7,35,25,8.583412,A,12.612708,6.220324,-10.24962,24.5
Litter,8,35,25,10.281156,A,12.612708,6.220324,-8.551876,24.5
Litter,9,35,25,5.71998,A,12.612708,6.220324,-13.113052,24.5
Litter,1,35,50,13.61966,A,12.612708,6.220324,-5.213372,24.5
Litter,2,35,50,12.679452,A,12.612708,6.220324,-6.15358,24.5
Litter,3,35,50,13.311004,A,12.612708,6.220324,-5.522028,24.5
Litter,4,35,50,13.778508,A,12.612708,6.220324,-5.054524,24.5
Litter,5,35,50,4.96186,A,12.612708,6.220324,-13.871172,24.5
Litter,6,35,50,6.420716,A,12.612708,6.220324,-12.412316,24.5
Litter,7,35,50,24.67086,A,12.612708,6.220324,5.837828,24.5
Litter,8,35,50,16.94166,A,12.612708,6.220324,-1.891372,24.5
Litter,9,35,50,15.528716,A,12.612708,6.220324,-3.304316,24.5
Litter,1,35,100,24.60326,A,12.612708,6.220324,5.770228,24.5
Litter,2,35,100,26.503436,A,12.612708,6.220324,7.670404,24.5
Litter,3,35,100,10.742748,A,12.612708,6.220324,-8.090284,24.5
Litter,4,35,100,16.777724,A,12.612708,6.220324,-2.055308,24.5
Litter,5,35,100,14.636708,A,12.612708,6.220324,-4.196324,24.5
Litter,6,35,100,22.175428,A,12.612708,6.220324,3.342396,24.5
Litter,7,35,100,26.398228,A,12.612708,6.220324,7.565196,24.5
Litter,8,35,100,12.977604,A,12.612708,6.220324,-5.855428,24.5
Litter,9,35,100,18.12122,A,12.612708,6.220324,-0.711812,24.5
Litter,1,35,150,27.114804,A,12.612708,6.220324,8.281772,24.5
Litter,2,35,150,13.142164,A,12.612708,6.220324,-5.690868,24.5
Litter,3,35,150,22.63698,A,12.612708,6.220324,3.803948,24.5
Litter,4,35,150,10.1009,A,12.612708,6.220324,-8.732132,24.5
Litter,5,35,150,24.034012,A,12.612708,6.220324,5.20098,24.5
Litter,6,35,150,16.246476,A,12.612708,6.220324,-2.586556,24.5
Litter,7,35,150,16.963924,A,12.612708,6.220324,-1.869108,24.5
Litter,8,35,150,12.968892,A,12.612708,6.220324,-5.86414,24.5
Litter,9,35,150,22.115788,A,12.612708,6.220324,3.282756,24.5
