niche,sample_no,temp_C,moist_level,peakarea,ppm,bag_avg,avg_blank,median_blank,geomean_blank,ppm_corrected_median,ppm_corrected_geomean,incubation_time,drymass,actual_moist,flux_nmol_c2h4_g_hr_geo_corr,grams_N_g_hr_geo_corr,flux_nmol_c2h4_g_hr_med_corr,grams_N_g_hr_med_corr,notes
Litter,1,5,25,5154,2.32206,2.1591825,5.28785925,3.108894,3.996874906,-2.9460165,-3.833997406,24,1.52,47.36842105,-0.228076113,-1.06486E-09,-0.175252072,-8.18234E-10,Litter start drying @ 9:45am 8/16
Litter,2,5,25,7503.4,2.533506,2.1591825,5.28785925,3.108894,3.996874906,-2.7345705,-3.622551406,24,1.71,57.89473684,-0.191553469,-8.94344E-10,-0.144598767,-6.75117E-10,NA
Litter,3,5,25,3492.5,2.172525,2.1591825,5.28785925,3.108894,3.996874906,-3.0955515,-3.983532406,24,1.52,50.65789474,-0.236971623,-1.1064E-09,-0.184147582,-8.59767E-10,NA
Litter,4,5,25,10684.8,2.819832,2.1591825,5.28785925,3.108894,3.996874906,-2.4482445,-3.336225406,24,1.54,47.4025974,-0.195887282,-9.14578E-10,-0.143749268,-6.71151E-10,NA
Litter,5,5,25,4621.8,2.274162,2.1591825,5.28785925,3.108894,3.996874906,-2.9939145,-3.881895406,24,1.47,44.89795918,-0.238780067,-1.11484E-09,-0.184159291,-8.59821E-10,NA
Litter,6,5,25,2833.9,2.113251,2.1591825,5.28785925,3.108894,3.996874906,-3.1548255,-4.042806406,24,1.52,57.89473684,-0.240497703,-1.12286E-09,-0.187673663,-8.7623E-10,NA
Litter,7,5,25,20524.2,3.705378,2.1591825,5.28785925,3.108894,3.996874906,-1.5626985,-2.450679406,24,1.08,50,-0.205179667,-9.57963E-10,-0.130834722,-6.10854E-10,NA
Litter,8,5,25,4148.6,2.231574,2.1591825,5.28785925,3.108894,3.996874906,-3.0365025,-3.924483406,24,1.28,56.25,-0.277232476,-1.29437E-09,-0.214503928,-1.0015E-09,NA
Litter,9,5,25,7875.9,2.567031,2.1591825,5.28785925,3.108894,3.996874906,-2.7010455,-3.589026406,24,1.48,52.7027027,-0.219273684,-1.02377E-09,-0.165021967,-7.70471E-10,NA
Litter,1,5,50,4613.8,2.273442,2.1591825,5.28785925,3.108894,3.996874906,-2.9946345,-3.882615406,24,1.52,72.36842105,-0.230968291,-1.07837E-09,-0.178144251,-8.31738E-10,NA
Litter,2,5,50,0,1.8582,2.1591825,5.28785925,3.108894,3.996874906,-3.4098765,-4.297857406,24,1.71,63.74269006,-0.227262337,-1.06107E-09,-0.180307634,-8.41838E-10,NA
Litter,3,5,50,1527.1,1.995639,2.1591825,5.28785925,3.108894,3.996874906,-3.2724375,-4.160418406,24,1.53,71.24183007,-0.245876574,-1.14797E-09,-0.193397789,-9.02955E-10,NA
Litter,4,5,50,2357,2.07033,2.1591825,5.28785925,3.108894,3.996874906,-3.1977465,-4.085727406,24,1.47,74.82993197,-0.251318019,-1.17338E-09,-0.196697243,-9.1836E-10,NA
Litter,5,5,50,7628.5,2.544765,2.1591825,5.28785925,3.108894,3.996874906,-2.7233115,-3.611292406,24,1.47,73.46938776,-0.222134951,-1.03713E-09,-0.167514174,-7.82107E-10,NA
Litter,6,5,50,5411.9,2.345271,2.1591825,5.28785925,3.108894,3.996874906,-2.9228055,-3.810786406,24,1.47,76.8707483,-0.234406067,-1.09442E-09,-0.179785291,-8.394E-10,NA
Litter,7,5,50,9278,2.69322,2.1591825,5.28785925,3.108894,3.996874906,-2.5748565,-3.462837406,24,1.52,69.73684211,-0.205996617,-9.61778E-10,-0.153172577,-7.15147E-10,NA
Litter,8,5,50,4973.9,2.305851,2.1591825,5.28785925,3.108894,3.996874906,-2.9622255,-3.850206406,24,1.29,88.37209302,-0.269877002,-1.26003E-09,-0.207634722,-9.69426E-10,NA
Litter,9,5,50,5357.6,2.340384,2.1591825,5.28785925,3.108894,3.996874906,-2.9276925,-3.815673406,24,1.38,88.4057971,-0.250013629,-1.16729E-09,-0.191830628,-8.95638E-10,NA
Litter,1,5,100,7190.4,2.505336,2.1591825,5.28785925,3.108894,3.996874906,-2.7627405,-3.650721406,24,1.59,132.7044025,-0.207612331,-9.69321E-10,-0.157113877,-7.33549E-10,NA
Litter,2,5,100,5052.9,2.312961,2.1591825,5.28785925,3.108894,3.996874906,-2.9551155,-3.843096406,24,1.07,142.9906542,-0.324764894,-1.51629E-09,-0.249725136,-1.16594E-09,NA
Litter,3,5,100,6337.7,2.428593,2.1591825,5.28785925,3.108894,3.996874906,-2.8394835,-3.727464406,24,1.44,144.4444444,-0.234057514,-1.09279E-09,-0.178298805,-8.32459E-10,NA
Litter,4,5,100,3305.4,2.155686,2.1591825,5.28785925,3.108894,3.996874906,-3.1123905,-4.000371406,24,1.6,127.5,-0.226074671,-1.05552E-09,-0.175891833,-8.21221E-10,NA
Litter,5,5,100,3078.3,2.135247,2.1591825,5.28785925,3.108894,3.996874906,-3.1328295,-4.020810406,24,1.51,142.384106,-0.240773244,-1.12415E-09,-0.187599375,-8.75883E-10,NA
Litter,6,5,100,15583.6,3.260724,2.1591825,5.28785925,3.108894,3.996874906,-2.0073525,-2.895333406,24,1.47,143.537415,-0.178095449,-8.3151E-10,-0.123474673,-5.76491E-10,NA
Litter,7,5,100,9911.3,2.750217,2.1591825,5.28785925,3.108894,3.996874906,-2.5178595,-3.405840406,24,1.5,142.6666667,-0.205307403,-9.5856E-10,-0.151779042,-7.08641E-10,NA
Litter,8,5,100,6182.3,2.414607,2.1591825,5.28785925,3.108894,3.996874906,-2.8534695,-3.741450406,24,1.56,126.2820513,-0.216863753,-1.01252E-09,-0.165394176,-7.72209E-10,NA
Litter,9,5,100,4007.9,2.218911,2.1591825,5.28785925,3.108894,3.996874906,-3.0491655,-3.937146406,24,1.37,118.9781022,-0.259855895,-1.21324E-09,-0.2012482,-9.39608E-10,NA
Litter,1,5,150,6794.9,2.469741,2.1591825,5.28785925,3.108894,3.996874906,-2.7983355,-3.686316406,24,1.48,192.5675676,-0.225217674,-1.05152E-09,-0.170965957,-7.98223E-10,NA
Litter,2,5,150,7155.5,2.502195,2.1591825,5.28785925,3.108894,3.996874906,-2.7658815,-3.653862406,24,1.5,194.6666667,-0.220258413,-1.02836E-09,-0.166730052,-7.78446E-10,NA
Litter,3,5,150,6922.5,2.481225,2.1591825,5.28785925,3.108894,3.996874906,-2.7868515,-3.674832406,24,1.49,184.5637584,-0.223009233,-1.04121E-09,-0.169121622,-7.89612E-10,NA
Litter,4,5,150,5863.8,2.385942,2.1591825,5.28785925,3.108894,3.996874906,-2.8821345,-3.770115406,24,1.48,200,-0.230337424,-1.07542E-09,-0.176085707,-8.22127E-10,NA
Litter,5,5,150,13793.4,3.099606,2.1591825,5.28785925,3.108894,3.996874906,-2.1684705,-3.056451406,24,1.6,161.875,-0.172730523,-8.06462E-10,-0.122547685,-5.72163E-10,NA
Litter,6,5,150,7201.1,2.506299,2.1591825,5.28785925,3.108894,3.996874906,-2.7617775,-3.649758406,24,1.52,196.7105263,-0.217116138,-1.01369E-09,-0.164292098,-7.67063E-10,NA
Litter,7,5,150,16686.7,3.360003,2.1591825,5.28785925,3.108894,3.996874906,-1.9080735,-2.796054406,24,1.57,189.1719745,-0.161033985,-7.51852E-10,-0.109892239,-5.13076E-10,NA
Litter,8,5,150,51130.8,6.459972,2.1591825,5.28785925,3.108894,3.996874906,1.1918955,0.303914594,24,1.63,180.3680982,0.016859144,7.87137E-11,0.066118372,3.087E-10,NA
Litter,9,5,150,1554.4,1.998096,2.1591825,5.28785925,3.108894,3.996874906,-3.2699805,-4.157961406,24,1.54,194.8051948,-0.24413571,-1.13985E-09,-0.191997696,-8.96418E-10,NA
Litter,1,15,25,15431.5,3.247035,2.1591825,5.28785925,3.108894,3.996874906,-2.0210415,-2.909022406,24,1.55,49.03225806,-0.169701993,-7.92322E-10,-0.117900354,-5.50465E-10,NA
Litter,2,15,25,14573.5,3.169815,2.1591825,5.28785925,3.108894,3.996874906,-2.0982615,-2.986242406,24,1.44,47.22222222,-0.187514192,-8.75485E-10,-0.131755482,-6.15153E-10,NA
Litter,3,15,25,17384.6,3.422814,2.1591825,5.28785925,3.108894,3.996874906,-1.8452625,-2.733243406,24,1.47,51.02040816,-0.168125098,-7.84959E-10,-0.113504321,-5.2994E-10,NA
Litter,4,15,25,7063.7,2.493933,2.1591825,5.28785925,3.108894,3.996874906,-2.7741435,-3.662124406,24,1.45,53.79310345,-0.228368746,-1.06623E-09,-0.17299458,-8.07694E-10,NA
Litter,5,15,25,7615.4,2.543586,2.1591825,5.28785925,3.108894,3.996874906,-2.7244905,-3.612471406,24,1.64,41.46341463,-0.199173771,-9.29922E-10,-0.150214904,-7.01338E-10,NA
Litter,6,15,25,4792.8,2.289552,2.1591825,5.28785925,3.108894,3.996874906,-2.9785245,-3.866505406,24,1.66,38.55421687,-0.210611514,-9.83324E-10,-0.162242513,-7.57494E-10,NA
Litter,7,15,25,10895.6,2.838804,2.1591825,5.28785925,3.108894,3.996874906,-2.4292725,-3.317253406,24,1.7,38.23529412,-0.176441728,-8.23789E-10,-0.129210822,-6.03272E-10,NA
Litter,8,15,25,16869.3,3.376437,2.1591825,5.28785925,3.108894,3.996874906,-1.8916395,-2.779620406,24,1.37,58.39416058,-0.183457935,-8.56547E-10,-0.12485024,-5.82913E-10,NA
Litter,9,15,25,9713,2.73237,2.1591825,5.28785925,3.108894,3.996874906,-2.5357065,-3.423687406,24,1.42,55.63380282,-0.218010463,-1.01787E-09,-0.16146642,-7.53871E-10,NA
Litter,1,15,50,12577.5,2.990175,2.1591825,5.28785925,3.108894,3.996874906,-2.2779015,-3.165882406,24,1.63,64.41717791,-0.175621932,-8.19961E-10,-0.126362704,-5.89975E-10,NA
Litter,2,15,50,13513.6,3.074424,2.1591825,5.28785925,3.108894,3.996874906,-2.1936525,-3.081633406,24,1.52,70.39473684,-0.183319625,-8.55901E-10,-0.130495585,-6.09271E-10,NA
Litter,3,15,50,12009.8,2.939082,2.1591825,5.28785925,3.108894,3.996874906,-2.3289945,-3.216975406,24,1.53,68.62745098,-0.190120035,-8.87651E-10,-0.13764125,-6.42633E-10,NA
Litter,4,15,50,16521.2,3.345108,2.1591825,5.28785925,3.108894,3.996874906,-1.9229685,-2.810949406,24,1.49,55.70469799,-0.170584017,-7.9644E-10,-0.116696405,-5.44844E-10,NA
Litter,5,15,50,9364.5,2.701005,2.1591825,5.28785925,3.108894,3.996874906,-2.5670715,-3.455052406,24,1.58,71.51898734,-0.197728434,-9.23174E-10,-0.14691037,-6.8591E-10,NA
Litter,6,15,50,11415,2.88555,2.1591825,5.28785925,3.108894,3.996874906,-2.3825265,-3.270507406,24,1.69,53.84615385,-0.174984672,-8.16986E-10,-0.127474293,-5.95165E-10,NA
Litter,7,15,50,4566.6,2.269194,2.1591825,5.28785925,3.108894,3.996874906,-2.9988825,-3.886863406,24,1.7,62.94117647,-0.206738772,-9.65243E-10,-0.159507866,-7.44726E-10,NA
Litter,8,15,50,11243.1,2.870079,2.1591825,5.28785925,3.108894,3.996874906,-2.3979975,-3.285978406,24,1.34,85.07462687,-0.221733587,-1.03525E-09,-0.16181378,-7.55492E-10,NA
Litter,9,15,50,9583.7,2.720733,2.1591825,5.28785925,3.108894,3.996874906,-2.5473435,-3.435324406,24,1.34,97.01492537,-0.231811262,-1.0823E-09,-0.171891456,-8.02544E-10,NA
Litter,1,15,100,23075.2,3.934968,2.1591825,5.28785925,3.108894,3.996874906,-1.3331085,-2.221089406,24,NA,NA,#VALUE!,#VALUE!,#VALUE!,#VALUE!,< I dropped this one
Litter,2,15,100,9785.6,2.738904,2.1591825,5.28785925,3.108894,3.996874906,-2.5291725,-3.417153406,24,1.57,118.4713376,-0.196805123,-9.18863E-10,-0.145663377,-6.80088E-10,NA
Litter,3,15,100,17816.1,3.461649,2.1591825,5.28785925,3.108894,3.996874906,-1.8064275,-2.694408406,24,1.57,132.4840764,-0.155179857,-7.24519E-10,-0.104038111,-4.85744E-10,NA
Litter,4,15,100,12580.4,2.990436,2.1591825,5.28785925,3.108894,3.996874906,-2.2776405,-3.165621406,24,1.46,143.8356164,-0.196054897,-9.15361E-10,-0.141060005,-6.58595E-10,NA
Litter,5,15,100,6700.5,2.461245,2.1591825,5.28785925,3.108894,3.996874906,-2.8068315,-3.694812406,24,1.54,143.5064935,-0.216941804,-1.01288E-09,-0.164803791,-7.69452E-10,NA
Litter,6,15,100,8824.7,2.652423,2.1591825,5.28785925,3.108894,3.996874906,-2.6156535,-3.503634406,24,1.58,124.6835443,-0.200508723,-9.36155E-10,-0.149690659,-6.98891E-10,NA
Litter,7,15,100,11695.8,2.910822,2.1591825,5.28785925,3.108894,3.996874906,-2.3572545,-3.245235406,24,1.6,121.25,-0.183399353,-8.56273E-10,-0.133216514,-6.21975E-10,NA
Litter,8,15,100,8170.2,2.593518,2.1591825,5.28785925,3.108894,3.996874906,-2.6745585,-3.562539406,24,1.5,142.6666667,-0.214753373,-1.00266E-09,-0.161225012,-7.52743E-10,NA
Litter,9,15,100,28666.7,4.438203,2.1591825,5.28785925,3.108894,3.996874906,-0.8298735,-1.717854406,24,1.41,161.7021277,-0.110163777,-5.14344E-10,-0.053218712,-2.48473E-10,NA
Litter,1,15,150,15359.8,3.240582,2.1591825,5.28785925,3.108894,3.996874906,-2.0274945,-2.915475406,24,1.85,162.1621622,-0.142498151,-6.6531E-10,-0.099096777,-4.62673E-10,NA
Litter,2,15,150,13835.4,3.103386,2.1591825,5.28785925,3.108894,3.996874906,-2.1646905,-3.052671406,24,1.45,192.4137931,-0.190363479,-8.88788E-10,-0.134989312,-6.30252E-10,NA
Litter,3,15,150,16912.4,3.380316,2.1591825,5.28785925,3.108894,3.996874906,-1.8877605,-2.775741406,24,1.57,191.0828025,-0.159864093,-7.46389E-10,-0.108722347,-5.07614E-10,NA
Litter,4,15,150,25007.1,4.108839,2.1591825,5.28785925,3.108894,3.996874906,-1.1592375,-2.047218406,24,1.5,184.6666667,-0.123408335,-5.76181E-10,-0.069879975,-3.26263E-10,NA
Litter,5,15,150,25282.7,4.133643,2.1591825,5.28785925,3.108894,3.996874906,-1.1344335,-2.022414406,24,1.69,168.6390533,-0.108206916,-5.05207E-10,-0.060696537,-2.83386E-10,NA
Litter,6,15,150,6188.6,2.415174,2.1591825,5.28785925,3.108894,3.996874906,-2.8529025,-3.740883406,24,1.59,166.6666667,-0.21273974,-9.93261E-10,-0.162241286,-7.57488E-10,NA
Litter,7,15,150,45407.8,5.944902,2.1591825,5.28785925,3.108894,3.996874906,0.6768255,-0.211155406,24,1.66,175.3012048,-0.011501797,-5.37007E-11,0.036867204,1.72129E-10,NA
Litter,8,15,150,19269.6,3.592464,2.1591825,5.28785925,3.108894,3.996874906,-1.6756125,-2.563593406,24,1.34,230.5970149,-0.172987978,-8.07664E-10,-0.113068171,-5.27904E-10,NA
Litter,9,15,150,30577.1,4.610139,2.1591825,5.28785925,3.108894,3.996874906,-0.6579375,-1.545918406,24,1.65,189.6969697,-0.084717708,-3.95539E-10,-0.036055562,-1.6834E-10,NA
Litter,1,25,25,35135.3,4.941724,6.220324,5.28785925,3.108894,3.996874906,-4.387494,-5.275474906,24,1.61,39.13043478,-0.29628336,-1.38332E-09,-0.246412216,-1.15047E-09,NA
Litter,2,25,25,31483.5,4.64958,6.220324,5.28785925,3.108894,3.996874906,-4.679638,-5.567618906,24,1.6,40,-0.314645188,-1.46905E-09,-0.264462349,-1.23475E-09,NA
Litter,3,25,25,20233.3,3.749564,6.220324,5.28785925,3.108894,3.996874906,-5.579654,-6.467634906,24,1.56,41.02564103,-0.374880175,-1.75028E-09,-0.323410597,-1.50997E-09,NA
Litter,4,25,25,19833.2,3.717556,6.220324,5.28785925,3.108894,3.996874906,-5.611662,-6.499642906,24,1.64,43.29268293,-0.358358099,-1.67314E-09,-0.309399233,-1.44455E-09,NA
Litter,5,25,25,31456.2,4.647396,6.220324,5.28785925,3.108894,3.996874906,-4.681822,-5.569802906,24,1.46,45.89041096,-0.344951905,-1.61055E-09,-0.289957013,-1.35378E-09,NA
Litter,6,25,25,20259.7,3.751676,6.220324,5.28785925,3.108894,3.996874906,-5.577542,-6.465522906,24,1.66,36.74698795,-0.352181989,-1.6443E-09,-0.303812989,-1.41847E-09,NA
Litter,7,25,25,19753.3,3.711164,6.220324,5.28785925,3.108894,3.996874906,-5.618054,-6.506034906,24,1.74,34.48275862,-0.338094975,-1.57853E-09,-0.291949837,-1.36308E-09,NA
Litter,8,25,25,21639,3.86202,6.220324,5.28785925,3.108894,3.996874906,-5.467198,-6.355178906,24,1.46,54.10958904,-0.393592216,-1.83764E-09,-0.338597325,-1.58088E-09,NA
Litter,9,25,25,21953.2,3.887156,6.220324,5.28785925,3.108894,3.996874906,-5.442062,-6.330042906,24,1.44,52.77777778,-0.397480417,-1.8558E-09,-0.341721708,-1.59546E-09,NA
Litter,1,25,50,35394.8,4.962484,6.220324,5.28785925,3.108894,3.996874906,-4.366734,-5.254714906,24,1.74,58.04597701,-0.273068425,-1.27493E-09,-0.226923287,-1.05948E-09,NA
Litter,2,25,50,31125.3,4.620924,6.220324,5.28785925,3.108894,3.996874906,-4.708294,-5.596274906,24,1.5,58.66666667,-0.337348945,-1.57505E-09,-0.283820585,-1.32513E-09,NA
Litter,3,25,50,39595.6,5.298548,6.220324,5.28785925,3.108894,3.996874906,-4.03067,-4.918650906,24,1.63,55.21472393,-0.272853778,-1.27393E-09,-0.22359455,-1.04394E-09,NA
Litter,4,25,50,33565.7,4.816156,6.220324,5.28785925,3.108894,3.996874906,-4.513062,-5.401042906,24,1.48,70.94594595,-0.329979901,-1.54064E-09,-0.275728184,-1.28735E-09,NA
Litter,5,25,50,35489.4,4.970052,6.220324,5.28785925,3.108894,3.996874906,-4.359166,-5.247146906,24,1.64,70.12195122,-0.289301677,-1.35072E-09,-0.24034281,-1.12214E-09,NA
Litter,6,25,50,42369.9,5.520492,6.220324,5.28785925,3.108894,3.996874906,-3.808726,-4.696706906,24,1.66,56.62650602,-0.255833226,-1.19446E-09,-0.207464225,-9.6863E-10,NA
Litter,7,25,50,57581.3,6.737404,6.220324,5.28785925,3.108894,3.996874906,-2.591814,-3.479794906,24,1.85,54.59459459,-0.170080097,-7.94087E-10,-0.126678724,-5.9145E-10,NA
Litter,8,25,50,25438.6,4.165988,6.220324,5.28785925,3.108894,3.996874906,-5.16323,-6.051210906,24,1.42,78.16901408,-0.385323522,-1.79904E-09,-0.328779479,-1.53504E-09,NA
Litter,9,25,50,35254.5,4.95126,6.220324,5.28785925,3.108894,3.996874906,-4.377958,-5.265938906,24,1.38,78.26086957,-0.345039094,-1.61095E-09,-0.286856094,-1.3393E-09,NA
Litter,1,25,100,79751,8.51098,6.220324,5.28785925,3.108894,3.996874906,-0.818238,-1.706218906,24,1.53,120.9150327,-0.100835834,-4.70792E-10,-0.048357049,-2.25774E-10,NA
Litter,2,25,100,79039.1,8.454028,6.220324,5.28785925,3.108894,3.996874906,-0.87519,-1.763170906,24,1.45,133.1034483,-0.109950696,-5.13349E-10,-0.05457653,-2.54812E-10,NA
Litter,3,25,100,46254.6,5.831268,6.220324,5.28785925,3.108894,3.996874906,-3.49795,-4.385930906,24,1.43,112.5874126,-0.277330301,-1.29483E-09,-0.221181671,-1.03268E-09,NA
Litter,4,25,100,148114.6,13.980068,6.220324,5.28785925,3.108894,3.996874906,4.65085,3.762869094,24,1.41,143.9716312,0.241307918,1.12664E-09,0.298252983,1.39251E-09,NA
Litter,5,25,100,76915.1,8.284108,6.220324,5.28785925,3.108894,3.996874906,-1.04511,-1.933090906,24,1.57,123.566879,-0.111333074,-5.19803E-10,-0.060191328,-2.81027E-10,NA
Litter,6,25,100,34446.7,4.886636,6.220324,5.28785925,3.108894,3.996874906,-4.442582,-5.330562906,24,1.64,112.195122,-0.293900822,-1.37219E-09,-0.244941955,-1.14361E-09,NA
Litter,7,25,100,55218.8,6.548404,6.220324,5.28785925,3.108894,3.996874906,-2.780814,-3.668794906,24,1.46,121.9178082,-0.227217697,-1.06086E-09,-0.172222806,-8.04091E-10,NA
Litter,8,25,100,112373.1,11.120748,6.220324,5.28785925,3.108894,3.996874906,1.79153,0.903549094,24,1.44,136.8055556,0.056736277,2.64896E-10,0.112494987,5.25228E-10,NA
Litter,9,25,100,88399.6,9.202868,6.220324,5.28785925,3.108894,3.996874906,-0.12635,-1.014330906,24,1.4,145,-0.065512353,-3.05871E-10,-0.008160538,-3.81007E-11,NA
Litter,1,25,150,5612.8,2.579924,6.220324,5.28785925,3.108894,3.996874906,-6.749294,-7.637274906,24,1.55,176.1290323,-0.445531383,-2.08014E-09,-0.393729743,-1.83828E-09,NA
Litter,2,25,150,132347.2,12.718676,6.220324,5.28785925,3.108894,3.996874906,3.389458,2.501477094,24,1.5,94.66666667,0.150791495,7.0403E-10,0.204319856,9.53949E-10,NA
Litter,3,25,150,56243,6.63034,6.220324,5.28785925,3.108894,3.996874906,-2.698878,-3.586858906,24,1.52,205.2631579,-0.213374384,-9.96224E-10,-0.160550344,-7.49594E-10,NA
Litter,4,25,150,51436.1,6.245788,6.220324,5.28785925,3.108894,3.996874906,-3.08343,-3.971410906,24,1.63,189.5705521,-0.220307253,-1.02859E-09,-0.171048025,-7.98606E-10,NA
Litter,5,25,150,33693.5,4.82638,6.220324,5.28785925,3.108894,3.996874906,-4.502838,-5.390818906,24,1.5,198,-0.324963856,-1.51722E-09,-0.271435495,-1.26731E-09,NA
Litter,6,25,150,16947.9,3.486732,6.220324,5.28785925,3.108894,3.996874906,-5.842486,-6.730466906,24,1.53,190.1960784,-0.397763875,-1.85712E-09,-0.34528509,-1.6121E-09,NA
Litter,7,25,150,25362.6,4.159908,6.220324,5.28785925,3.108894,3.996874906,-5.16931,-6.057290906,24,1.55,190.3225806,-0.353360751,-1.64981E-09,-0.301559111,-1.40795E-09,NA
Litter,8,25,150,22357.5,3.9195,6.220324,5.28785925,3.108894,3.996874906,-5.409718,-6.297698906,24,1.46,198.630137,-0.390032335,-1.82102E-09,-0.335037444,-1.56426E-09,NA
Litter,9,25,150,18519.9,3.612492,6.220324,5.28785925,3.108894,3.996874906,-5.716726,-6.604706906,24,1.45,206.2068966,-0.41186712,-1.92297E-09,-0.356492954,-1.66443E-09,NA
Litter,1,35,25,190335.7,17.078756,6.220324,5.28785925,3.108894,3.996874906,7.749538,6.861557094,24.5,1.49,43.62416107,0.407899474,1.90444E-09,0.460687339,2.1509E-09,NA
Litter,2,35,25,178284.9,16.114692,6.220324,5.28785925,3.108894,3.996874906,6.785474,5.897493094,24.5,1.54,44.80519481,0.339205943,1.58372E-09,0.390279916,1.82218E-09,NA
Litter,3,35,25,217746,19.27158,6.220324,5.28785925,3.108894,3.996874906,9.942362,9.054381094,24.5,1.54,44.15584416,0.520780581,2.43147E-09,0.571854554,2.66993E-09,NA
Litter,4,35,25,83300.4,8.515932,6.220324,5.28785925,3.108894,3.996874906,-0.813286,-1.701266906,24.5,1.5,47.33333333,-0.1004611,-4.69043E-10,-0.048025154,-2.24225E-10,NA
Litter,5,35,25,126359.5,11.96066,6.220324,5.28785925,3.108894,3.996874906,2.631442,1.743461094,24.5,1.65,39.39393939,0.093593362,4.36978E-10,0.141262403,6.5954E-10,NA
Litter,6,35,25,123841.2,11.759196,6.220324,5.28785925,3.108894,3.996874906,2.429978,1.541997094,24.5,1.56,39.74358974,0.087553939,4.08781E-10,0.137973117,6.44183E-10,NA
Litter,7,35,25,84143.9,8.583412,6.220324,5.28785925,3.108894,3.996874906,-0.745806,-1.633786906,24.5,1.59,39.62264151,-0.091015429,-4.24942E-10,-0.041547556,-1.93981E-10,NA
Litter,8,35,25,105365.7,10.281156,6.220324,5.28785925,3.108894,3.996874906,0.951938,0.063957094,24.5,1.58,39.87341772,0.003585489,1.67403E-11,0.053366449,2.49163E-10,NA
Litter,9,35,25,48351,5.71998,6.220324,5.28785925,3.108894,3.996874906,-3.609238,-4.497218906,24.5,1.43,55.24475524,-0.278563829,-1.30059E-09,-0.223561089,-1.04378E-09,NA
Litter,1,35,50,147097,13.61966,6.220324,5.28785925,3.108894,3.996874906,4.290442,3.402461094,24.5,1.51,66.88741722,0.199587323,9.31853E-10,0.25167601,1.17505E-09,NA
Litter,2,35,50,135344.4,12.679452,6.220324,5.28785925,3.108894,3.996874906,3.350234,2.462253094,24.5,1.53,58.82352941,0.142546971,6.65538E-10,0.193954761,9.05555E-10,NA
Litter,3,35,50,143238.8,13.311004,6.220324,5.28785925,3.108894,3.996874906,3.981786,3.093805094,24.5,1.55,65.80645161,0.176798259,8.25453E-10,0.227542722,1.06237E-09,NA
Litter,4,35,50,149082.6,13.778508,6.220324,5.28785925,3.108894,3.996874906,4.44929,3.561309094,24.5,1.54,66.88311688,0.204835714,9.56357E-10,0.255909687,1.19482E-09,NA
Litter,5,35,50,38874.5,4.96186,6.220324,5.28785925,3.108894,3.996874906,-4.367358,-5.255338906,24.5,1.5,34,-0.310331744,-1.44891E-09,-0.257895799,-1.20409E-09,NA
Litter,6,35,50,57110.2,6.420716,6.220324,5.28785925,3.108894,3.996874906,-2.908502,-3.796482906,24.5,1.59,53.4591195,-0.211495464,-9.87451E-10,-0.162027591,-7.56491E-10,NA
Litter,7,35,50,285237,24.67086,6.220324,5.28785925,3.108894,3.996874906,15.341642,14.45366109,24.5,1.72,59.30232558,0.744331079,3.47521E-09,0.790060101,3.68871E-09,NA
Litter,8,35,50,188622,16.94166,6.220324,5.28785925,3.108894,3.996874906,7.612442,6.724461094,24.5,1.52,68.42105263,0.391859726,1.82955E-09,0.443605724,2.07115E-09,NA
Litter,9,35,50,170960.2,15.528716,6.220324,5.28785925,3.108894,3.996874906,6.199498,5.311517094,24.5,1.5,65.33333333,0.313649108,1.4644E-09,0.366085054,1.70921E-09,NA
Litter,1,35,100,284392,24.60326,6.220324,5.28785925,3.108894,3.996874906,15.274042,14.38606109,24.5,1.48,129.0540541,0.860987642,4.01987E-09,0.914132181,4.26799E-09,NA
Litter,2,35,100,308144.2,26.503436,6.220324,5.28785925,3.108894,3.996874906,17.174218,16.28623709,24.5,1.5,120.6666667,0.961714639,4.49015E-09,1.014150584,4.73497E-09,NA
Litter,3,35,100,111135.6,10.742748,6.220324,5.28785925,3.108894,3.996874906,1.41353,0.525549094,24.5,1.53,152.2875817,0.030425561,1.42054E-10,0.08183335,3.82072E-10,NA
Litter,4,35,100,186572.8,16.777724,6.220324,5.28785925,3.108894,3.996874906,7.448506,6.560525094,24.5,1.44,143.0555556,0.403545809,1.88412E-09,0.458166586,2.13913E-09,NA
Litter,5,35,100,159810.1,14.636708,6.220324,5.28785925,3.108894,3.996874906,5.30749,4.419509094,24.5,1.5,134.6666667,0.26097536,1.21847E-09,0.313411305,1.46329E-09,NA
Litter,6,35,100,254044.1,22.175428,6.220324,5.28785925,3.108894,3.996874906,12.84621,11.95822909,24.5,1.54,129.8701299,0.687801124,3.21127E-09,0.738875097,3.44973E-09,NA
Litter,7,35,100,306829.1,26.398228,6.220324,5.28785925,3.108894,3.996874906,17.06901,16.18102909,24.5,1.62,119.7530864,0.884724099,4.13069E-09,0.9332759,4.35737E-09,NA
Litter,8,35,100,139071.3,12.977604,6.220324,5.28785925,3.108894,3.996874906,3.648386,2.760405094,24.5,1.45,144.8275862,0.16862484,7.87293E-10,0.222868921,1.04055E-09,NA
Litter,9,35,100,203366.5,18.12122,6.220324,5.28785925,3.108894,3.996874906,8.792002,7.904021094,24.5,1.52,113.1578947,0.460597138,2.15048E-09,0.512343137,2.39208E-09,NA
Litter,1,35,150,315786.3,27.114804,6.220324,5.28785925,3.108894,3.996874906,17.785586,16.89760509,24.5,1.4,210,1.069088981,4.99147E-09,1.125270351,5.25377E-09,NA
Litter,2,35,150,141128.3,13.142164,6.220324,5.28785925,3.108894,3.996874906,3.812946,2.924965094,24.5,1.57,182.8025478,0.16502045,7.70464E-10,0.215118487,1.00437E-09,NA
Litter,3,35,150,259813.5,22.63698,6.220324,5.28785925,3.108894,3.996874906,13.307762,12.41978109,24.5,1.53,188.2352941,0.71901714,3.35702E-09,0.770424929,3.59704E-09,NA
Litter,4,35,150,103112.5,10.1009,6.220324,5.28785925,3.108894,3.996874906,0.771682,-0.116298906,24.5,1.58,181.6455696,-0.006519815,-3.04404E-11,0.043261146,2.01982E-10,NA
Litter,5,35,150,277276.4,24.034012,6.220324,5.28785925,3.108894,3.996874906,14.704794,13.81681309,24.5,1.66,186.746988,0.737252965,3.44216E-09,0.784634843,3.66338E-09,NA
Litter,6,35,150,179932.2,16.246476,6.220324,5.28785925,3.108894,3.996874906,6.917258,6.029277094,24.5,1.45,196.5517241,0.368310393,1.7196E-09,0.422554475,1.97286E-09,NA
Litter,7,35,150,188900.3,16.963924,6.220324,5.28785925,3.108894,3.996874906,7.634706,6.746725094,24.5,1.49,195.3020134,0.401073048,1.87257E-09,0.453860913,2.11903E-09,NA
Litter,8,35,150,138962.4,12.968892,6.220324,5.28785925,3.108894,3.996874906,3.639674,2.751693094,24.5,1.31,223.6641221,0.18605675,8.6868E-10,0.246097909,1.14901E-09,NA
Litter,9,35,150,253298.6,22.115788,6.220324,5.28785925,3.108894,3.996874906,12.78657,11.89858909,24.5,1.57,162.4203822,0.671293663,3.1342E-09,0.7213917,3.36811E-09,NA
Soil,1,5,10,5000.4,2.530932,2.1591825,4.079462875,2.570564,3.287546618,-2.1988145,-2.915797118,23.75,9.2,17.60869565,-0.028959341,-1.35208E-10,-0.021838357,-1.01961E-10,NA
Soil,2,5,10,5387.4,2.561892,2.1591825,4.079462875,2.570564,3.287546618,-2.1678545,-2.884837118,23.75,9.19,18.9336235,-0.028683027,-1.33918E-10,-0.021554295,-1.00635E-10,NA
Soil,3,5,10,4776.5,2.51302,2.1591825,4.079462875,2.570564,3.287546618,-2.2167265,-2.933709118,23.75,9.21,17.48099891,-0.029105605,-1.35891E-10,-0.021992352,-1.0268E-10,NA
Soil,4,5,10,102111.3,10.299804,2.1591825,4.079462875,2.570564,3.287546618,5.5700575,4.853074882,23.75,9.16,17.79475983,0.048410629,2.26024E-10,0.055562709,2.59417E-10,NA
Soil,5,5,10,6554,2.65522,2.1591825,4.079462875,2.570564,3.287546618,-2.0745265,-2.791509118,23.75,9.35,15.82887701,-0.027280143,-1.27368E-10,-0.0202734,-9.46545E-11,NA
Soil,6,5,10,33648.2,4.822756,2.1591825,4.079462875,2.570564,3.287546618,0.0930095,-0.623973118,23.75,9.08,15.74889868,-0.006279127,-2.93166E-11,0.000935967,4.36994E-12,NA
Soil,7,5,10,7347,2.71866,2.1591825,4.079462875,2.570564,3.287546618,-2.0110865,-2.728069118,23.75,9.44,15.25423729,-0.026405998,-1.23287E-10,-0.019466056,-9.08851E-11,NA
Soil,8,5,10,11603.6,3.059188,2.1591825,4.079462875,2.570564,3.287546618,-1.6705585,-2.387541118,23.75,9.37,15.26147279,-0.023282546,-1.08704E-10,-0.016290758,-7.60599E-11,NA
Soil,9,5,10,3863.2,2.439956,2.1591825,4.079462875,2.570564,3.287546618,-2.2897905,-3.006773118,23.75,9.45,15.44973545,-0.02907288,-1.35738E-10,-0.022140282,-1.03371E-10,NA
Soil,1,5,25,7921.2,2.764596,2.1591825,4.079462875,2.570564,3.287546618,-1.9651505,-2.682133118,23.75,9.01,31.96448391,-0.027200366,-1.26996E-10,-0.019929217,-9.30475E-11,NA
Soil,2,5,25,5855.5,2.59934,2.1591825,4.079462875,2.570564,3.287546618,-2.1304065,-2.847389118,23.75,8.61,38.0952381,-0.030217802,-1.41084E-10,-0.022608853,-1.05558E-10,NA
Soil,3,5,25,22266,3.91218,2.1591825,4.079462875,2.570564,3.287546618,-0.8175665,-1.534549118,23.75,8.95,32.06703911,-0.01566668,-7.31462E-11,-0.008346786,-3.89703E-11,NA
Soil,4,5,25,6021.9,2.612652,2.1591825,4.079462875,2.570564,3.287546618,-2.1170945,-2.834077118,23.75,8.72,31.07798165,-0.029697123,-1.38653E-10,-0.022184159,-1.03576E-10,NA
Soil,5,5,25,5825.1,2.596908,2.1591825,4.079462875,2.570564,3.287546618,-2.1328385,-2.849821118,23.75,9,28.77777778,-0.028933055,-1.35086E-10,-0.021653827,-1.011E-10,NA
Soil,6,5,25,8814.2,2.836036,2.1591825,4.079462875,2.570564,3.287546618,-1.8937105,-2.610693118,23.75,9.04,29.75663717,-0.026388007,-1.23203E-10,-0.019140988,-8.93674E-11,NA
Soil,7,5,25,6308.4,2.635572,2.1591825,4.079462875,2.570564,3.287546618,-2.0941745,-2.811157118,23.75,9.24,29.32900433,-0.027799203,-1.29792E-10,-0.020709046,-9.66885E-11,NA
Soil,8,5,25,7713.6,2.747988,2.1591825,4.079462875,2.570564,3.287546618,-1.9817585,-2.698741118,23.75,9.04,27.98672566,-0.027277967,-1.27358E-10,-0.020030948,-9.35225E-11,NA
Soil,9,5,25,6911,2.68378,2.1591825,4.079462875,2.570564,3.287546618,-2.0459665,-2.762949118,23.75,9.13,27.27272727,-0.027651667,-1.29103E-10,-0.020476086,-9.56008E-11,NA
Soil,1,5,50,6265,2.6321,2.1591825,4.079462875,2.570564,3.287546618,-2.0976465,-2.814629118,23.75,9.23,55.79631636,-0.027863693,-1.30093E-10,-0.020765854,-9.69537E-11,NA
Soil,2,5,50,17099.5,3.49886,2.1591825,4.079462875,2.570564,3.287546618,-1.2308865,-1.947869118,23.75,9.14,53.82932166,-0.019472996,-9.09175E-11,-0.012305266,-5.74521E-11,NA
Soil,3,5,50,6140.3,2.622124,2.1591825,4.079462875,2.570564,3.287546618,-2.1076225,-2.824605118,23.75,9.12,55.59210526,-0.028299718,-1.32129E-10,-0.021116269,-9.85897E-11,NA
Soil,4,5,50,6267.6,2.632308,2.1591825,4.079462875,2.570564,3.287546618,-2.0974385,-2.814421118,23.75,9.21,55.15743757,-0.027922137,-1.30366E-10,-0.020808885,-9.71546E-11,NA
Soil,5,5,50,4214.1,2.468028,2.1591825,4.079462875,2.570564,3.287546618,-2.2617185,-2.978701118,23.75,9.02,55.87583149,-0.030174466,-1.40882E-10,-0.022911378,-1.06971E-10,NA
Soil,6,5,50,9545,2.8945,2.1591825,4.079462875,2.570564,3.287546618,-1.8352465,-2.552229118,23.75,9.198,52.75059796,-0.02535394,-1.18375E-10,-0.018231408,-8.51206E-11,NA
Soil,7,5,50,11060.7,3.015756,2.1591825,4.079462875,2.570564,3.287546618,-1.7139905,-2.430973118,23.75,9.239,52.61391926,-0.02404221,-1.12251E-10,-0.016951286,-7.91439E-11,NA
Soil,8,5,50,4758.2,2.511556,2.1591825,4.079462875,2.570564,3.287546618,-2.2181905,-2.935173118,23.75,9.1,52.41758242,-0.029472131,-1.37602E-10,-0.022272894,-1.0399E-10,NA
Soil,9,5,50,9503,2.89114,2.1591825,4.079462875,2.570564,3.287546618,-1.8386065,-2.555589118,23.75,9.05,53.37016575,-0.025802492,-1.20469E-10,-0.018563481,-8.6671E-11,NA
Soil,1,5,100,10297.2,2.954676,2.1591825,4.079462875,2.570564,3.287546618,-1.7750705,-2.492053118,23.75,9.02,108.5365854,-0.025244685,-1.17865E-10,-0.017981598,-8.39543E-11,NA
Soil,2,5,100,15182.7,3.345516,2.1591825,4.079462875,2.570564,3.287546618,-1.3842305,-2.101213118,23.75,8.79,115.0170648,-0.021842404,-1.0198E-10,-0.014389269,-6.71821E-11,NA
Soil,3,5,100,15498.9,3.370812,2.1591825,4.079462875,2.570564,3.287546618,-1.3589345,-2.075917118,23.75,9.44,101.1652542,-0.020093575,-9.38149E-11,-0.013153633,-6.1413E-11,NA
Soil,4,5,100,102989.7,10.370076,2.1591825,4.079462875,2.570564,3.287546618,5.6403295,4.923346882,23.75,8.85,108.3615819,0.050831903,2.37329E-10,0.058234508,2.71891E-10,NA
Soil,5,5,100,17790.5,3.55414,2.1591825,4.079462875,2.570564,3.287546618,-1.1756065,-1.892589118,23.75,9.28,104.9568966,-0.018634921,-8.70046E-11,-0.011575325,-5.4044E-11,NA
Soil,6,5,100,7696.5,2.74662,2.1591825,4.079462875,2.570564,3.287546618,-1.9831265,-2.700109118,23.75,9.29,102.583423,-0.026557354,-1.23994E-10,-0.019505357,-9.10686E-11,NA
Soil,7,5,100,3464.5,2.40806,2.1591825,4.079462875,2.570564,3.287546618,-2.3216865,-3.038669118,23.75,9.12,33.55263158,-0.030444425,-1.42142E-10,-0.023260976,-1.08603E-10,NA
Soil,8,5,100,9275.4,2.872932,2.1591825,4.079462875,2.570564,3.287546618,-1.8568145,-2.573797118,23.75,9.21,106.8403909,-0.025534884,-1.1922E-10,-0.018421632,-8.60088E-11,NA
Soil,9,5,100,20086.9,3.737852,2.1591825,4.079462875,2.570564,3.287546618,-0.9918945,-1.708877118,23.75,9.31,104.6186896,-0.016771826,-7.8306E-11,-0.009734979,-4.54516E-11,NA
Soil,1,15,10,8755.9,2.646231,2.1591825,4.079462875,2.570564,3.287546618,-2.0835155,-2.800498118,24.5,9.08,17.84140969,-0.027319086,-1.2755E-10,-0.020324863,-9.48948E-11,NA
Soil,2,15,10,6477.8,2.441202,2.1591825,4.079462875,2.570564,3.287546618,-2.2885445,-3.005527118,24.5,8.7,18.50574713,-0.030599768,-1.42867E-10,-0.023300049,-1.08786E-10,NA
Soil,3,15,10,5248.5,2.330565,2.1591825,4.079462875,2.570564,3.287546618,-2.3991815,-3.116164118,24.5,9.13,15.33406353,-0.030231958,-1.4115E-10,-0.023276038,-1.08673E-10,NA
Soil,4,15,10,1164.5,1.963005,2.1591825,4.079462875,2.570564,3.287546618,-2.7667415,-3.483724118,24.5,9.24,15.8008658,-0.033395544,-1.5592E-10,-0.026522432,-1.23831E-10,NA
Soil,5,15,10,3345.6,2.159304,2.1591825,4.079462875,2.570564,3.287546618,-2.5704425,-3.287425118,24.5,9.39,15.22896699,-0.031010374,-1.44784E-10,-0.024247057,-1.13207E-10,NA
Soil,6,15,10,63071.8,7.534662,2.1591825,4.079462875,2.570564,3.287546618,2.8049155,2.087932882,24.5,9.31,13.85606874,0.019864772,9.27466E-11,0.026686206,1.24595E-10,NA
Soil,7,15,10,2491.6,2.082444,2.1591825,4.079462875,2.570564,3.287546618,-2.6473025,-3.364285118,24.5,9.27,15.85760518,-0.032146211,-1.50087E-10,-0.025295343,-1.18101E-10,NA
Soil,8,15,10,5339.6,2.338764,2.1591825,4.079462875,2.570564,3.287546618,-2.3909825,-3.107965118,24.5,9.36,14.63675214,-0.02941149,-1.37319E-10,-0.022626495,-1.05641E-10,NA
Soil,9,15,10,6844.6,2.474214,2.1591825,4.079462875,2.570564,3.287546618,-2.2555325,-2.972515118,24.5,9.4,15.42553191,-0.02800999,-1.30776E-10,-0.021253867,-9.92322E-11,NA
Soil,1,15,25,10061.4,2.763726,2.1591825,4.079462875,2.570564,3.287546618,-1.9660205,-2.683003118,24.5,9,32.55555556,-0.026405561,-1.23285E-10,-0.019349167,-9.03393E-11,NA
Soil,2,15,25,13270.1,3.052509,2.1591825,4.079462875,2.570564,3.287546618,-1.6772375,-2.394220118,24.5,8.9,33.14606742,-0.023828176,-1.11251E-10,-0.016692496,-7.79356E-11,NA
Soil,3,15,25,5336.8,2.338512,2.1591825,4.079462875,2.570564,3.287546618,-2.3912345,-3.108217118,24.5,9.21,30.51031488,-0.029892928,-1.39567E-10,-0.022997428,-1.07373E-10,NA
Soil,4,15,25,21633.5,3.805215,2.1591825,4.079462875,2.570564,3.287546618,-0.9245315,-1.641514118,24.5,8.99,32.14682981,-0.016173413,-7.5512E-11,-0.009109169,-4.25298E-11,NA
Soil,5,15,25,30594.2,4.611678,2.1591825,4.079462875,2.570564,3.287546618,-0.1180685,-0.835051118,24.5,9.08,31.3876652,-0.008145991,-3.80328E-11,-0.001151768,-5.37749E-12,NA
Soil,6,15,25,19306.7,3.595803,2.1591825,4.079462875,2.570564,3.287546618,-1.1339435,-1.850926118,24.5,8.9,28.98876404,-0.018421111,-8.60063E-11,-0.011285431,-5.26905E-11,NA
Soil,7,15,25,180583.6,18.110724,2.1591825,4.079462875,2.570564,3.287546618,13.3809775,12.66399488,24.5,9.17,30.53435115,0.122325817,5.71127E-10,0.129251395,6.03462E-10,NA
Soil,8,15,25,23271.5,3.952635,2.1591825,4.079462875,2.570564,3.287546618,-0.7771115,-1.494094118,24.5,9.33,28.1886388,-0.014184468,-6.62259E-11,-0.007377656,-3.44455E-11,NA
Soil,9,15,25,11004.6,2.848614,2.1591825,4.079462875,2.570564,3.287546618,-1.8811325,-2.598115118,24.5,9.13,27.05366922,-0.025206024,-1.17684E-10,-0.018250104,-8.52079E-11,NA
Soil,1,15,50,13857.4,3.105366,2.1591825,4.079462875,2.570564,3.287546618,-1.6243805,-2.341363118,24.5,8.99,55.72858732,-0.023068843,-1.07706E-10,-0.016004599,-7.47239E-11,NA
Soil,2,15,50,16461,3.33969,2.1591825,4.079462875,2.570564,3.287546618,-1.3900565,-2.107039118,24.5,9,59.77777778,-0.020737043,-9.68192E-11,-0.013680648,-6.38736E-11,NA
Soil,3,15,50,15515.9,3.254631,2.1591825,4.079462875,2.570564,3.287546618,-1.4751155,-2.192098118,24.5,9.02,55.87583149,-0.021526339,-1.00504E-10,-0.014485591,-6.76318E-11,NA
Soil,4,15,50,8023.6,2.580324,2.1591825,4.079462875,2.570564,3.287546618,-2.1494225,-2.866405118,24.5,9.11,54.66520307,-0.027869933,-1.30122E-10,-0.020898742,-9.75741E-11,NA
Soil,5,15,50,11478.9,2.891301,2.1591825,4.079462875,2.570564,3.287546618,-1.8384455,-2.555428118,24.5,9.15,49.61748634,-0.024737699,-1.15498E-10,-0.017796984,-8.30923E-11,NA
Soil,6,15,50,16688,3.36012,2.1591825,4.079462875,2.570564,3.287546618,-1.3696265,-2.086609118,24.5,8.96,53.45982143,-0.020627653,-9.63085E-11,-0.013539757,-6.32158E-11,NA
Soil,7,15,50,8065.1,2.584059,2.1591825,4.079462875,2.570564,3.287546618,-2.1456875,-2.862670118,24.5,9.09,52.69526953,-0.027894858,-1.30238E-10,-0.020908329,-9.76189E-11,NA
Soil,8,15,50,3602.6,2.182434,2.1591825,4.079462875,2.570564,3.287546618,-2.5473125,-3.264295118,24.5,9.2,54.56521739,-0.031428114,-1.46735E-10,-0.02452512,-1.14505E-10,NA
Soil,9,15,50,8375,2.61195,2.1591825,4.079462875,2.570564,3.287546618,-2.1177965,-2.834779118,24.5,9.1,50.76923077,-0.027592723,-1.28828E-10,-0.020613872,-9.62441E-11,NA
Soil,1,15,100,12343.8,2.969142,2.1591825,4.079462875,2.570564,3.287546618,-1.7606045,-2.477587118,24.5,9.01,108.5460599,-0.024356836,-1.1372E-10,-0.017308274,-8.08106E-11,NA
Soil,2,15,100,11525.4,2.895486,2.1591825,4.079462875,2.570564,3.287546618,-1.8342605,-2.551243118,24.5,8.92,108.4080717,-0.025333998,-1.18282E-10,-0.018214317,-8.50408E-11,NA
Soil,3,15,100,27678.3,4.349247,2.1591825,4.079462875,2.570564,3.287546618,-0.3804995,-1.097482118,24.5,9.04,102.4336283,-0.010753399,-5.02065E-11,-0.003728227,-1.74067E-11,NA
Soil,4,15,100,10673.8,2.818842,2.1591825,4.079462875,2.570564,3.287546618,-1.9109045,-2.627887118,24.5,9,108.3333333,-0.025863121,-1.20752E-10,-0.018806726,-8.78067E-11,NA
Soil,5,15,100,6659.2,2.457528,2.1591825,4.079462875,2.570564,3.287546618,-2.2722185,-2.989201118,24.5,9.08,106.7180617,-0.029159899,-1.36145E-10,-0.022165676,-1.03489E-10,NA
Soil,6,15,100,8487.7,2.622093,2.1591825,4.079462875,2.570564,3.287546618,-2.1076535,-2.824636118,24.5,9.03,106.8660022,-0.027707127,-1.29362E-10,-0.020674175,-9.65257E-11,NA
Soil,7,15,100,13083.9,3.035751,2.1591825,4.079462875,2.570564,3.287546618,-1.6939955,-2.410978118,24.5,9.16,104.5851528,-0.023313878,-1.0885E-10,-0.01638074,-7.648E-11,NA
Soil,8,15,100,8215.4,2.597586,2.1591825,4.079462875,2.570564,3.287546618,-2.1321605,-2.849143118,24.5,9.22,104.3383948,-0.027371593,-1.27795E-10,-0.020483573,-9.56358E-11,NA
Soil,9,15,100,8424.9,2.616441,2.1591825,4.079462875,2.570564,3.287546618,-2.1133055,-2.830288118,24.5,9.34,98.39400428,-0.026841112,-1.25318E-10,-0.020041588,-9.35722E-11,NA
Soil,1,25,10,13399.4,3.202852,6.220324,4.079462875,2.570564,3.287546618,-5.588036,-6.305018618,24,9.2,17.5,-0.061968377,-2.89324E-10,-0.05492157,-2.56423E-10,NA
Soil,2,25,10,7064.9,2.696092,6.220324,4.079462875,2.570564,3.287546618,-6.094796,-6.811778618,24,9.09,18.04180418,-0.067759192,-3.16361E-10,-0.06062711,-2.83062E-10,NA
Soil,3,25,10,23589.4,4.018052,6.220324,4.079462875,2.570564,3.287546618,-4.772836,-5.489818618,24,9.22,16.81127983,-0.053839206,-2.5137E-10,-0.046807685,-2.1854E-10,NA
Soil,4,25,10,6923.4,2.684772,6.220324,4.079462875,2.570564,3.287546618,-6.106116,-6.823098618,24,8.93,15.90145577,-0.069087864,-3.22564E-10,-0.061827996,-2.88669E-10,NA
Soil,5,25,10,15887.9,3.401932,6.220324,4.079462875,2.570564,3.287546618,-5.388956,-6.105938618,24,9.24,15.69264069,-0.059751944,-2.78976E-10,-0.052735643,-2.46217E-10,NA
Soil,6,25,10,44058.6,5.655588,6.220324,4.079462875,2.570564,3.287546618,-3.1353,-3.852282618,24,9.3,25.37634409,-0.037454738,-1.74872E-10,-0.030483704,-1.42325E-10,NA
Soil,7,25,10,14260,3.2717,6.220324,4.079462875,2.570564,3.287546618,-5.519188,-6.236170618,24,9.33,15.00535906,-0.060437699,-2.82178E-10,-0.053489079,-2.49735E-10,NA
Soil,8,25,10,10919.8,3.004484,6.220324,4.079462875,2.570564,3.287546618,-5.786404,-6.503386618,24,9.33,15.75562701,-0.063027416,-2.94269E-10,-0.056078796,-2.61826E-10,NA
Soil,9,25,10,7762.2,2.751876,6.220324,4.079462875,2.570564,3.287546618,-6.039012,-6.755994618,24,9.48,14.76793249,-0.064439555,-3.00862E-10,-0.057600882,-2.68933E-10,NA
Soil,1,25,25,14975.4,3.328932,6.220324,4.079462875,2.570564,3.287546618,-5.461956,-6.178938618,24,9.02,31.15299335,-0.061941101,-2.89197E-10,-0.05475367,-2.55639E-10,NA
Soil,2,25,25,9077.8,2.857124,6.220324,4.079462875,2.570564,3.287546618,-5.933764,-6.650746618,24,9.15,31.69398907,-0.06572353,-3.06857E-10,-0.058638216,-2.73776E-10,NA
Soil,3,25,25,5887.7,2.601916,6.220324,4.079462875,2.570564,3.287546618,-6.188972,-6.905954618,24,9.08,32.26872247,-0.06877165,-3.21088E-10,-0.061631714,-2.87752E-10,NA
Soil,4,25,25,10616.6,2.980228,6.220324,4.079462875,2.570564,3.287546618,-5.81066,-6.527642618,24,9.09,31.57315732,-0.06493279,-3.03165E-10,-0.057800708,-2.69866E-10,NA
Soil,5,25,25,9456.4,2.887412,6.220324,4.079462875,2.570564,3.287546618,-5.903476,-6.620458618,24,9.09,31.79317932,-0.065856064,-3.07475E-10,-0.058723982,-2.74176E-10,NA
Soil,6,25,25,12530.2,3.133316,6.220324,4.079462875,2.570564,3.287546618,-5.657572,-6.374554618,24,9.37,31.91035219,-0.061515114,-2.87208E-10,-0.054596157,-2.54904E-10,NA
Soil,7,25,25,59169.3,6.864444,6.220324,4.079462875,2.570564,3.287546618,-1.926444,-2.643426618,24,9.26,30.12958963,-0.025812368,-1.20515E-10,-0.018811221,-8.78277E-11,NA
Soil,8,25,25,8793.2,2.834356,6.220324,4.079462875,2.570564,3.287546618,-5.956532,-6.673514618,24,9.29,30.35522067,-0.064954684,-3.03267E-10,-0.057976146,-2.70685E-10,NA
Soil,9,25,25,12094.2,3.098436,6.220324,4.079462875,2.570564,3.287546618,-5.692452,-6.409434618,24,9.34,29.33618844,-0.062050376,-2.89707E-10,-0.055109196,-2.57299E-10,NA
Soil,1,25,50,2146.2,2.302596,6.220324,4.079462875,2.570564,3.287546618,-6.488292,-7.205274618,24,9.38,53.51812367,-0.06945752,-3.2429E-10,-0.06254594,-2.92021E-10,NA
Soil,2,25,50,92261.9,9.511852,6.220324,4.079462875,2.570564,3.287546618,0.720964,0.003981382,24,9,60,4.00003E-05,1.86757E-13,0.007243403,3.38187E-11,NA
Soil,3,25,50,17137.5,3.5019,6.220324,4.079462875,2.570564,3.287546618,-5.288988,-6.005970618,24,9.25,53.18918919,-0.058710131,-2.74112E-10,-0.051701414,-2.41389E-10,NA
Soil,4,25,50,2445.6,2.326548,6.220324,4.079462875,2.570564,3.287546618,-6.46434,-7.181322618,24,9.27,53.72168285,-0.070048087,-3.27048E-10,-0.063054492,-2.94395E-10,NA
Soil,5,25,50,4494,2.49042,6.220324,4.079462875,2.570564,3.287546618,-6.300468,-7.017450618,24,9.18,51.19825708,-0.069120721,-3.22718E-10,-0.062058561,-2.89745E-10,NA
Soil,6,25,50,29710.9,4.507772,6.220324,4.079462875,2.570564,3.287546618,-4.283116,-5.000098618,24,9.26,53.13174946,-0.048824652,-2.27957E-10,-0.041823505,-1.9527E-10,NA
Soil,7,25,50,6983,2.68954,6.220324,4.079462875,2.570564,3.287546618,-6.101348,-6.818330618,24,9.24,53.35497835,-0.066723322,-3.11525E-10,-0.059707021,-2.78766E-10,NA
Soil,8,25,50,15017.6,3.332308,6.220324,4.079462875,2.570564,3.287546618,-5.45858,-6.175562618,24,9.26,53.0237581,-0.06030275,-2.81548E-10,-0.053301603,-2.4886E-10,NA
Soil,9,25,50,36995.3,5.090524,6.220324,4.079462875,2.570564,3.287546618,-3.700364,-4.417346618,24,9.19,54.95103373,-0.043462784,-2.02923E-10,-0.036408309,-1.69987E-10,NA
Soil,1,25,100,28646.5,4.42262,6.220324,4.079462875,2.570564,3.287546618,-4.368268,-5.085250618,24,8.99,108.4538376,-0.05114748,-2.38802E-10,-0.043936065,-2.05133E-10,NA
Soil,2,25,100,88798.2,9.234756,6.220324,4.079462875,2.570564,3.287546618,0.443868,-0.273114618,24,9.22,102.6030369,-0.002678463,-1.25055E-11,0.004353058,2.0324E-11,NA
Soil,3,25,100,43466.4,5.608212,6.220324,4.079462875,2.570564,3.287546618,-3.182676,-3.899658618,24,9.34,105.2462527,-0.037752984,-1.76265E-10,-0.030811804,-1.43857E-10,NA
Soil,4,25,100,10606.5,2.97942,6.220324,4.079462875,2.570564,3.287546618,-5.811468,-6.528450618,24,9.31,105.8002148,-0.063406243,-2.96037E-10,-0.056442695,-2.63525E-10,NA
Soil,5,25,100,10028.8,2.933204,6.220324,4.079462875,2.570564,3.287546618,-5.857684,-6.574666618,24,9.41,104.250797,-0.063176518,-2.94965E-10,-0.056286973,-2.62798E-10,NA
Soil,6,25,100,3375.9,2.400972,6.220324,4.079462875,2.570564,3.287546618,-6.389916,-7.106898618,24,9.33,104.5016077,-0.068876339,-3.21577E-10,-0.061927719,-2.89134E-10,NA
Soil,7,25,100,6706.4,2.667412,6.220324,4.079462875,2.570564,3.287546618,-6.123476,-6.840458618,24,9.46,101.6913319,-0.065383123,-3.05267E-10,-0.058529991,-2.73271E-10,NA
Soil,8,25,100,13641.8,3.222244,6.220324,4.079462875,2.570564,3.287546618,-5.568644,-6.285626618,24,9.44,104.7669492,-0.060207163,-2.81101E-10,-0.053339512,-2.49037E-10,NA
Soil,9,25,100,15780.5,3.39334,6.220324,4.079462875,2.570564,3.287546618,-5.397548,-6.114530618,24,9.48,104.1139241,-0.058321188,-2.72296E-10,-0.051482515,-2.40367E-10,NA
Soil,1,35,10,1026714.2,83.989036,6.220324,4.079462875,2.570564,3.287546618,75.198148,74.48116538,24.25,9.17,16.35768811,0.726855702,3.39362E-09,0.733852678,3.42628E-09,NA
Soil,2,35,10,2511964,202.80902,6.220324,4.079462875,2.570564,3.287546618,194.018132,193.3011494,24.25,9.31,16.433942,1.858043296,8.67502E-09,1.864935054,8.7072E-09,NA
Soil,3,35,10,39511.5,5.01282,6.220324,4.079462875,2.570564,3.287546618,-3.778068,-4.495050618,24.25,9.11,17.233809,-0.044155752,-2.06159E-10,-0.037112693,-1.73275E-10,NA
Soil,4,35,10,15256.5,3.07242,6.220324,4.079462875,2.570564,3.287546618,-5.718468,-6.435450618,24.25,9.15,17.26775956,-0.062940319,-2.93862E-10,-0.05592805,-2.61122E-10,NA
Soil,5,35,10,14371.9,3.001652,6.220324,4.079462875,2.570564,3.287546618,-5.789236,-6.506218618,24.25,9.24,16.77489177,-0.063012652,-2.942E-10,-0.056068683,-2.61779E-10,NA
Soil,6,35,10,76369.8,7.961484,6.220324,4.079462875,2.570564,3.287546618,-0.829404,-1.546386618,24.25,9.27,15.31823085,-0.014928268,-6.96986E-11,-0.008006772,-3.73828E-11,NA
Soil,7,35,10,11145,2.7435,6.220324,4.079462875,2.570564,3.287546618,-6.047388,-6.764370618,24.25,9.39,14.48349308,-0.06446632,-3.00987E-10,-0.057633277,-2.69084E-10,NA
Soil,8,35,10,13491.7,2.931236,6.220324,4.079462875,2.570564,3.287546618,-5.859652,-6.576634618,24.25,9.44,14.83050847,-0.062345167,-2.91083E-10,-0.055548317,-2.5935E-10,NA
Soil,9,35,10,41122.3,5.141684,6.220324,4.079462875,2.570564,3.287546618,-3.649204,-4.366186618,24.25,9.35,14.65240642,-0.041788979,-1.95109E-10,-0.034926704,-1.63069E-10,NA
Soil,1,35,25,14725.1,3.029908,6.220324,4.079462875,2.570564,3.287546618,-5.76098,-6.477962618,24.25,9.15,32.34972678,-0.063356097,-2.95803E-10,-0.056343828,-2.63064E-10,NA
Soil,2,35,25,20005.5,3.45234,6.220324,4.079462875,2.570564,3.287546618,-5.338548,-6.055530618,24.25,8.95,31.95530726,-0.060548061,-2.82693E-10,-0.053379093,-2.49222E-10,NA
Soil,3,35,25,21550.9,3.575972,6.220324,4.079462875,2.570564,3.287546618,-5.214916,-5.931898618,24.25,8.99,32.70300334,-0.059047988,-2.75689E-10,-0.051910917,-2.42367E-10,NA
Soil,4,35,25,18504.7,3.332276,6.220324,4.079462875,2.570564,3.287546618,-5.458612,-6.175594618,24.25,9.13,30.55859803,-0.060531171,-2.82614E-10,-0.053503541,-2.49803E-10,NA
Soil,5,35,25,14158.7,2.984596,6.220324,4.079462875,2.570564,3.287546618,-5.806292,-6.523274618,24.25,9.08,30.39647577,-0.064291105,-3.00169E-10,-0.057224776,-2.67177E-10,NA
Soil,6,35,25,15182.5,3.0665,6.220324,4.079462875,2.570564,3.287546618,-5.724388,-6.441370618,24.25,9.24,30.41125541,-0.062384599,-2.91267E-10,-0.055440631,-2.58847E-10,NA
Soil,7,35,25,10617.6,2.701308,6.220324,4.079462875,2.570564,3.287546618,-6.08958,-6.806562618,24.25,9.33,30.54662379,-0.065285581,-3.04812E-10,-0.058408597,-2.72704E-10,NA
Soil,8,35,25,16947.7,3.207716,6.220324,4.079462875,2.570564,3.287546618,-5.583172,-6.300154618,24.25,8.82,22.44897959,-0.063922492,-2.98448E-10,-0.056647858,-2.64483E-10,NA
Soil,9,35,25,15506.3,3.092404,6.220324,4.079462875,2.570564,3.287546618,-5.698484,-6.415466618,24.25,9.26,30.99352052,-0.061999521,-2.8947E-10,-0.055070551,-2.57119E-10,NA
Soil,1,35,50,28575.1,4.137908,6.220324,4.079462875,2.570564,3.287546618,-4.65298,-5.369962618,24.25,8.95,58.54748603,-0.053693202,-2.50688E-10,-0.046524233,-2.17217E-10,NA
Soil,2,35,50,49585.6,5.818748,6.220324,4.079462875,2.570564,3.287546618,-2.97214,-3.689122618,24.25,9.04,57.8539823,-0.036519577,-1.70506E-10,-0.029421981,-1.37368E-10,NA
Soil,3,35,50,11903.8,2.804204,6.220324,4.079462875,2.570564,3.287546618,-5.986684,-6.703666618,24.25,9.22,55.09761388,-0.065065768,-3.03786E-10,-0.058106737,-2.71295E-10,NA
Soil,4,35,50,9180.3,2.586324,6.220324,4.079462875,2.570564,3.287546618,-6.204564,-6.921546618,24.25,9.241,58.11059409,-0.067027844,-3.12946E-10,-0.060084627,-2.80529E-10,NA
Soil,5,35,50,26721.7,3.989636,6.220324,4.079462875,2.570564,3.287546618,-4.801252,-5.518234618,24.25,9.25,55.35135135,-0.053386261,-2.49255E-10,-0.046449799,-2.16869E-10,NA
Soil,6,35,50,18513.4,3.332972,6.220324,4.079462875,2.570564,3.287546618,-5.457916,-6.174898618,24.25,9.21,53.9630836,-0.059998622,-2.80128E-10,-0.053032035,-2.47601E-10,NA
Soil,7,35,50,17136.1,3.222788,6.220324,4.079462875,2.570564,3.287546618,-5.5681,-6.285082618,24.25,9.24,54.32900433,-0.060870952,-2.842E-10,-0.053926984,-2.5178E-10,NA
Soil,8,35,50,16643.6,3.183388,6.220324,4.079462875,2.570564,3.287546618,-5.6075,-6.324482618,24.25,9.6,47.08333333,-0.05895557,-2.75258E-10,-0.052272001,-2.44053E-10,NA
Soil,9,35,50,66127.8,7.142124,6.220324,4.079462875,2.570564,3.287546618,-1.648764,-2.365746618,24.25,9.13,55.96933187,-0.023188279,-1.08264E-10,-0.016160649,-7.54525E-11,NA
Soil,1,35,100,39105.4,4.980332,6.220324,4.079462875,2.570564,3.287546618,-3.810556,-4.527538618,24.25,9.09,111.2211221,-0.044572742,-2.08106E-10,-0.037514187,-1.7515E-10,NA
Soil,2,35,100,31350.6,4.359948,6.220324,4.079462875,2.570564,3.287546618,-4.43094,-5.147922618,24.25,9.03,107.4197121,-0.051017049,-2.38194E-10,-0.043911593,-2.05019E-10,NA
Soil,3,35,100,18521.5,3.33362,6.220324,4.079462875,2.570564,3.287546618,-5.457268,-6.174250618,24.25,9.11,111.1964874,-0.060650858,-2.83173E-10,-0.053607799,-2.50289E-10,NA
Soil,4,35,100,21089.8,3.539084,6.220324,4.079462875,2.570564,3.287546618,-5.251804,-5.968786618,24.25,9.43,105.8324496,-0.056642894,-2.6446E-10,-0.049838836,-2.32693E-10,NA
Soil,5,35,100,19531,3.41438,6.220324,4.079462875,2.570564,3.287546618,-5.376508,-6.093490618,24.25,9.44,104.7669492,-0.05776506,-2.69699E-10,-0.050968209,-2.37965E-10,NA
Soil,6,35,100,6005.3,2.332324,6.220324,4.079462875,2.570564,3.287546618,-6.458564,-7.175546618,24.25,9.43,105.4082715,-0.068094866,-3.17928E-10,-0.061290808,-2.86161E-10,NA
Soil,7,35,100,20402.4,3.484092,6.220324,4.079462875,2.570564,3.287546618,-5.306796,-6.023778618,24.25,9.52,100.9453782,-0.056624337,-2.64373E-10,-0.049884603,-2.32906E-10,NA
Soil,8,35,100,24325.8,3.797964,6.220324,4.079462875,2.570564,3.287546618,-4.992924,-5.709906618,24.25,9.17,108.7241003,-0.055722519,-2.60163E-10,-0.048725544,-2.27495E-10,NA
Soil,9,35,100,28910.3,4.164724,6.220324,4.079462875,2.570564,3.287546618,-4.626164,-5.343146618,24.25,9.39,105.1118211,-0.050921662,-2.37748E-10,-0.04408862,-2.05845E-10,NA
Wood,1,5,25,5097.5,2.5387,2.1591825,7.986045063,3.375741,4.976442457,-2.9962235,-4.596924957,24,3.12,52.88461538,-0.133224591,-6.22012E-10,-0.086834276,-4.05421E-10,NA
Wood,2,5,25,3937.6,2.445908,2.1591825,7.986045063,3.375741,4.976442457,-3.0890155,-4.689716957,24,2.56,89.84375,-0.165644966,-7.7338E-10,-0.10910677,-5.09409E-10,NA
Wood,3,5,25,4386.9,2.481852,2.1591825,7.986045063,3.375741,4.976442457,-3.0530715,-4.653772957,24,2.88,67.01388889,-0.14611146,-6.8218E-10,-0.095855285,-4.47539E-10,NA
Wood,4,5,25,8915.4,2.844132,2.1591825,7.986045063,3.375741,4.976442457,-2.6907915,-4.291492957,24,2.89,65.05190311,-0.134270973,-6.26898E-10,-0.084188695,-3.93069E-10,NA
Wood,5,5,25,5429.8,2.565284,2.1591825,7.986045063,3.375741,4.976442457,-2.9696395,-4.570340957,24,1.56,193.5897436,-0.264908307,-1.23683E-09,-0.172127677,-8.03647E-10,NA
Wood,6,5,25,3921.2,2.444596,2.1591825,7.986045063,3.375741,4.976442457,-3.0903275,-4.691028957,24,2.84,67.95774648,-0.149355544,-6.97326E-10,-0.098391536,-4.5938E-10,NA
Wood,7,5,25,22223.3,3.908764,2.1591825,7.986045063,3.375741,4.976442457,-1.6261595,-3.226860957,24,1.84,183.1521739,-0.158574739,-7.4037E-10,-0.0799129,-3.73105E-10,NA
Wood,8,5,25,11376.8,3.041044,2.1591825,7.986045063,3.375741,4.976442457,-2.4938795,-4.094580957,24,1.71,208.1871345,-0.216513473,-1.01088E-09,-0.131871495,-6.15695E-10,NA
Wood,9,5,25,74967.9,8.128332,2.1591825,7.986045063,3.375741,4.976442457,2.5934085,0.992707043,24,3.1,53.22580645,0.028955494,1.3519E-10,0.075645102,3.53179E-10,NA
Wood,1,5,50,2757.2,2.351476,2.1591825,7.986045063,3.375741,4.976442457,-3.1834475,-4.784148957,24,1.96,189.7959184,-0.220709078,-1.03047E-09,-0.146863271,-6.8569E-10,NA
Wood,2,5,50,7630.5,2.74134,2.1591825,7.986045063,3.375741,4.976442457,-2.7935835,-4.394284957,24,2.06,175.2427184,-0.192882387,-9.00549E-10,-0.122621327,-5.72507E-10,NA
Wood,3,5,50,2382,2.32146,2.1591825,7.986045063,3.375741,4.976442457,-3.2134635,-4.814164957,24,2.6,192.3076923,-0.167424571,-7.81689E-10,-0.111756193,-5.21778E-10,< maybe a 5 gram one
Wood,4,5,50,8683.1,2.825548,2.1591825,7.986045063,3.375741,4.976442457,-2.7093755,-4.310076957,24,2.15,166.5116279,-0.181266747,-8.46316E-10,-0.113946848,-5.32006E-10,NA
Wood,5,5,50,4712,2.50786,2.1591825,7.986045063,3.375741,4.976442457,-3.0270635,-4.627764957,24,2.98,152.6845638,-0.140419236,-6.55603E-10,-0.09184951,-4.28836E-10,< maybe a 5 gram one
Wood,6,5,50,3107.2,2.379476,2.1591825,7.986045063,3.375741,4.976442457,-3.1554475,-4.756148957,24,1.66,334.939759,-0.25907108,-1.20958E-09,-0.171879644,-8.02489E-10,< maybe a 5 gram one
Wood,7,5,50,5575.2,2.576916,2.1591825,7.986045063,3.375741,4.976442457,-2.9580075,-4.558708957,24,2.42,210.3305785,-0.170332718,-7.95266E-10,-0.110523717,-5.16024E-10,NA
Wood,8,5,50,14678.4,3.305172,2.1591825,7.986045063,3.375741,4.976442457,-2.2297515,-3.830452957,24,1.8,224.4444444,-0.192419554,-8.98388E-10,-0.112009674,-5.22962E-10,NA
Wood,9,5,50,27838.4,4.357972,2.1591825,7.986045063,3.375741,4.976442457,-1.1769515,-2.777652957,24,2.74,174.8175182,-0.09166404,-4.2797E-10,-0.038840032,-1.8134E-10,NA
Wood,1,5,100,5027.4,2.533092,2.1591825,7.986045063,3.375741,4.976442457,-3.0018315,-4.602532957,24,1.88,168.0851064,-0.221365855,-1.03354E-09,-0.144377673,-6.74085E-10,NA
Wood,2,5,100,6532.5,2.6535,2.1591825,7.986045063,3.375741,4.976442457,-2.8814235,-4.482124957,24,1.48,400.6756757,-0.273838067,-1.27852E-09,-0.176042268,-8.21924E-10,NA
Wood,3,5,100,2430,2.3253,2.1591825,7.986045063,3.375741,4.976442457,-3.2096235,-4.810324957,24,1.4,337.1428571,-0.310683333,-1.45055E-09,-0.207299202,-9.67859E-10,NA
Wood,4,5,100,7081.5,2.69742,2.1591825,7.986045063,3.375741,4.976442457,-2.8375035,-4.438204957,24,2.38,237.394958,-0.168617239,-7.87257E-10,-0.107803044,-5.03322E-10,NA
Wood,5,5,100,4422.7,2.484716,2.1591825,7.986045063,3.375741,4.976442457,-3.0502075,-4.650908957,24,3.07,84.36482085,-0.136984377,-6.39566E-10,-0.089838519,-4.19447E-10,NA
Wood,6,5,100,3377.6,2.401108,2.1591825,7.986045063,3.375741,4.976442457,-3.1338155,-4.734516957,24,3,129.6666667,-0.142700665,-6.66255E-10,-0.094454737,-4.41E-10,NA
Wood,7,5,100,18778.3,3.633164,2.1591825,7.986045063,3.375741,4.976442457,-1.9017595,-3.502460957,24,2.49,216.064257,-0.127187822,-5.93827E-10,-0.069060199,-3.22435E-10,NA
Wood,8,5,100,64796.4,7.314612,2.1591825,7.986045063,3.375741,4.976442457,1.7796885,0.178987043,24,1.74,319.5402299,0.009301306,4.34269E-11,0.09248394,4.31798E-10,NA
Wood,9,5,100,31251.4,4.631012,2.1591825,7.986045063,3.375741,4.976442457,-0.9039115,-2.504612957,24,2.77,176.1732852,-0.081758409,-3.81722E-10,-0.029506501,-1.37763E-10,NA
Wood,1,5,150,3397.4,2.402692,2.1591825,7.986045063,3.375741,4.976442457,-3.1322315,-4.732932957,24,2.46,281.7073171,-0.173966979,-8.12234E-10,-0.115130482,-5.37533E-10,NA
Wood,2,5,150,6662.3,2.663884,2.1591825,7.986045063,3.375741,4.976442457,-2.8710395,-4.471740957,24,1.9,390,-0.212811264,-9.93595E-10,-0.136633484,-6.37928E-10,NA
Wood,3,5,150,4447.5,2.4867,2.1591825,7.986045063,3.375741,4.976442457,-3.0482235,-4.648924957,24,1.79,418.9944134,-0.234839464,-1.09644E-09,-0.153980367,-7.18919E-10,NA
Wood,4,5,150,1073.4,2.216772,2.1591825,7.986045063,3.375741,4.976442457,-3.3181515,-4.918852957,24,2.08,345.1923077,-0.213831696,-9.98359E-10,-0.144246223,-6.73471E-10,NA
Wood,5,5,150,4911,2.52378,2.1591825,7.986045063,3.375741,4.976442457,-3.0111435,-4.611844957,24,1.4,260.7142857,-0.297864152,-1.3907E-09,-0.194480021,-9.08008E-10,"< some fell on the ground fucking stopper was stuck, not 100% sample, probably ~85%"
Wood,6,5,150,7689.2,2.746036,2.1591825,7.986045063,3.375741,4.976442457,-2.7888875,-4.389588957,24,2.9,230,-0.136866585,-6.39016E-10,-0.086957005,-4.05994E-10,NA
Wood,7,5,150,163330.7,15.197356,2.1591825,7.986045063,3.375741,4.976442457,9.6624325,8.061731043,24,3.18,100,0.229230689,1.07026E-09,0.274745715,1.28276E-09,NA
Wood,8,5,150,17950.4,3.566932,2.1591825,7.986045063,3.375741,4.976442457,-1.9679915,-3.568692957,24,2.22,321.2612613,-0.145354267,-6.78645E-10,-0.080157067,-3.74245E-10,NA
Wood,9,5,150,5788.6,2.593988,2.1591825,7.986045063,3.375741,4.976442457,-2.9409355,-4.541636957,24,2.84,236.2676056,-0.14459912,-6.75119E-10,-0.093635112,-4.37173E-10,NA
Wood,1,15,25,53465.4,6.670086,2.1591825,7.986045063,3.375741,4.976442457,1.1351625,-0.465538957,24.25,3.91,45.52429668,-0.010654924,-4.97468E-11,0.02598079,1.21302E-10,NA
Wood,2,15,25,15367.1,3.241239,2.1591825,7.986045063,3.375741,4.976442457,-2.2936845,-3.894385957,24.25,4.21,29.6912114,-0.082780485,-3.86494E-10,-0.048755393,-2.27634E-10,NA
Wood,3,15,25,74183.7,8.534733,2.1591825,7.986045063,3.375741,4.976442457,2.9998095,1.399108043,24.25,3.71,51.48247978,0.033748029,1.57566E-10,0.072358714,3.37836E-10,NA
Wood,4,15,25,28282.6,4.403634,2.1591825,7.986045063,3.375741,4.976442457,-1.1312895,-2.731990957,24.25,4.2,32.61904762,-0.058210461,-2.71779E-10,-0.024104356,-1.12541E-10,NA
Wood,5,15,25,42104.2,5.647578,2.1591825,7.986045063,3.375741,4.976442457,0.1126545,-1.488046957,24.25,0.88,535.2272727,-0.151323033,-7.06512E-10,0.011456104,5.34874E-11,NA
Wood,6,15,25,23245.1,3.950259,2.1591825,7.986045063,3.375741,4.976442457,-1.5846645,-3.185365957,24.25,4.22,30.8056872,-0.06754885,-3.15379E-10,-0.033604385,-1.56896E-10,NA
Wood,7,15,25,14460,3.1596,2.1591825,7.986045063,3.375741,4.976442457,-2.3753235,-3.976024957,24.25,2.15,159.0697674,-0.165493795,-7.72674E-10,-0.098867916,-4.61604E-10,NA
Wood,8,15,25,37274.1,5.212869,2.1591825,7.986045063,3.375741,4.976442457,-0.3220545,-1.922755957,24.25,3.32,67.1686747,-0.05182713,-2.41976E-10,-0.008680852,-4.053E-11,NA
Wood,9,15,25,11678.4,2.909256,2.1591825,7.986045063,3.375741,4.976442457,-2.6256675,-4.226368957,24.25,4.29,31.46853147,-0.08816195,-4.11619E-10,-0.054771358,-2.55722E-10,NA
Wood,1,15,50,35536.2,5.056458,2.1591825,7.986045063,3.375741,4.976442457,-0.4784655,-2.079166957,24.25,3.79,74.40633245,-0.049093187,-2.29211E-10,-0.011297504,-5.27469E-11,NA
Wood,2,15,50,42255.8,5.661222,2.1591825,7.986045063,3.375741,4.976442457,0.1262985,-1.474402957,24.25,3.14,79.61783439,-0.042020152,-1.96188E-10,0.003599479,1.68056E-11,NA
Wood,3,15,50,29571.9,4.519671,2.1591825,7.986045063,3.375741,4.976442457,-1.0152525,-2.615953957,24.25,3.96,69.19191919,-0.059116128,-2.76007E-10,-0.022942987,-1.07119E-10,NA
Wood,4,15,50,56759,6.96651,2.1591825,7.986045063,3.375741,4.976442457,1.4315865,-0.169114957,24.25,2.35,181.7021277,-0.006439991,-3.00677E-11,0.054515601,2.54528E-10,NA
Wood,5,15,50,14696.7,3.180903,2.1591825,7.986045063,3.375741,4.976442457,-2.3540205,-3.954721957,24.25,3.26,76.68711656,-0.108559899,-5.06855E-10,-0.064619518,-3.01702E-10,NA
Wood,6,15,50,52089.2,6.546228,2.1591825,7.986045063,3.375741,4.976442457,1.0113045,-0.589396957,24.25,3.26,76.68711656,-0.016179361,-7.55398E-11,0.02776102,1.29613E-10,NA
Wood,7,15,50,35643.3,5.066097,2.1591825,7.986045063,3.375741,4.976442457,-0.4688265,-2.069527957,24.25,2.76,144.2028986,-0.067101664,-3.13291E-10,-0.015201069,-7.09723E-11,NA
Wood,8,15,50,61794,7.41966,2.1591825,7.986045063,3.375741,4.976442457,1.8847365,0.284035043,24.25,4.03,69.23076923,0.00630722,2.94478E-11,0.041852044,1.95403E-10,NA
Wood,9,15,50,56689.4,6.960246,2.1591825,7.986045063,3.375741,4.976442457,1.4253225,-0.175378957,24.25,4.01,64.58852868,-0.00391385,-1.82734E-11,0.031808255,1.4851E-10,NA
Wood,1,15,100,63382.7,7.562643,2.1591825,7.986045063,3.375741,4.976442457,2.0277195,0.427018043,24.25,2.31,229.4372294,0.016542659,7.7236E-11,0.078553759,3.6676E-10,NA
Wood,2,15,100,31710.1,4.712109,2.1591825,7.986045063,3.375741,4.976442457,-0.8228145,-2.423515957,24.25,1.59,353.4591195,-0.136401716,-6.36846E-10,-0.046310118,-2.16217E-10,NA
Wood,3,15,100,45958.5,5.994465,2.1591825,7.986045063,3.375741,4.976442457,0.4595415,-1.141159957,24.25,3.01,153.820598,-0.033927441,-1.58404E-10,0.013662473,6.37887E-11,NA
Wood,4,15,100,70296.7,8.184903,2.1591825,7.986045063,3.375741,4.976442457,2.6499795,1.049278043,24.25,2.51,197.2111554,0.03741002,1.74664E-10,0.094479996,4.41118E-10,NA
Wood,5,15,100,29308.3,4.495947,2.1591825,7.986045063,3.375741,4.976442457,-1.0389765,-2.639677957,24.25,2.24,226.3392857,-0.105456657,-4.92367E-10,-0.041507711,-1.93795E-10,NA
Wood,6,15,100,14323.7,3.147333,2.1591825,7.986045063,3.375741,4.976442457,-2.3875905,-3.988291957,24.25,1.4,450.7142857,-0.254935304,-1.19027E-09,-0.152616989,-7.12553E-10,NA
Wood,7,15,100,24611.1,4.073199,2.1591825,7.986045063,3.375741,4.976442457,-1.4617245,-3.062425957,24.25,2.99,158.5284281,-0.091656967,-4.27937E-10,-0.043748726,-2.04258E-10,NA
Wood,8,15,100,35356.7,5.040303,2.1591825,7.986045063,3.375741,4.976442457,-0.4946205,-2.095321957,24.25,2.97,159.2592593,-0.063134303,-2.94768E-10,-0.014903447,-6.95827E-11,NA
Wood,9,15,100,53147.8,6.641502,2.1591825,7.986045063,3.375741,4.976442457,1.1065785,-0.494122957,24.25,2.25,243.1111111,-0.019652762,-9.17568E-11,0.044011968,2.05487E-10,NA
Wood,1,15,150,115085.1,12.215859,2.1591825,7.986045063,3.375741,4.976442457,6.6809355,5.080234043,24.25,2.59,267.5675676,0.175531486,8.19539E-10,0.230838684,1.07776E-09,NA
Wood,2,15,150,33191.5,4.845435,2.1591825,7.986045063,3.375741,4.976442457,-0.6894885,-2.290189957,24.25,2.69,257.9925651,-0.076188654,-3.55717E-10,-0.022937486,-1.07093E-10,NA
Wood,3,15,150,59549.1,7.217619,2.1591825,7.986045063,3.375741,4.976442457,1.6826955,0.081994043,24.25,3.03,222.1122112,0.002421647,1.13064E-11,0.049697436,2.32032E-10,NA
Wood,4,15,150,45575.1,5.959959,2.1591825,7.986045063,3.375741,4.976442457,0.4250355,-1.175665957,24.25,1.03,773.7864078,-0.10214516,-4.76906E-10,0.036928278,1.72414E-10,NA
Wood,5,15,150,65550.6,7.757754,2.1591825,7.986045063,3.375741,4.976442457,2.2228305,0.622129043,24.25,2.99,220.0668896,0.018620029,8.69351E-11,0.06652827,3.10614E-10,NA
Wood,6,15,150,44146.1,5.831349,2.1591825,7.986045063,3.375741,4.976442457,0.2964255,-1.304275957,24.25,1.66,462.0481928,-0.070312489,-3.28282E-10,0.015980065,7.46093E-11,NA
Wood,7,15,150,10514.5,2.804505,2.1591825,7.986045063,3.375741,4.976442457,-2.7304185,-4.331119957,24.25,2.09,347.3684211,-0.185449215,-8.65844E-10,-0.116910631,-5.45844E-10,NA
Wood,8,15,150,7790.5,2.559345,2.1591825,7.986045063,3.375741,4.976442457,-2.9755785,-4.576279957,24.25,2.06,351.4563107,-0.198800027,-9.28177E-10,-0.129263308,-6.03517E-10,NA
Wood,9,15,150,12871.1,3.016599,2.1591825,7.986045063,3.375741,4.976442457,-2.5183245,-4.119025957,24.25,2.65,252.4528302,-0.13909763,-6.49433E-10,-0.085042671,-3.97056E-10,NA
Wood,1,25,25,95011.2,9.731796,6.220324,7.986045063,3.375741,4.976442457,0.135731,-1.464970457,24,1.76,216.4772727,-0.075264083,-3.514E-10,0.006973294,3.25576E-11,NA
Wood,2,25,25,18612.8,3.619924,6.220324,7.986045063,3.375741,4.976442457,-5.976141,-7.576842457,24,4.07,57.98525799,-0.168331512,-7.85923E-10,-0.132769403,-6.19887E-10,NA
Wood,3,25,25,128360.5,12.39974,6.220324,7.986045063,3.375741,4.976442457,2.803675,1.202973543,24,1.55,260,0.070177187,3.2765E-10,0.163556401,7.63628E-10,NA
Wood,4,25,25,13808.5,3.23558,6.220324,7.986045063,3.375741,4.976442457,-6.360485,-7.961186457,24,4.08,37.5,-0.176436814,-8.23766E-10,-0.140961868,-6.58137E-10,NA
Wood,5,25,25,36236.2,5.029796,6.220324,7.986045063,3.375741,4.976442457,-4.566269,-6.166970457,24,1.72,222.0930233,-0.324201483,-1.51366E-09,-0.240051609,-1.12078E-09,NA
Wood,6,25,25,19425.8,3.684964,6.220324,7.986045063,3.375741,4.976442457,-5.911101,-7.511802457,24,4.21,42.99287411,-0.161336874,-7.53266E-10,-0.126957353,-5.92751E-10,NA
Wood,7,25,25,32061.1,4.695788,6.220324,7.986045063,3.375741,4.976442457,-4.900277,-6.500978457,24,3.66,51.36612022,-0.160608756,-7.49866E-10,-0.121062913,-5.65231E-10,NA
Wood,8,25,25,238475.6,21.208948,6.220324,7.986045063,3.375741,4.976442457,11.612883,10.01218154,24,4.26,27.69953052,0.21251554,9.92214E-10,0.246491545,1.15084E-09,NA
Wood,9,25,25,17185.5,3.50574,6.220324,7.986045063,3.375741,4.976442457,-6.090325,-7.691026457,24,4.37,65.44622426,-0.159138201,-7.43E-10,-0.126017427,-5.88363E-10,NA
Wood,1,25,50,151200.2,14.226916,6.220324,7.986045063,3.375741,4.976442457,4.630851,3.030149543,24,2.31,191.3419913,0.118610642,5.53781E-10,0.181267691,8.46321E-10,NA
Wood,2,25,50,59559.1,6.895628,6.220324,7.986045063,3.375741,4.976442457,-2.700437,-4.301138457,24,4.12,58.98058252,-0.094396911,-4.4073E-10,-0.059266381,-2.76709E-10,NA
Wood,3,25,50,55859.7,6.599676,6.220324,7.986045063,3.375741,4.976442457,-2.996389,-4.597090457,24,1.45,351.7241379,-0.286672889,-1.33845E-09,-0.186853728,-8.72401E-10,NA
Wood,4,25,50,62971.8,7.168644,6.220324,7.986045063,3.375741,4.976442457,-2.427421,-4.028122457,24,2.95,123.0508475,-0.123467378,-5.76457E-10,-0.074403722,-3.47384E-10,NA
Wood,5,25,50,60742.8,6.990324,6.220324,7.986045063,3.375741,4.976442457,-2.605741,-4.206442457,24,2.19,205.4794521,-0.173677042,-8.10881E-10,-0.10758673,-5.02312E-10,NA
Wood,6,25,50,82372.5,8.7207,6.220324,7.986045063,3.375741,4.976442457,-0.875365,-2.476066457,24,3.18,100,-0.070405527,-3.28716E-10,-0.024890501,-1.16211E-10,NA
Wood,7,25,50,89781.9,9.313452,6.220324,7.986045063,3.375741,4.976442457,-0.282613,-1.883314457,24,4.12,165.5339806,-0.041333026,-1.9298E-10,-0.006202496,-2.89588E-11,NA
Wood,8,25,50,122297.2,11.914676,6.220324,7.986045063,3.375741,4.976442457,2.318611,0.717909543,24,4.06,68.71921182,0.015988778,7.465E-11,0.051638478,2.41095E-10,NA
Wood,9,25,50,168919.7,15.644476,6.220324,7.986045063,3.375741,4.976442457,6.048411,4.447709543,24,4.07,77.3955774,0.098812886,4.61347E-10,0.134374995,6.27383E-10,NA
Wood,1,25,100,83358,8.79954,6.220324,7.986045063,3.375741,4.976442457,-0.796525,-2.397226457,24,3.33,144.1441441,-0.065093317,-3.03914E-10,-0.021628518,-1.00981E-10,NA
Wood,2,25,100,107116.9,10.700252,6.220324,7.986045063,3.375741,4.976442457,1.104187,-0.496514457,24,3.58,118.7150838,-0.012540662,-5.85511E-11,0.027888887,1.3021E-10,NA
Wood,3,25,100,52284.2,6.313636,6.220324,7.986045063,3.375741,4.976442457,-3.282429,-4.883130457,24,0.96,765.625,-0.45993734,-2.1474E-09,-0.309168816,-1.44348E-09,NA
Wood,4,25,100,248197.8,21.986724,6.220324,7.986045063,3.375741,4.976442457,12.390659,10.78995754,24,4.08,108.5784314,0.239128395,1.11647E-09,0.274603341,1.2821E-09,NA
Wood,5,25,100,101807.6,10.275508,6.220324,7.986045063,3.375741,4.976442457,0.679443,-0.921258457,24,2.37,259.9156118,-0.035148332,-1.64104E-10,0.025922463,1.21029E-10,NA
Wood,6,25,100,68611.9,7.619852,6.220324,7.986045063,3.375741,4.976442457,-1.976213,-3.576914457,24,3.7,128.1081081,-0.087413479,-4.08125E-10,-0.048295159,-2.25485E-10,NA
Wood,7,25,100,284804.9,24.915292,6.220324,7.986045063,3.375741,4.976442457,15.319227,13.71852554,24,3.43,149.271137,0.361647021,1.68849E-09,0.403844625,1.88551E-09,NA
Wood,8,25,100,43194.2,5.586436,6.220324,7.986045063,3.375741,4.976442457,-4.009629,-5.610330457,24,3.53,141.6430595,-0.143709445,-6.70965E-10,-0.10270724,-4.7953E-10,NA
Wood,9,25,100,95664.3,9.784044,6.220324,7.986045063,3.375741,4.976442457,0.187979,-1.412722457,24,3.77,131.0344828,-0.033883407,-1.58198E-10,0.004508578,2.10501E-11,NA
Wood,1,25,150,104845.9,10.518572,6.220324,7.986045063,3.375741,4.976442457,0.922507,-0.678194457,24,3.11,231.1897106,-0.019718116,-9.20619E-11,0.026821364,1.25226E-10,NA
Wood,2,25,150,251111.5,22.21982,6.220324,7.986045063,3.375741,4.976442457,12.623755,11.02305354,24,3.31,214.5015106,0.301124089,1.40592E-09,0.344851516,1.61008E-09,NA
Wood,3,25,150,135794.2,12.994436,6.220324,7.986045063,3.375741,4.976442457,3.398371,1.797669543,24,2.26,360.1769912,0.071923862,3.35805E-10,0.135967128,6.34817E-10,NA
Wood,4,25,150,276446.7,24.246636,6.220324,7.986045063,3.375741,4.976442457,14.650571,13.04986954,24,3.79,182.585752,0.311342591,1.45363E-09,0.34953198,1.63193E-09,NA
Wood,5,25,150,351955.7,30.287356,6.220324,7.986045063,3.375741,4.976442457,20.691291,19.09058954,24,3.73,182.8418231,0.462787994,2.16071E-09,0.501591689,2.34188E-09,NA
Wood,6,25,150,425276,36.15298,6.220324,7.986045063,3.375741,4.976442457,26.556915,24.95621354,24,3.94,165.9898477,0.572735426,2.67404E-09,0.609470904,2.84556E-09,NA
Wood,7,25,150,126689.6,12.266068,6.220324,7.986045063,3.375741,4.976442457,2.670003,1.069301543,24,4.02,55.72139303,0.024051697,1.12295E-10,0.06005612,2.80396E-10,NA
Wood,8,25,150,542074.4,45.496852,6.220324,7.986045063,3.375741,4.976442457,35.900787,34.30008554,24,4.21,140.1425178,0.736689844,3.43953E-09,0.771069365,3.60005E-09,NA
Wood,9,25,150,139232.6,13.269508,6.220324,7.986045063,3.375741,4.976442457,3.673443,2.072741543,24,3.76,176.0638298,0.049845836,2.32725E-10,0.088339927,4.1245E-10,NA
Wood,1,35,25,85227.1,8.670068,6.220324,7.986045063,3.375741,4.976442457,-0.925997,-2.526698457,24.25,2.78,67.62589928,-0.081335416,-3.79747E-10,-0.029808207,-1.39172E-10,NA
Wood,2,35,25,45530.4,5.494332,6.220324,7.986045063,3.375741,4.976442457,-4.101733,-5.702434457,24.25,2.57,73.15175097,-0.198562967,-9.27071E-10,-0.142825363,-6.66837E-10,NA
Wood,3,35,25,134084.8,12.578684,6.220324,7.986045063,3.375741,4.976442457,2.982619,1.381917543,24.25,2.71,74.53874539,0.045633514,2.13058E-10,0.098491684,4.59848E-10,NA
Wood,4,35,25,24824.7,3.837876,6.220324,7.986045063,3.375741,4.976442457,-5.758189,-7.358890457,24.25,2.03,121.182266,-0.324404877,-1.51461E-09,-0.253840522,-1.18516E-09,NA
Wood,5,35,25,23756.1,3.752388,6.220324,7.986045063,3.375741,4.976442457,-5.843677,-7.444378457,24.25,2.82,56.02836879,-0.236238355,-1.10297E-09,-0.185442028,-8.6581E-10,NA
Wood,6,35,25,33152.9,4.504132,6.220324,7.986045063,3.375741,4.976442457,-5.091933,-6.692634457,24.25,2.81,70.46263345,-0.213138478,-9.95122E-10,-0.162161381,-7.57115E-10,NA
Wood,7,35,25,90226.1,9.069988,6.220324,7.986045063,3.375741,4.976442457,-0.526077,-2.126778457,24.25,2.85,64.9122807,-0.066780316,-3.11791E-10,-0.016518687,-7.71241E-11,NA
Wood,8,35,25,72447.3,7.647684,6.220324,7.986045063,3.375741,4.976442457,-1.948381,-3.549082457,24.25,2.74,61.67883212,-0.115914189,-5.41192E-10,-0.063634758,-2.97104E-10,NA
Wood,9,35,25,15862.1,3.120868,6.220324,7.986045063,3.375741,4.976442457,-6.475197,-8.075898457,24.25,3.09,56.9579288,-0.233885579,-1.09199E-09,-0.187527766,-8.75548E-10,NA
Wood,1,35,50,88887.9,8.962932,6.220324,7.986045063,3.375741,4.976442457,-0.633133,-2.233834457,24.25,1.03,405.8252427,-0.194081811,-9.06149E-10,-0.055008373,-2.56829E-10,NA
Wood,2,35,50,122174.8,11.625884,6.220324,7.986045063,3.375741,4.976442457,2.029819,0.429117543,24.25,2.73,116.4835165,0.014066456,6.56749E-11,0.066537387,3.10656E-10,NA
Wood,3,35,50,107165.8,10.425164,6.220324,7.986045063,3.375741,4.976442457,0.829099,-0.771602457,24.25,2.68,108.5820896,-0.025764984,-1.20294E-10,0.027684882,1.29258E-10,NA
Wood,4,35,50,39459.8,5.008684,6.220324,7.986045063,3.375741,4.976442457,-4.587381,-6.188082457,24.25,3.2,73.4375,-0.173052225,-8.07964E-10,-0.128287962,-5.98964E-10,NA
Wood,5,35,50,78565.9,8.137172,6.220324,7.986045063,3.375741,4.976442457,-1.458893,-3.059594457,24.25,1.15,351.3043478,-0.238087777,-1.11161E-09,-0.11352635,-5.30043E-10,NA
Wood,6,35,50,60503,6.69214,6.220324,7.986045063,3.375741,4.976442457,-2.903925,-4.504626457,24.25,1.19,362.1848739,-0.338752802,-1.5816E-09,-0.218378314,-1.01959E-09,NA
Wood,7,35,50,83044.1,8.495428,6.220324,7.986045063,3.375741,4.976442457,-1.100637,-2.701338457,24.25,2.73,108.7912088,-0.088549768,-4.1343E-10,-0.036078837,-1.68448E-10,NA
Wood,8,35,50,47320.5,5.63754,6.220324,7.986045063,3.375741,4.976442457,-3.958525,-5.559226457,24.25,2.89,87.88927336,-0.172142298,-8.03715E-10,-0.122576333,-5.72297E-10,NA
Wood,9,35,50,43291.1,5.315188,6.220324,7.986045063,3.375741,4.976442457,-4.280877,-5.881578457,24.25,3.11,77.49196141,-0.169240609,-7.90167E-10,-0.123180918,-5.75119E-10,NA
Wood,1,35,100,173983.5,15.77058,6.220324,7.986045063,3.375741,4.976442457,6.174515,4.573813543,24.25,2.43,216.4609053,0.168439234,7.86426E-10,0.227388057,1.06165E-09,NA
Wood,2,35,100,213509,18.93262,6.220324,7.986045063,3.375741,4.976442457,9.336555,7.735853543,24.25,2.59,188.8030888,0.267288054,1.24794E-09,0.322595251,1.50616E-09,NA
Wood,3,35,100,125726.2,11.909996,6.220324,7.986045063,3.375741,4.976442457,2.313931,0.713229543,24.25,1.48,392.5675676,0.043125951,2.01351E-10,0.139913546,6.53242E-10,NA
Wood,4,35,100,303616.5,26.14122,6.220324,7.986045063,3.375741,4.976442457,16.545155,14.94445354,24.25,2.7,180.7407407,0.495321694,2.31261E-09,0.548375635,2.56031E-09,NA
Wood,5,35,100,34345,4.5995,6.220324,7.986045063,3.375741,4.976442457,-4.996565,-6.597266457,24.25,3.29,131.0030395,-0.179448239,-8.37826E-10,-0.135908531,-6.34543E-10,NA
Wood,6,35,100,36525,4.7739,6.220324,7.986045063,3.375741,4.976442457,-4.822165,-6.422866457,24.25,2.6,180.3846154,-0.221068375,-1.03215E-09,-0.165973898,-7.74916E-10,NA
Wood,7,35,100,16611.4,3.180812,6.220324,7.986045063,3.375741,4.976442457,-6.415253,-8.015954457,24.25,2.34,215.8119658,-0.30655645,-1.43128E-09,-0.245340364,-1.14547E-09,NA
Wood,8,35,100,462546.4,38.855612,6.220324,7.986045063,3.375741,4.976442457,29.259547,27.65884554,24.25,3.29,130.0911854,0.752331464,3.51256E-09,0.795871173,3.71584E-09,NA
Wood,9,35,100,16781.3,3.194404,6.220324,7.986045063,3.375741,4.976442457,-6.401661,-8.002362457,24.25,3.2,146.5625,-0.223789298,-1.04485E-09,-0.179025035,-8.3585E-10,NA
Wood,1,35,150,431549,36.37582,6.220324,7.986045063,3.375741,4.976442457,26.779755,25.17905354,24.25,3.34,187.1257485,0.674627451,3.14977E-09,0.717515367,3.35001E-09,NA
Wood,2,35,150,258643.6,22.543388,6.220324,7.986045063,3.375741,4.976442457,12.947323,11.34662154,24.25,2.56,262.890625,0.396641068,1.85188E-09,0.452596396,2.11313E-09,NA
Wood,3,35,150,237683.6,20.866588,6.220324,7.986045063,3.375741,4.976442457,11.270523,9.669821543,24.25,2.78,248.5611511,0.311275355,1.45331E-09,0.362802564,1.69389E-09,NA
Wood,4,35,150,79317.1,8.197268,6.220324,7.986045063,3.375741,4.976442457,-1.398797,-2.999498457,24.25,3.08,219.8051948,-0.087150323,-4.06896E-10,-0.040641998,-1.89753E-10,NA
Wood,5,35,150,134096.4,12.579612,6.220324,7.986045063,3.375741,4.976442457,2.983547,1.382845543,24.25,2.17,341.0138249,0.05702759,2.66256E-10,0.123039406,5.74459E-10,NA
Wood,6,35,150,316140.3,27.143124,6.220324,7.986045063,3.375741,4.976442457,17.547059,15.94635754,24.25,2.8,256.0714286,0.509652948,2.37952E-09,0.560812105,2.61838E-09,NA
Wood,7,35,150,157597.6,14.459708,6.220324,7.986045063,3.375741,4.976442457,4.863643,3.262941543,24.25,2.9,247.9310345,0.100689079,4.70107E-10,0.150084128,7.00728E-10,NA
Wood,8,35,150,40237.6,5.070908,6.220324,7.986045063,3.375741,4.976442457,-4.525157,-6.125858457,24.25,3.33,187.6876877,-0.164624246,-7.68614E-10,-0.121607537,-5.67773E-10,NA
Wood,9,35,150,92615,9.2611,6.220324,7.986045063,3.375741,4.976442457,-0.334965,-1.935666457,24.25,2.99,219.0635452,-0.057933586,-2.70486E-10,-0.010025345,-4.68073E-11,NA
