niche,sample_no,temp_C,moist_level,ppm,bag_avg,avg_blank,median_blank,ppm_corrected,incubation_time,drymass,actual_moist,flux_nmol_c2h4_g_hr,grams_N_g_hr,notes
Litter,1,15,150,3.240582,2.1591825,2.88242925,2.924745,-1.8433455,24,1.85,162.1621622,-0.090096224,-2.67E-10,NA
Litter,1,15,25,3.247035,2.1591825,2.88242925,2.924745,-1.8368925,24,1.55,49.03225806,-0.107157758,-2.97E-10,NA
Litter,1,15,50,2.990175,2.1591825,2.88242925,2.924745,-2.0937525,24,1.63,64.41717791,-0.116147352,-3.26E-10,NA
Litter,1,25,100,8.51098,6.220324,3.594198,3.580336,-1.28968,24,1.53,120.9150327,-0.0762188,-2.09E-10,NA
Litter,1,25,150,2.579924,6.220324,3.594198,3.580336,-7.220736,24,1.55,176.1290323,-0.421231988,-1.17E-09,NA
Litter,1,25,25,4.941724,6.220324,3.594198,3.580336,-4.858936,24,1.61,39.13043478,-0.272889533,-7.65E-10,NA
Litter,1,25,50,4.962484,6.220324,3.594198,3.580336,-4.838176,24,1.74,58.04597701,-0.251422413,-7.32E-10,NA
Litter,1,35,100,24.60326,6.220324,12.612708,12.570904,5.812032,24.5,1.48,129.0540541,0.347842797,9.39E-10,NA
Litter,1,35,150,27.114804,6.220324,12.612708,12.570904,8.323576,24.5,1.4,210,0.526621574,1.41E-09,NA
Litter,1,35,25,17.078756,6.220324,12.612708,12.570904,-1.712472,24.5,1.49,43.62416107,-0.101801445,-2.79E-10,NA
Litter,1,35,50,13.61966,6.220324,12.612708,12.570904,-5.171568,24.5,1.51,66.88741722,-0.303362591,-8.29E-10,NA
Litter,1,5,100,2.505336,2.1591825,2.06210175,2.050611,-1.7044575,24,1.59,132.7044025,-0.096930539,-2.67E-10,NA
Litter,1,5,150,2.469741,2.1591825,2.06210175,2.050611,-1.7400525,24,1.48,192.5675676,-0.106309533,-2.88E-10,NA
Litter,1,5,25,2.32206,2.1591825,2.06210175,2.050611,-1.8877335,24,1.52,47.36842105,-0.112297133,-3.01E-10,Litter start drying @ 9:45am 8/16
Litter,1,5,50,2.273442,2.1591825,2.06210175,2.050611,-1.9363515,24,1.52,72.36842105,-0.115189312,-3.11E-10,NA
Litter,2,15,100,2.738904,2.1591825,2.88242925,2.924745,-2.3450235,24,1.57,118.4713376,-0.135057629,-3.75E-10,NA
Litter,2,15,150,3.103386,2.1591825,2.88242925,2.924745,-1.9805415,24,1.45,192.4137931,-0.123505848,-3.33E-10,NA
Litter,2,15,25,3.169815,2.1591825,2.88242925,2.924745,-1.9141125,24,1.44,47.22222222,-0.120192271,-3.25E-10,NA
Litter,2,15,50,3.074424,2.1591825,2.88242925,2.924745,-2.0095035,24,1.52,70.39473684,-0.119540964,-3.26E-10,NA
Litter,2,25,100,8.454028,6.220324,3.594198,3.580336,-1.346632,24,1.45,133.1034483,-0.083975482,-2.26E-10,NA
Litter,2,25,150,12.718676,6.220324,3.594198,3.580336,2.918016,24,1.5,94.66666667,0.175900869,4.81E-10,NA
Litter,2,25,25,4.64958,6.220324,3.594198,3.580336,-5.15108,24,1.6,40,-0.291105149,-8.14E-10,NA
Litter,2,25,50,4.620924,6.220324,3.594198,3.580336,-5.179736,24,1.5,58.66666667,-0.312239571,-8.61E-10,NA
Litter,2,35,100,26.503436,6.220324,12.612708,12.570904,7.712208,24.5,1.5,120.6666667,0.455411725,1.24E-09,NA
Litter,2,35,150,13.142164,6.220324,12.612708,12.570904,-5.649064,24.5,1.57,182.8025478,-0.318708448,-8.92E-10,NA
Litter,2,35,25,16.114692,6.220324,12.612708,12.570904,-2.676536,24.5,1.54,44.80519481,-0.153946245,-4.26E-10,NA
Litter,2,35,50,12.679452,6.220324,12.612708,12.570904,-6.111776,24.5,1.53,58.82352941,-0.353828434,-9.76E-10,NA
Litter,2,5,100,2.312961,2.1591825,2.06210175,2.050611,-1.8968325,24,1.07,142.9906542,-0.16029382,-3.64E-10,NA
Litter,2,5,150,2.502195,2.1591825,2.06210175,2.050611,-1.7075985,24,1.5,194.6666667,-0.102935714,-2.82E-10,NA
Litter,2,5,25,2.533506,2.1591825,2.06210175,2.050611,-1.6762875,24,1.71,57.89473684,-0.088638821,-2.50E-10,NA
Litter,2,5,50,1.8582,2.1591825,2.06210175,2.050611,-2.3515935,24,1.71,63.74269006,-0.124347688,-3.52E-10,NA
Litter,3,15,100,3.461649,2.1591825,2.88242925,2.924745,-1.6222785,24,1.57,132.4840764,-0.093432364,-2.60E-10,NA
Litter,3,15,150,3.380316,2.1591825,2.88242925,2.924745,-1.7036115,24,1.57,191.0828025,-0.098116599,-2.72E-10,NA
Litter,3,15,25,3.422814,2.1591825,2.88242925,2.924745,-1.6611135,24,1.47,51.02040816,-0.102177094,-2.77E-10,NA
Litter,3,15,50,2.939082,2.1591825,2.88242925,2.924745,-2.1448455,24,1.53,68.62745098,-0.126758228,-3.47E-10,NA
Litter,3,25,100,5.831268,6.220324,3.594198,3.580336,-3.969392,24,1.43,112.5874126,-0.250991797,-6.62E-10,NA
Litter,3,25,150,6.63034,6.220324,3.594198,3.580336,-3.17032,24,1.52,205.2631579,-0.188595397,-5.15E-10,NA
Litter,3,25,25,3.749564,6.220324,3.594198,3.580336,-6.051096,24,1.56,41.02564103,-0.350736545,-9.83E-10,NA
Litter,3,25,50,5.298548,6.220324,3.594198,3.580336,-4.502112,24,1.63,55.21472393,-0.249746992,-7.12E-10,NA
Litter,3,35,100,10.742748,6.220324,12.612708,12.570904,-8.04848,24.5,1.53,152.2875817,-0.465949845,-1.29E-09,NA
Litter,3,35,150,22.63698,6.220324,12.612708,12.570904,3.845752,24.5,1.53,188.2352941,0.222641734,6.09E-10,NA
Litter,3,35,25,19.27158,6.220324,12.612708,12.570904,0.480352,24.5,1.54,44.15584416,0.027628392,7.58E-11,NA
Litter,3,35,50,13.311004,6.220324,12.612708,12.570904,-5.480224,24.5,1.55,65.80645161,-0.313172302,-8.68E-10,NA
Litter,3,5,100,2.428593,2.1591825,2.06210175,2.050611,-1.7812005,24,1.44,144.4444444,-0.11184637,-2.93E-10,NA
Litter,3,5,150,2.481225,2.1591825,2.06210175,2.050611,-1.7285685,24,1.49,184.5637584,-0.104899134,-2.85E-10,NA
Litter,3,5,25,2.172525,2.1591825,2.06210175,2.050611,-2.0372685,24,1.52,50.65789474,-0.121192643,-3.23E-10,NA
Litter,3,5,50,1.995639,2.1591825,2.06210175,2.050611,-2.2141545,24,1.53,71.24183007,-0.130854321,-3.51E-10,NA
Litter,4,15,100,2.990436,2.1591825,2.88242925,2.924745,-2.0934915,24,1.46,143.8356164,-0.129655195,-3.49E-10,NA
Litter,4,15,150,4.108839,2.1591825,2.88242925,2.924745,-0.9750885,24,1.5,184.6666667,-0.058779292,-1.62E-10,NA
Litter,4,15,25,2.493933,2.1591825,2.88242925,2.924745,-2.5899945,24,1.45,53.79310345,-0.161511115,-4.36E-10,NA
Litter,4,15,50,3.345108,2.1591825,2.88242925,2.924745,-1.7388195,24,1.49,55.70469799,-0.105521221,-2.89E-10,NA
Litter,4,25,100,13.980068,6.220324,3.594198,3.580336,4.179408,24,1.41,143.9716312,0.268020018,7.11E-10,NA
Litter,4,25,150,6.245788,6.220324,3.594198,3.580336,-3.554872,24,1.63,189.5705521,-0.197200467,-5.56E-10,NA
Litter,4,25,25,3.717556,6.220324,3.594198,3.580336,-6.083104,24,1.64,43.29268293,-0.335392208,-9.58E-10,NA
Litter,4,25,50,4.816156,6.220324,3.594198,3.580336,-4.984504,24,1.48,70.94594595,-0.304531211,-8.28E-10,NA
Litter,4,35,100,16.777724,6.220324,12.612708,12.570904,-2.013504,24.5,1.44,143.0555556,-0.123853059,-3.30E-10,NA
Litter,4,35,150,10.1009,6.220324,12.612708,12.570904,-8.690328,24.5,1.58,181.6455696,-0.487187138,-1.35E-09,NA
Litter,4,35,25,8.515932,6.220324,12.612708,12.570904,-10.275296,24.5,1.5,47.33333333,-0.606764013,-1.65E-09,NA
Litter,4,35,50,13.778508,6.220324,12.612708,12.570904,-5.01272,24.5,1.54,66.88311688,-0.288316474,-7.91E-10,NA
Litter,4,5,100,2.155686,2.1591825,2.06210175,2.050611,-2.0541075,24,1.6,127.5,-0.116084641,-3.18E-10,NA
Litter,4,5,150,2.385942,2.1591825,2.06210175,2.050611,-1.8238515,24,1.48,200,-0.111429283,-3.01E-10,NA
Litter,4,5,25,2.819832,2.1591825,2.06210175,2.050611,-1.3899615,24,1.54,47.4025974,-0.081611926,-2.21E-10,NA
Litter,4,5,50,2.07033,2.1591825,2.06210175,2.050611,-2.1394635,24,1.47,74.82993197,-0.13160098,-3.49E-10,NA
Litter,5,15,100,2.461245,2.1591825,2.88242925,2.924745,-2.6226825,24,1.54,143.5064935,-0.153991437,-4.24E-10,NA
Litter,5,15,150,4.133643,2.1591825,2.88242925,2.924745,-0.9502845,24,1.69,168.6390533,-0.05084386,-1.46E-10,NA
Litter,5,15,25,2.543586,2.1591825,2.88242925,2.924745,-2.5403415,24,1.64,41.46341463,-0.140061841,-4.00E-10,NA
Litter,5,15,50,2.701005,2.1591825,2.88242925,2.924745,-2.3829225,24,1.58,71.51898734,-0.136371748,-3.77E-10,NA
Litter,5,25,100,8.284108,6.220324,3.594198,3.580336,-1.516552,24,1.57,123.566879,-0.087343226,-2.42E-10,NA
Litter,5,25,150,4.82638,6.220324,3.594198,3.580336,-4.97428,24,1.5,198,-0.299854482,-8.17E-10,NA
Litter,5,25,25,4.647396,6.220324,3.594198,3.580336,-5.153264,24,1.46,45.89041096,-0.319154602,-8.57E-10,NA
Litter,5,25,50,4.970052,6.220324,3.594198,3.580336,-4.830608,24,1.64,70.12195122,-0.266335786,-7.58E-10,NA
Litter,5,35,100,14.636708,6.220324,12.612708,12.570904,-4.15452,24.5,1.5,134.6666667,-0.245327553,-6.66E-10,NA
Litter,5,35,150,24.034012,6.220324,12.612708,12.570904,5.242784,24.5,1.66,186.746988,0.279750332,7.91E-10,NA
Litter,5,35,25,11.96066,6.220324,12.612708,12.570904,-6.830568,24.5,1.65,39.39393939,-0.366682014,-1.04E-09,NA
Litter,5,35,50,4.96186,6.220324,12.612708,12.570904,-13.829368,24.5,1.5,34,-0.816634657,-2.23E-09,NA
Litter,5,5,100,2.135247,2.1591825,2.06210175,2.050611,-2.0745465,24,1.51,142.384106,-0.124227516,-3.33E-10,NA
Litter,5,5,150,3.099606,2.1591825,2.06210175,2.050611,-1.1101875,24,1.6,161.875,-0.062740493,-1.75E-10,NA
Litter,5,5,25,2.274162,2.1591825,2.06210175,2.050611,-1.9356315,24,1.47,44.89795918,-0.119063028,-3.14E-10,NA
Litter,5,5,50,2.544765,2.1591825,2.06210175,2.050611,-1.6650285,24,1.47,73.46938776,-0.102417911,-2.71E-10,NA
Litter,6,15,100,2.652423,2.1591825,2.88242925,2.924745,-2.4315045,24,1.58,124.6835443,-0.139152036,-3.89E-10,NA
Litter,6,15,150,2.415174,2.1591825,2.88242925,2.924745,-2.6687535,24,1.59,166.6666667,-0.151768944,-4.25E-10,NA
Litter,6,15,25,2.289552,2.1591825,2.88242925,2.924745,-2.7943755,24,1.66,38.55421687,-0.152211776,-4.31E-10,NA
Litter,6,15,50,2.88555,2.1591825,2.88242925,2.924745,-2.1983775,24,1.69,53.84615385,-0.117621616,-3.36E-10,NA
Litter,6,25,100,4.886636,6.220324,3.594198,3.580336,-4.914024,24,1.64,112.195122,-0.270934931,-7.66E-10,NA
Litter,6,25,150,3.486732,6.220324,3.594198,3.580336,-6.313928,24,1.53,190.1960784,-0.373146841,-1.03E-09,NA
Litter,6,25,25,3.751676,6.220324,3.594198,3.580336,-6.048984,24,1.66,36.74698795,-0.329492796,-9.39E-10,NA
Litter,6,25,50,5.520492,6.220324,3.594198,3.580336,-4.280168,24,1.66,56.62650602,-0.233144032,-6.67E-10,NA
Litter,6,35,100,22.175428,6.220324,12.612708,12.570904,3.3842,24.5,1.54,129.8701299,0.194648936,5.34E-10,NA
Litter,6,35,150,16.246476,6.220324,12.612708,12.570904,-2.544752,24.5,1.45,196.5517241,-0.155451242,-4.19E-10,NA
Litter,6,35,25,11.759196,6.220324,12.612708,12.570904,-7.032032,24.5,1.56,39.74358974,-0.399275786,-1.10E-09,NA
Litter,6,35,50,6.420716,6.220324,12.612708,12.570904,-12.370512,24.5,1.59,53.4591195,-0.689139722,-1.93E-09,NA
Litter,6,5,100,3.260724,2.1591825,2.06210175,2.050611,-0.9490695,24,1.47,143.537415,-0.058378409,-1.57E-10,NA
Litter,6,5,150,2.506299,2.1591825,2.06210175,2.050611,-1.7034945,24,1.52,196.7105263,-0.101337159,-2.76E-10,NA
Litter,6,5,25,2.113251,2.1591825,2.06210175,2.050611,-2.0965425,24,1.52,57.89473684,-0.124718724,-3.35E-10,NA
Litter,6,5,50,2.345271,2.1591825,2.06210175,2.050611,-1.8645225,24,1.47,76.8707483,-0.114689027,-3.04E-10,NA
Litter,7,15,100,2.910822,2.1591825,2.88242925,2.924745,-2.1731055,24,1.6,121.25,-0.122809625,-3.44E-10,NA
Litter,7,15,150,5.944902,2.1591825,2.88242925,2.924745,0.8609745,24,1.66,175.3012048,0.046897941,1.34E-10,NA
Litter,7,15,25,2.838804,2.1591825,2.88242925,2.924745,-2.2451235,24,1.7,38.23529412,-0.119416102,-3.42E-10,NA
Litter,7,15,50,2.269194,2.1591825,2.88242925,2.924745,-2.8147335,24,1.7,62.94117647,-0.149713146,-4.26E-10,NA
Litter,7,25,100,6.548404,6.220324,3.594198,3.580336,-3.252256,24,1.46,121.9178082,-0.201420395,-5.49E-10,NA
Litter,7,25,150,4.159908,6.220324,3.594198,3.580336,-5.640752,24,1.55,190.3225806,-0.329061356,-9.05E-10,NA
Litter,7,25,25,3.711164,6.220324,3.594198,3.580336,-6.089496,24,1.74,34.48275862,-0.316448963,-9.21E-10,NA
Litter,7,25,50,6.737404,6.220324,3.594198,3.580336,-3.063256,24,1.85,54.59459459,-0.149721145,-4.46E-10,NA
Litter,7,35,100,26.398228,6.220324,12.612708,12.570904,7.607,24.5,1.62,119.7530864,0.415925105,1.17E-09,NA
Litter,7,35,150,16.963924,6.220324,12.612708,12.570904,-1.827304,24.5,1.49,195.3020134,-0.108627871,-2.06E-10,NA
Litter,7,35,25,8.583412,6.220324,12.612708,12.570904,-10.207816,24.5,1.59,39.62264151,-0.568659687,-1.58E-09,NA
Litter,7,35,50,24.67086,6.220324,12.612708,12.570904,5.879632,24.5,1.72,59.30232558,0.302787841,8.72E-10,NA
Litter,7,5,100,2.750217,2.1591825,2.06210175,2.050611,-1.4595765,24,1.5,142.6666667,-0.087984704,-2.42E-10,NA
Litter,7,5,150,3.360003,2.1591825,2.06210175,2.050611,-0.8497905,24,1.57,189.1719745,-0.048942235,-1.36E-10,NA
Litter,7,5,25,3.705378,2.1591825,2.06210175,2.050611,-0.5044155,24,1.08,50,-0.042231474,-9.72E-11,NA
Litter,7,5,50,2.69322,2.1591825,2.06210175,2.050611,-1.5165735,24,1.52,69.73684211,-0.090217638,-2.43E-10,NA
Litter,8,15,100,2.593518,2.1591825,2.88242925,2.924745,-2.4904095,24,1.5,142.6666667,-0.15012433,-4.11E-10,NA
Litter,8,15,150,3.592464,2.1591825,2.88242925,2.924745,-1.4914635,24,1.34,230.5970149,-0.100642034,-2.63E-10,NA
Litter,8,15,25,3.376437,2.1591825,2.88242925,2.924745,-1.7074905,24,1.37,58.39416058,-0.112696208,-2.95E-10,NA
Litter,8,15,50,2.870079,2.1591825,2.88242925,2.924745,-2.2138485,24,1.34,85.07462687,-0.149387643,-3.88E-10,NA
Litter,8,25,100,11.120748,6.220324,3.594198,3.580336,1.320088,24,1.44,136.8055556,0.082891876,2.22E-10,NA
Litter,8,25,150,3.9195,6.220324,3.594198,3.580336,-5.88116,24,1.46,198.630137,-0.364235033,-9.85E-10,NA
Litter,8,25,25,3.86202,6.220324,3.594198,3.580336,-5.93864,24,1.46,54.10958904,-0.367794914,-1.01E-09,NA
Litter,8,25,50,4.165988,6.220324,3.594198,3.580336,-5.634672,24,1.42,78.16901408,-0.358799535,-9.71E-10,NA
Litter,8,35,100,12.977604,6.220324,12.612708,12.570904,-5.813624,24.5,1.45,144.8275862,-0.355136795,-9.54E-10,NA
Litter,8,35,150,12.968892,6.220324,12.612708,12.570904,-5.822336,24.5,1.31,223.6641221,-0.39367941,-1.02E-09,NA
Litter,8,35,25,10.281156,6.220324,12.612708,12.570904,-8.510072,24.5,1.58,39.87341772,-0.477081834,-1.32E-09,NA
Litter,8,35,50,16.94166,6.220324,12.612708,12.570904,-1.849568,24.5,1.52,68.42105263,-0.107781308,-2.99E-10,NA
Litter,8,5,100,2.414607,2.1591825,2.06210175,2.050611,-1.7951865,24,1.56,126.2820513,-0.104053466,-2.88E-10,NA
Litter,8,5,150,6.459972,2.1591825,2.06210175,2.050611,2.2501785,24,1.63,180.3680982,0.124824818,3.53E-10,NA
Litter,8,5,25,2.231574,2.1591825,2.06210175,2.050611,-1.9782195,24,1.28,56.25,-0.139744938,-3.49E-10,NA
Litter,8,5,50,2.305851,2.1591825,2.06210175,2.050611,-1.9039425,24,1.29,88.37209302,-0.133455259,-3.32E-10,NA
Litter,9,15,100,4.438203,2.1591825,2.88242925,2.924745,-0.6457245,24,1.41,161.7021277,-0.041409475,-1.09E-10,NA
Litter,9,15,150,4.610139,2.1591825,2.88242925,2.924745,-0.4737885,24,1.65,189.6969697,-0.025964033,-7.41E-11,NA
Litter,9,15,25,2.73237,2.1591825,2.88242925,2.924745,-2.3515575,24,1.42,55.63380282,-0.149740346,-4.02E-10,NA
Litter,9,15,50,2.720733,2.1591825,2.88242925,2.924745,-2.3631945,24,1.34,97.01492537,-0.159465318,-4.14E-10,NA
Litter,9,25,100,9.202868,6.220324,3.594198,3.580336,-0.597792,24,1.4,145,-0.038609452,-1.02E-10,NA
Litter,9,25,150,3.612492,6.220324,3.594198,3.580336,-6.188168,24,1.45,206.2068966,-0.385891906,-1.04E-09,NA
Litter,9,25,25,3.887156,6.220324,3.594198,3.580336,-5.913504,24,1.44,52.77777778,-0.371324819,-1.01E-09,NA
Litter,9,25,50,4.95126,6.220324,3.594198,3.580336,-4.8494,24,1.38,78.26086957,-0.317746296,-8.46E-10,NA
Litter,9,35,100,18.12122,6.220324,12.612708,12.570904,-0.670008,24.5,1.52,113.1578947,-0.039043895,-1.07E-10,NA
Litter,9,35,150,22.115788,6.220324,12.612708,12.570904,3.32456,24.5,1.57,162.4203822,0.187564764,5.23E-10,NA
Litter,9,35,25,5.71998,6.220324,12.612708,12.570904,-13.071248,24.5,1.43,55.24475524,-0.809650801,-2.17E-09,NA
Litter,9,35,50,15.528716,6.220324,12.612708,12.570904,-3.262512,24.5,1.5,65.33333333,-0.192653805,-5.29E-10,NA
Litter,9,5,100,2.218911,2.1591825,2.06210175,2.050611,-1.9908825,24,1.37,118.9781022,-0.131400385,-3.46E-10,NA
Litter,9,5,150,1.998096,2.1591825,2.06210175,2.050611,-2.2116975,24,1.54,194.8051948,-0.129860354,-3.55E-10,NA
Litter,9,5,25,2.567031,2.1591825,2.06210175,2.050611,-1.6427625,24,1.48,52.7027027,-0.100365543,-2.66E-10,NA
Litter,9,5,50,2.340384,2.1591825,2.06210175,2.050611,-1.8694095,24,1.38,88.4057971,-0.122488956,-3.17E-10,NA
Soil,1,15,10,2.646231,2.1591825,5.4895155,5.306235,-4.8191865,24.5,9.08,17.84140969,-0.047011555,-1.96E-10,NA
Soil,1,15,100,2.969142,2.1591825,5.4895155,5.306235,-4.4962755,24.5,9.01,108.5460599,-0.044202299,-1.84E-10,NA
Soil,1,15,25,2.763726,2.1591825,5.4895155,5.306235,-4.7016915,24.5,9,32.55555556,-0.046273074,-1.93E-10,NA
Soil,1,15,50,3.105366,2.1591825,5.4895155,5.306235,-4.3600515,24.5,8.99,55.72858732,-0.042958456,-1.79E-10,NA
Soil,1,25,10,3.202852,6.220324,2.918506,2.68276,-5.700232,24,9.2,17.5,-0.05602428,-2.34E-10,NA
Soil,1,25,100,4.42262,6.220324,2.918506,2.68276,-4.480464,24,8.99,108.4538376,-0.045064533,-1.87E-10,NA
Soil,1,25,25,3.328932,6.220324,2.918506,2.68276,-5.574152,24,9.02,31.15299335,-0.055878385,-2.33E-10,NA
Soil,1,25,50,2.302596,6.220324,2.918506,2.68276,-6.600488,24,9.38,53.51812367,-0.063627489,-2.66E-10,NA
Soil,1,35,10,83.989036,6.220324,5.329488,2.69064,75.078072,24.25,9.17,16.35768811,0.732680866,3.05E-09,NA
Soil,1,35,100,4.980332,6.220324,5.329488,2.69064,-3.930632,24.25,9.09,111.2211221,-0.038696312,-1.61E-10,NA
Soil,1,35,25,3.029908,6.220324,5.329488,2.69064,-5.881056,24.25,9.15,32.34972678,-0.057518201,-2.39E-10,NA
Soil,1,35,50,4.137908,6.220324,5.329488,2.69064,-4.773056,24.25,8.95,58.54748603,-0.04772485,-1.98E-10,NA
Soil,1,5,10,2.530932,2.1591825,2.580342,2.48192,-2.1101705,23.75,9.2,17.60869565,-0.020957956,-8.76E-11,NA
Soil,1,5,100,2.954676,2.1591825,2.580342,2.48192,-1.6864265,23.75,9.02,108.5365854,-0.017083627,-7.11E-11,NA
Soil,1,5,25,2.764596,2.1591825,2.580342,2.48192,-1.8765065,23.75,9.01,31.96448391,-0.01903025,-7.92E-11,NA
Soil,1,5,50,2.6321,2.1591825,2.580342,2.48192,-2.0090025,23.75,9.23,55.79631636,-0.019888315,-8.33E-11,NA
Soil,2,15,10,2.441202,2.1591825,5.4895155,5.306235,-5.0242155,24.5,8.7,18.50574713,-0.051152368,-2.12E-10,NA
Soil,2,15,100,2.895486,2.1591825,5.4895155,5.306235,-4.5699315,24.5,8.92,108.4080717,-0.045379695,-1.88E-10,NA
Soil,2,15,25,3.052509,2.1591825,5.4895155,5.306235,-4.4129085,24.5,8.9,33.14606742,-0.04391892,-1.82E-10,NA
Soil,2,15,50,3.33969,2.1591825,5.4895155,5.306235,-4.1257275,24.5,9,59.77777778,-0.040604556,-1.69E-10,NA
Soil,2,25,10,2.696092,6.220324,2.918506,2.68276,-6.206992,24,9.09,18.04180418,-0.061743164,-2.57E-10,NA
Soil,2,25,100,9.234756,6.220324,2.918506,2.68276,0.331672,24,9.22,102.6030369,0.003252741,1.36E-11,NA
Soil,2,25,25,2.857124,6.220324,2.918506,2.68276,-6.04596,24,9.15,31.69398907,-0.059746952,-2.49E-10,NA
Soil,2,25,50,9.511852,6.220324,2.918506,2.68276,0.608768,24,9,60,0.006116189,2.54E-11,NA
Soil,2,35,10,202.80902,6.220324,5.329488,2.69064,193.898056,24.25,9.31,16.433942,1.863780863,7.77E-09,NA
Soil,2,35,100,4.359948,6.220324,5.329488,2.69064,-4.551016,24.25,9.03,107.4197121,-0.045101573,-1.87E-10,NA
Soil,2,35,25,3.45234,6.220324,5.329488,2.69064,-5.458624,24.25,8.95,31.95530726,-0.054579709,-2.27E-10,NA
Soil,2,35,50,5.818748,6.220324,5.329488,2.69064,-3.092216,24.25,9.04,57.8539823,-0.030610644,-1.27E-10,NA
Soil,2,5,10,2.561892,2.1591825,2.580342,2.48192,-2.0792105,23.75,9.19,18.9336235,-0.020672936,-8.62E-11,NA
Soil,2,5,100,3.345516,2.1591825,2.580342,2.48192,-1.2955865,23.75,8.79,115.0170648,-0.013467803,-5.59E-11,NA
Soil,2,5,25,2.59934,2.1591825,2.580342,2.48192,-2.0417625,23.75,8.61,38.0952381,-0.021668122,-8.98E-11,NA
Soil,2,5,50,3.49886,2.1591825,2.580342,2.48192,-1.1422425,23.75,9.14,53.82932166,-0.011419085,-4.77E-11,NA
Soil,3,15,10,2.330565,2.1591825,5.4895155,5.306235,-5.1348525,24.5,9.13,15.33406353,-0.049816582,-2.08E-10,NA
Soil,3,15,100,4.349247,2.1591825,5.4895155,5.306235,-3.1161705,24.5,9.04,102.4336283,-0.030533003,-1.27E-10,NA
Soil,3,15,25,2.338512,2.1591825,5.4895155,5.306235,-5.1269055,24.5,9.21,30.51031488,-0.049307435,-2.06E-10,NA
Soil,3,15,50,3.254631,2.1591825,5.4895155,5.306235,-4.2107865,24.5,9.02,55.87583149,-0.0413498,-1.72E-10,NA
Soil,3,25,10,4.018052,6.220324,2.918506,2.68276,-4.885032,24,9.22,16.81127983,-0.047908003,-2.00E-10,NA
Soil,3,25,100,5.608212,6.220324,2.918506,2.68276,-3.294872,24,9.34,105.2462527,-0.031897985,-1.33E-10,NA
Soil,3,25,25,2.601916,6.220324,2.918506,2.68276,-6.301168,24,9.08,32.26872247,-0.062748997,-2.62E-10,NA
Soil,3,25,50,3.5019,6.220324,2.918506,2.68276,-5.401184,24,9.25,53.18918919,-0.052798163,-2.20E-10,NA
Soil,3,35,10,5.01282,6.220324,5.329488,2.69064,-3.898144,24.25,9.11,17.233809,-0.038292223,-1.59E-10,NA
Soil,3,35,100,3.33362,6.220324,5.329488,2.69064,-5.577344,24.25,9.11,111.1964874,-0.054787329,-2.28E-10,NA
Soil,3,35,25,3.575972,6.220324,5.329488,2.69064,-5.334992,24.25,8.99,32.70300334,-0.053106191,-2.20E-10,NA
Soil,3,35,50,2.804204,6.220324,5.329488,2.69064,-6.10676,24.25,9.22,55.09761388,-0.059272194,-2.46E-10,NA
Soil,3,5,10,2.51302,2.1591825,2.580342,2.48192,-2.1280825,23.75,9.21,17.48099891,-0.021112907,-8.81E-11,NA
Soil,3,5,100,3.370812,2.1591825,2.580342,2.48192,-1.2702905,23.75,9.44,101.1652542,-0.012295615,-5.15E-11,NA
Soil,3,5,25,3.91218,2.1591825,2.580342,2.48192,-0.7289225,23.75,8.95,32.06703911,-0.007441792,-3.10E-11,NA
Soil,3,5,50,2.622124,2.1591825,2.580342,2.48192,-2.0189785,23.75,9.12,55.59210526,-0.020228145,-8.44E-11,NA
Soil,4,15,10,1.963005,2.1591825,5.4895155,5.306235,-5.5024125,24.5,9.24,15.8008658,-0.052747017,-2.20E-10,NA
Soil,4,15,100,2.818842,2.1591825,5.4895155,5.306235,-4.6465755,24.5,9,108.3333333,-0.045730634,-1.90E-10,NA
Soil,4,15,25,3.805215,2.1591825,5.4895155,5.306235,-3.6602025,24.5,8.99,32.14682981,-0.036063025,-1.50E-10,NA
Soil,4,15,50,2.580324,2.1591825,5.4895155,5.306235,-4.8850935,24.5,9.11,54.66520307,-0.047497553,-1.97E-10,NA
Soil,4,25,10,2.684772,6.220324,2.918506,2.68276,-6.218312,24,8.93,15.90145577,-0.062964046,-2.61E-10,NA
Soil,4,25,100,2.97942,6.220324,2.918506,2.68276,-5.923664,24,9.31,105.8002148,-0.057532376,-2.40E-10,NA
Soil,4,25,25,2.980228,6.220324,2.918506,2.68276,-5.922856,24,9.09,31.57315732,-0.058916761,-2.45E-10,NA
Soil,4,25,50,2.326548,6.220324,2.918506,2.68276,-6.576536,24,9.27,53.72168285,-0.064148875,-2.68E-10,NA
Soil,4,35,10,3.07242,6.220324,5.329488,2.69064,-5.838544,24.25,9.15,17.26775956,-0.057102423,-2.37E-10,NA
Soil,4,35,100,3.539084,6.220324,5.329488,2.69064,-5.37188,24.25,9.43,105.8324496,-0.050978339,-2.12E-10,NA
Soil,4,35,25,3.332276,6.220324,5.329488,2.69064,-5.578688,24.25,9.13,30.55859803,-0.054680487,-2.28E-10,NA
Soil,4,35,50,2.586324,6.220324,5.329488,2.69064,-6.32464,24.25,9.241,58.11059409,-0.061247436,-2.55E-10,NA
Soil,4,5,10,10.299804,2.1591825,2.580342,2.48192,5.6587015,23.75,9.16,17.79475983,0.056446954,2.35E-10,NA
Soil,4,5,100,10.370076,2.1591825,2.580342,2.48192,5.7289735,23.75,8.85,108.3615819,0.059149727,2.46E-10,NA
Soil,4,5,25,2.612652,2.1591825,2.580342,2.48192,-2.0284505,23.75,8.72,31.07798165,-0.021255295,-8.84E-11,NA
Soil,4,5,50,2.632308,2.1591825,2.580342,2.48192,-2.0087945,23.75,9.21,55.15743757,-0.019929439,-8.32E-11,NA
Soil,5,15,10,2.159304,2.1591825,5.4895155,5.306235,-5.3061135,24.5,9.39,15.22896699,-0.050052719,-2.09E-10,NA
Soil,5,15,100,2.457528,2.1591825,5.4895155,5.306235,-5.0078895,24.5,9.08,106.7180617,-0.048852368,-2.03E-10,NA
Soil,5,15,25,4.611678,2.1591825,5.4895155,5.306235,-2.8537395,24.5,9.08,31.3876652,-0.02783846,-1.16E-10,NA
Soil,5,15,50,2.891301,2.1591825,5.4895155,5.306235,-4.5741165,24.5,9.15,49.61748634,-0.044279516,-1.84E-10,NA
Soil,5,25,10,3.401932,6.220324,2.918506,2.68276,-5.501152,24,9.24,15.69264069,-0.053833578,-2.24E-10,NA
Soil,5,25,100,2.933204,6.220324,2.918506,2.68276,-5.96988,24,9.41,104.250797,-0.057365073,-2.40E-10,NA
Soil,5,25,25,2.887412,6.220324,2.918506,2.68276,-6.015672,24,9.09,31.79317932,-0.059840035,-2.49E-10,NA
Soil,5,25,50,2.49042,6.220324,2.918506,2.68276,-6.412664,24,9.18,51.19825708,-0.063163673,-2.63E-10,NA
Soil,5,35,10,3.001652,6.220324,5.329488,2.69064,-5.909312,24.25,9.24,16.77489177,-0.057231618,-2.38E-10,NA
Soil,5,35,100,3.41438,6.220324,5.329488,2.69064,-5.496584,24.25,9.44,104.7669492,-0.052106506,-2.17E-10,NA
Soil,5,35,25,2.984596,6.220324,5.329488,2.69064,-5.926368,24.25,9.08,30.39647577,-0.058408203,-2.43E-10,NA
Soil,5,35,50,3.989636,6.220324,5.329488,2.69064,-4.921328,24.25,9.25,55.35135135,-0.047611477,-1.98E-10,NA
Soil,5,5,10,2.65522,2.1591825,2.580342,2.48192,-1.9858825,23.75,9.35,15.82887701,-0.019407122,-8.10E-11,NA
Soil,5,5,100,3.55414,2.1591825,2.580342,2.48192,-1.0869625,23.75,9.28,104.9568966,-0.010702514,-4.47E-11,NA
Soil,5,5,25,2.596908,2.1591825,2.580342,2.48192,-2.0441945,23.75,9,28.77777778,-0.020753861,-8.65E-11,NA
Soil,5,5,50,2.468028,2.1591825,2.580342,2.48192,-2.1730745,23.75,9.02,55.87583149,-0.022013408,-9.18E-11,NA
Soil,6,15,10,7.534662,2.1591825,5.4895155,5.306235,0.0692445,24.5,9.31,13.85606874,0.000658798,2.75E-12,NA
Soil,6,15,100,2.622093,2.1591825,5.4895155,5.306235,-4.8433245,24.5,9.03,106.8660022,-0.047508635,-1.98E-10,NA
Soil,6,15,25,3.595803,2.1591825,5.4895155,5.306235,-3.8696145,24.5,8.9,28.98876404,-0.038511854,-1.60E-10,NA
Soil,6,15,50,3.36012,2.1591825,5.4895155,5.306235,-4.1052975,24.5,8.96,53.45982143,-0.040583861,-1.69E-10,NA
Soil,6,25,10,5.655588,6.220324,2.918506,2.68276,-3.247496,24,9.3,25.37634409,-0.031574556,-1.32E-10,NA
Soil,6,25,100,2.400972,6.220324,2.918506,2.68276,-6.502112,24,9.33,104.5016077,-0.063015063,-2.63E-10,NA
Soil,6,25,25,3.133316,6.220324,2.918506,2.68276,-5.769768,24,9.37,31.91035219,-0.05567886,-2.33E-10,NA
Soil,6,25,50,4.507772,6.220324,2.918506,2.68276,-4.395312,24,9.26,53.13174946,-0.042919069,-1.80E-10,NA
Soil,6,35,10,7.961484,6.220324,5.329488,2.69064,-0.94948,24.25,9.27,15.31823085,-0.009165943,-3.82E-11,NA
Soil,6,35,100,2.332324,6.220324,5.329488,2.69064,-6.57864,24.25,9.43,105.4082715,-0.062430312,-2.61E-10,NA
Soil,6,35,25,3.0665,6.220324,5.329488,2.69064,-5.844464,24.25,9.24,30.41125541,-0.056603566,-2.35E-10,NA
Soil,6,35,50,3.332972,6.220324,5.329488,2.69064,-5.577992,24.25,9.21,53.9630836,-0.054198758,-2.25E-10,NA
Soil,6,5,10,4.822756,2.1591825,2.580342,2.48192,0.1816535,23.75,9.08,15.74889868,0.001828004,7.61E-12,NA
Soil,6,5,100,2.74662,2.1591825,2.580342,2.48192,-1.8944825,23.75,9.29,102.583423,-0.018633485,-7.78E-11,NA
Soil,6,5,25,2.836036,2.1591825,2.580342,2.48192,-1.8050665,23.75,9.04,29.75663717,-0.018245005,-7.64E-11,NA
Soil,6,5,50,2.8945,2.1591825,2.580342,2.48192,-1.7466025,23.75,9.198,52.75059796,-0.017350815,-7.25E-11,NA
Soil,7,15,10,2.082444,2.1591825,5.4895155,5.306235,-5.3829735,24.5,9.27,15.85760518,-0.051435059,-2.14E-10,NA
Soil,7,15,100,3.035751,2.1591825,5.4895155,5.306235,-4.4296665,24.5,9.16,104.5851528,-0.042834361,-1.79E-10,NA
Soil,7,15,25,18.110724,2.1591825,5.4895155,5.306235,10.6453065,24.5,9.17,30.53435115,0.102826622,4.29E-10,NA
Soil,7,15,50,2.584059,2.1591825,5.4895155,5.306235,-4.8813585,24.5,9.09,52.69526953,-0.047565663,-1.98E-10,NA
Soil,7,25,10,3.2717,6.220324,2.918506,2.68276,-5.631384,24,9.33,15.00535906,-0.054576424,-2.28E-10,NA
Soil,7,25,100,2.667412,6.220324,2.918506,2.68276,-6.235672,24,9.46,101.6913319,-0.059602394,-2.49E-10,NA
Soil,7,25,25,6.864444,6.220324,2.918506,2.68276,-2.03864,24,9.26,30.12958963,-0.019906785,-8.30E-11,NA
Soil,7,25,50,2.68954,6.220324,2.918506,2.68276,-6.213544,24,9.24,53.35497835,-0.060804957,-2.53E-10,NA
Soil,7,35,10,2.7435,6.220324,5.329488,2.69064,-6.167464,24.25,9.39,14.48349308,-0.058777635,-2.45E-10,NA
Soil,7,35,100,3.484092,6.220324,5.329488,2.69064,-5.426872,24.25,9.52,100.9453782,-0.051013334,-2.13E-10,NA
Soil,7,35,25,2.701308,6.220324,5.329488,2.69064,-6.209656,24.25,9.33,30.54662379,-0.059560313,-2.49E-10,NA
Soil,7,35,50,3.222788,6.220324,5.329488,2.69064,-5.688176,24.25,9.24,54.32900433,-0.055089918,-2.29E-10,NA
Soil,7,5,10,2.71866,2.1591825,2.580342,2.48192,-1.9224425,23.75,9.44,15.25423729,-0.018608037,-7.78E-11,NA
Soil,7,5,100,2.40806,2.1591825,2.580342,2.48192,-2.2330425,23.75,9.12,33.55263158,-0.022372852,-9.33E-11,NA
Soil,7,5,25,2.635572,2.1591825,2.580342,2.48192,-2.0055305,23.75,9.24,29.32900433,-0.019832456,-8.28E-11,NA
Soil,7,5,50,3.015756,2.1591825,2.580342,2.48192,-1.6253465,23.75,9.239,52.61391926,-0.016074601,-6.73E-11,NA
Soil,8,15,10,2.338764,2.1591825,5.4895155,5.306235,-5.1266535,24.5,9.36,14.63675214,-0.048514867,-2.03E-10,NA
Soil,8,15,100,2.597586,2.1591825,5.4895155,5.306235,-4.8678315,24.5,9.22,104.3383948,-0.046765044,-1.95E-10,NA
Soil,8,15,25,3.952635,2.1591825,5.4895155,5.306235,-3.5127825,24.5,9.33,28.1886388,-0.033349271,-1.39E-10,NA
Soil,8,15,50,2.182434,2.1591825,5.4895155,5.306235,-5.2829835,24.5,9.2,54.56521739,-0.050863725,-2.12E-10,NA
Soil,8,25,10,3.004484,6.220324,2.918506,2.68276,-5.8986,24,9.33,15.75562701,-0.057166141,-2.39E-10,NA
Soil,8,25,100,3.222244,6.220324,2.918506,2.68276,-5.68084,24,9.44,104.7669492,-0.054414186,-2.28E-10,NA
Soil,8,25,25,2.834356,6.220324,2.918506,2.68276,-6.068728,24,9.29,30.35522067,-0.059068172,-2.46E-10,NA
Soil,8,25,50,3.332308,6.220324,2.918506,2.68276,-5.570776,24,9.26,53.0237581,-0.054397167,-2.27E-10,NA
Soil,8,35,10,2.931236,6.220324,5.329488,2.69064,-5.979728,24.25,9.44,14.83050847,-0.056686613,-2.36E-10,NA
Soil,8,35,100,3.797964,6.220324,5.329488,2.69064,-5.113,24.25,9.17,108.7241003,-0.049897356,-2.08E-10,NA
Soil,8,35,25,3.207716,6.220324,5.329488,2.69064,-5.703248,24.25,8.82,22.44897959,-0.057866171,-2.40E-10,NA
Soil,8,35,50,3.183388,6.220324,5.329488,2.69064,-5.727576,24.25,9.6,47.08333333,-0.053391325,-2.24E-10,NA
Soil,8,5,10,3.059188,2.1591825,2.580342,2.48192,-1.5819145,23.75,9.37,15.26147279,-0.01542633,-6.44E-11,NA
Soil,8,5,100,2.872932,2.1591825,2.580342,2.48192,-1.7681705,23.75,9.21,106.8403909,-0.017542186,-7.34E-11,NA
Soil,8,5,25,2.747988,2.1591825,2.580342,2.48192,-1.8931145,23.75,9.04,27.98672566,-0.019134964,-7.98E-11,NA
Soil,8,5,50,2.511556,2.1591825,2.580342,2.48192,-2.1295465,23.75,9.1,52.41758242,-0.021382818,-8.94E-11,NA
Soil,9,15,10,2.474214,2.1591825,5.4895155,5.306235,-4.9912035,24.5,9.4,15.42553191,-0.047032077,-1.97E-10,NA
Soil,9,15,100,2.616441,2.1591825,5.4895155,5.306235,-4.8489765,24.5,9.34,98.39400428,-0.045985397,-1.92E-10,NA
Soil,9,15,25,2.848614,2.1591825,5.4895155,5.306235,-4.6168035,24.5,9.13,27.05366922,-0.044790648,-1.86E-10,NA
Soil,9,15,50,2.61195,2.1591825,5.4895155,5.306235,-4.8534675,24.5,9.1,50.76923077,-0.047241912,-1.96E-10,NA
Soil,9,25,10,2.751876,6.220324,2.918506,2.68276,-6.151208,24,9.48,14.76793249,-0.058671022,-2.45E-10,NA
Soil,9,25,100,3.39334,6.220324,2.918506,2.68276,-5.509744,24,9.48,104.1139241,-0.052552655,-2.20E-10,NA
Soil,9,25,25,3.098436,6.220324,2.918506,2.68276,-5.804648,24,9.34,29.33618844,-0.056195377,-2.35E-10,NA
Soil,9,25,50,5.090524,6.220324,2.918506,2.68276,-3.81256,24,9.19,54.95103373,-0.037512219,-1.57E-10,NA
Soil,9,35,10,5.141684,6.220324,5.329488,2.69064,-3.76928,24.25,9.35,14.65240642,-0.036075957,-1.51E-10,NA
Soil,9,35,100,4.164724,6.220324,5.329488,2.69064,-4.74624,24.25,9.39,105.1118211,-0.045232978,-1.89E-10,NA
Soil,9,35,25,3.092404,6.220324,5.329488,2.69064,-5.81856,24.25,9.26,30.99352052,-0.056230974,-2.34E-10,NA
Soil,9,35,50,7.142124,6.220324,5.329488,2.69064,-1.76884,24.25,9.13,55.96933187,-0.017337595,-7.21E-11,NA
Soil,9,5,10,2.439956,2.1591825,2.580342,2.48192,-2.2011465,23.75,9.45,15.44973545,-0.021283171,-8.88E-11,NA
Soil,9,5,100,3.737852,2.1591825,2.580342,2.48192,-0.9032505,23.75,9.31,104.6186896,-0.008864979,-3.69E-11,NA
Soil,9,5,25,2.68378,2.1591825,2.580342,2.48192,-1.9573225,23.75,9.13,27.27272727,-0.019588935,-8.18E-11,NA
Soil,9,5,50,2.89114,2.1591825,2.580342,2.48192,-1.7499625,23.75,9.05,53.37016575,-0.017668487,-7.36E-11,NA
Wood,1,15,100,7.562643,2.1591825,2.70956625,2.730579,2.6728815,24.25,2.31,229.4372294,0.103547305,2.59E-10,NA
Wood,1,15,150,12.215859,2.1591825,2.70956625,2.730579,7.3260975,24.25,2.59,267.5675676,0.253130225,6.50E-10,NA
Wood,1,15,25,6.670086,2.1591825,2.70956625,2.730579,1.7803245,24.25,3.91,45.52429668,0.040746798,1.49E-10,NA
Wood,1,15,50,5.056458,2.1591825,2.70956625,2.730579,0.1666965,24.25,3.79,74.40633245,0.00393603,1.42E-11,NA
Wood,1,25,100,8.79954,6.220324,15.129416,7.5426,-4.963384,24,3.33,144.1441441,-0.134773721,-3.88E-10,NA
Wood,1,25,150,10.518572,6.220324,15.129416,7.5426,-3.244352,24,3.11,231.1897106,-0.09432768,-2.65E-10,NA
Wood,1,25,25,9.731796,6.220324,15.129416,7.5426,-4.031128,24,1.76,216.4772727,-0.207102574,-4.29E-10,NA
Wood,1,25,50,14.226916,6.220324,15.129416,7.5426,0.463992,24,2.31,191.3419913,0.018162268,4.52E-11,NA
Wood,1,35,100,15.77058,6.220324,8.261408,4.093656,5.4566,24.25,2.43,216.4609053,0.200949495,5.09E-10,NA
Wood,1,35,150,36.37582,6.220324,8.261408,4.093656,26.06184,24.25,3.34,187.1257485,0.698280126,2.45E-09,NA
Wood,1,35,25,8.670068,6.220324,8.261408,4.093656,-1.643912,24.25,2.78,67.62589928,-0.052918173,-1.38E-10,NA
Wood,1,35,50,8.962932,6.220324,8.261408,4.093656,-1.351048,24.25,1.03,405.8252427,-0.117382844,-1.74E-10,NA
Wood,1,5,100,2.533092,2.1591825,5.84379,5.040772,-4.6668625,24,1.88,168.0851064,-0.224459883,-6.75E-10,NA
Wood,1,5,150,2.402692,2.1591825,5.84379,5.040772,-4.7972625,24,2.46,281.7073171,-0.17633152,-5.75E-10,NA
Wood,1,5,25,2.5387,2.1591825,5.84379,5.040772,-4.6612545,24,3.12,52.88461538,-0.135088941,-4.70E-10,NA
Wood,1,5,50,2.351476,2.1591825,5.84379,5.040772,-4.8484785,24,1.96,189.7959184,-0.223676819,-6.78E-10,NA
Wood,2,15,100,4.712109,2.1591825,2.70956625,2.730579,-0.1776525,24.25,1.59,353.4591195,-0.00999874,-1.98E-11,NA
Wood,2,15,150,4.845435,2.1591825,2.70956625,2.730579,-0.0443265,24.25,2.69,257.9925651,-0.001474627,-3.85E-12,NA
Wood,2,15,25,3.241239,2.1591825,2.70956625,2.730579,-1.6485225,24.25,4.21,29.6912114,-0.035041594,-1.31E-10,NA
Wood,2,15,50,5.661222,2.1591825,2.70956625,2.730579,0.7714605,24.25,3.14,79.61783439,0.02198645,6.02E-11,NA
Wood,2,25,100,10.700252,6.220324,15.129416,7.5426,-3.062672,24,3.58,118.7150838,-0.077355115,-2.30E-10,NA
Wood,2,25,150,22.21982,6.220324,15.129416,7.5426,8.456896,24,3.31,214.5015106,0.231022655,6.54E-10,NA
Wood,2,25,25,3.619924,6.220324,15.129416,7.5426,-10.143,24,4.07,57.98525799,-0.225342751,-6.96E-10,NA
Wood,2,25,50,6.895628,6.220324,15.129416,7.5426,-6.867296,24,4.12,58.98058252,-0.150716266,-4.65E-10,NA
Wood,2,35,100,18.93262,6.220324,8.261408,4.093656,8.61864,24.25,2.59,188.8030888,0.29778996,7.81E-10,NA
Wood,2,35,150,22.543388,6.220324,8.261408,4.093656,12.229408,24.25,2.56,262.890625,0.427500418,1.38E-09,NA
Wood,2,35,25,5.494332,6.220324,8.261408,4.093656,-4.819648,24.25,2.57,73.15175097,-0.167823692,-4.33E-10,NA
Wood,2,35,50,11.625884,6.220324,8.261408,4.093656,1.311904,24.25,2.73,116.4835165,0.043004161,1.14E-10,NA
Wood,2,5,100,2.6535,2.1591825,5.84379,5.040772,-4.5464545,24,1.48,400.6756757,-0.277768318,-7.47E-10,NA
Wood,2,5,150,2.663884,2.1591825,5.84379,5.040772,-4.5360705,24,1.9,390,-0.215872723,-6.47E-10,NA
Wood,2,5,25,2.445908,2.1591825,5.84379,5.040772,-4.7540465,24,2.56,89.84375,-0.167917143,-5.51E-10,NA
Wood,2,5,50,2.74134,2.1591825,5.84379,5.040772,-4.4586145,24,2.06,175.2427184,-0.195706062,-5.98E-10,NA
Wood,3,15,100,5.994465,2.1591825,2.70956625,2.730579,1.1047035,24.25,3.01,153.820598,0.032843566,9.07E-11,NA
Wood,3,15,150,7.217619,2.1591825,2.70956625,2.730579,2.3278575,24.25,3.03,222.1122112,0.068751921,1.88E-10,NA
Wood,3,15,25,8.534733,2.1591825,2.70956625,2.730579,3.6449715,24.25,3.71,51.48247978,0.087920733,3.18E-10,NA
Wood,3,15,50,4.519671,2.1591825,2.70956625,2.730579,-0.3700905,24.25,3.96,69.19191919,-0.008363418,-2.56E-11,NA
Wood,3,25,100,6.313636,6.220324,15.129416,7.5426,-7.449288,24,0.96,765.625,-0.70164124,-9.71E-10,NA
Wood,3,25,150,12.994436,6.220324,15.129416,7.5426,-0.768488,24,2.26,360.1769912,-0.030746822,-7.44E-11,NA
Wood,3,25,25,12.39974,6.220324,15.129416,7.5426,-1.363184,24,1.55,260,-0.079523293,-1.51E-10,NA
Wood,3,25,50,6.599676,6.220324,15.129416,7.5426,-7.163248,24,1.45,351.7241379,-0.44669754,-8.69E-10,NA
Wood,3,35,100,11.909996,6.220324,8.261408,4.093656,1.596016,24.25,1.48,392.5675676,0.096504286,1.85E-10,NA
Wood,3,35,150,20.866588,6.220324,8.261408,4.093656,10.552608,24.25,2.78,248.5611511,0.339692598,1.13E-09,NA
Wood,3,35,25,12.578684,6.220324,8.261408,4.093656,2.264704,24.25,2.71,74.53874539,0.074784782,1.95E-10,NA
Wood,3,35,50,10.425164,6.220324,8.261408,4.093656,0.111184,24.25,2.68,108.5820896,0.003712604,9.84E-12,NA
Wood,3,5,100,2.3253,2.1591825,5.84379,5.040772,-4.8746545,24,1.4,337.1428571,-0.31483817,-8.37E-10,NA
Wood,3,5,150,2.4867,2.1591825,5.84379,5.040772,-4.7132545,24,1.79,418.9944134,-0.238089057,-6.96E-10,NA
Wood,3,5,25,2.481852,2.1591825,5.84379,5.040772,-4.7181025,24,2.88,67.01388889,-0.148131172,-5.04E-10,NA
Wood,3,5,50,2.32146,2.1591825,5.84379,5.040772,-4.8784945,24,2.6,192.3076923,-0.169661791,-5.63E-10,< maybe a 5 gram one
Wood,4,15,100,8.184903,2.1591825,2.70956625,2.730579,3.2951415,24.25,2.51,197.2111554,0.117482024,2.95E-10,NA
Wood,4,15,150,5.959959,2.1591825,2.70956625,2.730579,1.0701975,24.25,1.03,773.7864078,0.092981764,1.47E-10,NA
Wood,4,15,25,4.403634,2.1591825,2.70956625,2.730579,-0.4861275,24.25,4.2,32.61904762,-0.010357906,-3.86E-11,NA
Wood,4,15,50,6.96651,2.1591825,2.70956625,2.730579,2.0767485,24.25,2.35,181.7021277,0.079083725,1.92E-10,NA
Wood,4,25,100,21.986724,6.220324,15.129416,7.5426,8.2238,24,4.08,108.5784314,0.182256889,5.70E-10,NA
Wood,4,25,150,24.246636,6.220324,15.129416,7.5426,10.483712,24,3.79,182.585752,0.25011944,7.50E-10,NA
Wood,4,25,25,3.23558,6.220324,15.129416,7.5426,-10.527344,24,4.08,37.5,-0.23330832,-7.20E-10,NA
Wood,4,25,50,7.168644,6.220324,15.129416,7.5426,-6.59428,24,2.95,123.0508475,-0.202123562,-5.30E-10,NA
Wood,4,35,100,26.14122,6.220324,8.261408,4.093656,15.82724,24.25,2.7,180.7407407,0.524580929,1.38E-09,NA
Wood,4,35,150,8.197268,6.220324,8.261408,4.093656,-2.116712,24.25,3.08,219.8051948,-0.061500993,-2.09E-10,NA
Wood,4,35,25,3.837876,6.220324,8.261408,4.093656,-6.476104,24.25,2.03,121.182266,-0.285488653,-6.57E-10,NA
Wood,4,35,50,5.008684,6.220324,8.261408,4.093656,-5.305296,24.25,3.2,73.4375,-0.148364745,-4.11E-10,NA
Wood,4,5,100,2.69742,2.1591825,5.84379,5.040772,-4.5025345,24,2.38,237.394958,-0.17106126,-5.49E-10,NA
Wood,4,5,150,2.216772,2.1591825,5.84379,5.040772,-4.9831825,24,2.08,345.1923077,-0.216628221,-6.68E-10,NA
Wood,4,5,25,2.844132,2.1591825,5.84379,5.040772,-4.3558225,24,2.89,65.05190311,-0.136283697,-4.63E-10,NA
Wood,4,5,50,2.825548,2.1591825,5.84379,5.040772,-4.3744065,24,2.15,166.5116279,-0.183972222,-5.70E-10,NA
Wood,5,15,100,4.495947,2.1591825,2.70956625,2.730579,-0.3938145,24.25,2.24,226.3392857,-0.015733116,-3.79E-11,NA
Wood,5,15,150,7.757754,2.1591825,2.70956625,2.730579,2.8679925,24.25,2.99,220.0668896,0.085837665,2.38E-10,NA
Wood,5,15,25,5.647578,2.1591825,2.70956625,2.730579,0.7578165,24.25,0.88,535.2272727,0.077064162,1.62E-10,NA
Wood,5,15,50,3.180903,2.1591825,2.70956625,2.730579,-1.7088585,24.25,3.26,76.68711656,-0.046909367,-1.35E-10,NA
Wood,5,25,100,10.275508,6.220324,15.129416,7.5426,-3.487416,24,2.37,259.9156118,-0.133053709,-3.26E-10,NA
Wood,5,25,150,30.287356,6.220324,15.129416,7.5426,16.524432,24,3.73,182.8418231,0.40058002,1.19E-09,NA
Wood,5,25,25,5.029796,6.220324,15.129416,7.5426,-8.733128,24,1.72,222.0930233,-0.459105985,-9.75E-10,NA
Wood,5,25,50,6.990324,6.220324,15.129416,7.5426,-6.7726,24,2.19,205.4794521,-0.279629436,-6.53E-10,NA
Wood,5,35,100,4.5995,6.220324,8.261408,4.093656,-5.71448,24.25,3.29,131.0030395,-0.155436101,-4.37E-10,NA
Wood,5,35,150,12.579612,6.220324,8.261408,4.093656,2.265632,24.25,2.17,341.0138249,0.09343309,2.85E-10,NA
Wood,5,35,25,3.752388,6.220324,8.261408,4.093656,-6.561592,24.25,2.82,56.02836879,-0.208224193,-5.42E-10,NA
Wood,5,35,50,8.137172,6.220324,8.261408,4.093656,-2.176808,24.25,1.15,351.3043478,-0.169392181,-2.80E-10,NA
Wood,5,5,100,2.484716,2.1591825,5.84379,5.040772,-4.7152385,24,3.07,84.36482085,-0.138879091,-4.82E-10,NA
Wood,5,5,150,2.52378,2.1591825,5.84379,5.040772,-4.6761745,24,1.4,260.7142857,-0.302018989,-7.93E-10,"< some fell on the groundâ€¦ fucking stopper was stuck, not 100% sample, probably ~85%"
Wood,5,5,25,2.565284,2.1591825,5.84379,5.040772,-4.6346705,24,1.56,193.5897436,-0.268637007,-7.41E-10,NA
Wood,5,5,50,2.50786,2.1591825,5.84379,5.040772,-4.6920945,24,2.98,152.6845638,-0.142371173,-4.89E-10,< maybe a 5 gram one
Wood,6,15,100,3.147333,2.1591825,2.70956625,2.730579,-1.7424285,24.25,1.4,450.7142857,-0.111377638,-2.05E-10,NA
Wood,6,15,150,5.831349,2.1591825,2.70956625,2.730579,0.9415875,24.25,1.66,462.0481928,0.05076024,1.05E-10,NA
Wood,6,15,25,3.950259,2.1591825,2.70956625,2.730579,-0.9395025,24.25,4.22,30.8056872,-0.019923084,-7.41E-11,NA
Wood,6,15,50,6.546228,2.1591825,2.70956625,2.730579,1.6564665,24.25,3.26,76.68711656,0.04547117,1.28E-10,NA
Wood,6,25,100,7.619852,6.220324,15.129416,7.5426,-6.143072,24,3.7,128.1081081,-0.150125842,-4.37E-10,NA
Wood,6,25,150,36.15298,6.220324,15.129416,7.5426,22.390056,24,3.94,165.9898477,0.513843105,1.54E-09,NA
Wood,6,25,25,3.684964,6.220324,15.129416,7.5426,-10.07796,24,4.21,42.99287411,-0.216452253,-6.70E-10,NA
Wood,6,25,50,8.7207,6.220324,15.129416,7.5426,-5.042224,24,3.18,100,-0.143372742,-4.02E-10,NA
Wood,6,35,100,4.7739,6.220324,8.261408,4.093656,-5.54008,24.25,2.6,180.3846154,-0.190683784,-5.01E-10,NA
Wood,6,35,150,27.143124,6.220324,8.261408,4.093656,16.829144,24.25,2.8,256.0714286,0.53786721,1.78E-09,NA
Wood,6,35,25,4.504132,6.220324,8.261408,4.093656,-5.809848,24.25,2.81,70.46263345,-0.185024622,-4.85E-10,NA
Wood,6,35,50,6.69214,6.220324,8.261408,4.093656,-3.62184,24.25,1.19,362.1848739,-0.272366302,-4.57E-10,NA
Wood,6,5,100,2.401108,2.1591825,5.84379,5.040772,-4.7988465,24,3,129.6666667,-0.144639589,-4.99E-10,NA
Wood,6,5,150,2.746036,2.1591825,5.84379,5.040772,-4.4539185,24,2.9,230,-0.138872369,-4.72E-10,NA
Wood,6,5,25,2.444596,2.1591825,5.84379,5.040772,-4.7553585,24,2.84,67.95774648,-0.151403704,-5.12E-10,NA
Wood,6,5,50,2.379476,2.1591825,5.84379,5.040772,-4.8204785,24,1.66,334.939759,-0.262575159,-7.43E-10,< maybe a 5 gram one
Wood,7,15,100,4.073199,2.1591825,2.70956625,2.730579,-0.8165625,24.25,2.99,158.5284281,-0.024439331,-6.61E-11,NA
Wood,7,15,150,2.804505,2.1591825,2.70956625,2.730579,-2.0852565,24.25,2.09,347.3684211,-0.089286186,-2.04E-10,NA
Wood,7,15,25,3.1596,2.1591825,2.70956625,2.730579,-1.7301615,24.25,2.15,159.0697674,-0.072014385,-2.25E-10,NA
Wood,7,15,50,5.066097,2.1591825,2.70956625,2.730579,0.1763355,24.25,2.76,144.2028986,0.005717442,1.51E-11,NA
Wood,7,25,100,24.915292,6.220324,15.129416,7.5426,11.152368,24,3.43,149.271137,0.293998116,8.64E-10,NA
Wood,7,25,150,12.266068,6.220324,15.129416,7.5426,-1.496856,24,4.02,55.72139303,-0.033668638,-1.03E-10,NA
Wood,7,25,25,4.695788,6.220324,15.129416,7.5426,-9.067136,24,3.66,51.36612022,-0.2240065,-6.72E-10,NA
Wood,7,25,50,9.313452,6.220324,15.129416,7.5426,-4.449472,24,4.12,165.5339806,-0.097652381,-3.03E-10,NA
Wood,7,35,100,3.180812,6.220324,8.261408,4.093656,-7.133168,24.25,2.34,215.8119658,-0.272795794,-8.64E-10,NA
Wood,7,35,150,14.459708,6.220324,8.261408,4.093656,4.145728,24.25,2.9,247.9310345,0.127930436,4.30E-10,NA
Wood,7,35,25,9.069988,6.220324,8.261408,4.093656,-1.243992,24.25,2.85,64.9122807,-0.03906104,-1.03E-10,NA
Wood,7,35,50,8.495428,6.220324,8.261408,4.093656,-1.818552,24.25,2.73,108.7912088,-0.059612063,-1.57E-10,NA
Wood,7,5,100,3.633164,2.1591825,5.84379,5.040772,-3.5667905,24,2.49,216.064257,-0.129523875,-4.25E-10,NA
Wood,7,5,150,15.197356,2.1591825,5.84379,5.040772,7.9974015,24,3.18,100,0.227401516,7.94E-10,NA
Wood,7,5,25,3.908764,2.1591825,5.84379,5.040772,-3.2911905,24,1.84,183.1521739,-0.161736028,-4.79E-10,NA
Wood,7,5,50,2.576916,2.1591825,5.84379,5.040772,-4.6230385,24,2.42,210.3305785,-0.172736343,-5.62E-10,NA
Wood,8,15,100,5.040303,2.1591825,2.70956625,2.730579,0.1505415,24.25,2.97,159.2592593,0.004535977,1.24E-11,NA
Wood,8,15,150,2.559345,2.1591825,2.70956625,2.730579,-2.3304165,24.25,2.06,351.4563107,-0.101236565,-2.31E-10,NA
Wood,8,15,25,5.212869,2.1591825,2.70956625,2.730579,0.3231075,24.25,3.32,67.1686747,0.008709235,2.50E-11,NA
Wood,8,15,50,7.41966,2.1591825,2.70956625,2.730579,2.5298985,24.25,4.03,69.23076923,0.056178369,1.73E-10,NA
Wood,8,25,100,5.586436,6.220324,15.129416,7.5426,-8.176488,24,3.53,141.6430595,-0.209441951,-6.16E-10,NA
Wood,8,25,150,45.496852,6.220324,15.129416,7.5426,31.733928,24,4.21,140.1425178,0.681574466,2.13E-09,NA
Wood,8,25,25,21.208948,6.220324,15.129416,7.5426,7.446024,24,4.26,27.69953052,0.158047055,4.90E-10,NA
Wood,8,25,50,11.914676,6.220324,15.129416,7.5426,-1.848248,24,4.06,68.71921182,-0.041162883,-1.26E-10,NA
Wood,8,35,100,38.855612,6.220324,8.261408,4.093656,28.541632,24.25,3.29,130.0911854,0.776343603,2.71E-09,NA
Wood,8,35,150,5.070908,6.220324,8.261408,4.093656,-5.243072,24.25,3.33,187.6876877,-0.140900542,-4.92E-10,NA
Wood,8,35,25,7.647684,6.220324,8.261408,4.093656,-2.666296,24.25,2.74,61.67883212,-0.087082096,-2.28E-10,NA
Wood,8,35,50,5.63754,6.220324,8.261408,4.093656,-4.67644,24.25,2.89,87.88927336,-0.144806681,-3.85E-10,NA
Wood,8,5,100,7.314612,2.1591825,5.84379,5.040772,0.1146575,24,1.74,319.5402299,0.005958333,1.72E-11,NA
Wood,8,5,150,3.566932,2.1591825,5.84379,5.040772,-3.6330225,24,2.22,321.2612613,-0.147974434,-4.66E-10,NA
Wood,8,5,25,3.041044,2.1591825,5.84379,5.040772,-4.1589105,24,1.71,208.1871345,-0.219915095,-6.29E-10,NA
Wood,8,5,50,3.305172,2.1591825,5.84379,5.040772,-3.8947825,24,1.8,224.4444444,-0.195651094,-5.73E-10,NA
Wood,9,15,100,6.641502,2.1591825,2.70956625,2.730579,1.7517405,24.25,2.25,243.1111111,0.069672008,1.70E-10,NA
Wood,9,15,150,3.016599,2.1591825,2.70956625,2.730579,-1.8731625,24.25,2.65,252.4528302,-0.063255844,-1.65E-10,NA
Wood,9,15,25,2.909256,2.1591825,2.70956625,2.730579,-1.9805055,24.25,4.29,31.46853147,-0.041313295,-1.31E-10,NA
Wood,9,15,50,6.960246,2.1591825,2.70956625,2.730579,2.0704845,24.25,4.01,64.58852868,0.046206033,1.42E-10,NA
Wood,9,25,100,9.784044,6.220324,15.129416,7.5426,-3.97888,24,3.77,131.0344828,-0.09543135,-2.80E-10,NA
Wood,9,25,150,13.269508,6.220324,15.129416,7.5426,-0.493416,24,3.76,176.0638298,-0.011865798,-3.50E-11,NA
Wood,9,25,25,3.50574,6.220324,15.129416,7.5426,-10.257184,24,4.37,65.44622426,-0.212235625,-6.66E-10,NA
Wood,9,25,50,15.644476,6.220324,15.129416,7.5426,1.881552,24,4.07,77.3955774,0.041801647,1.26E-10,NA
Wood,9,35,100,3.194404,6.220324,8.261408,4.093656,-7.119576,24.25,3.2,146.5625,-0.199101818,-5.58E-10,NA
Wood,9,35,150,9.2611,6.220324,8.261408,4.093656,-1.05288,24.25,2.99,219.0635452,-0.031512203,-1.06E-10,NA
Wood,9,35,25,3.120868,6.220324,8.261408,4.093656,-7.193112,24.25,3.09,56.9579288,-0.208319257,-5.78E-10,NA
Wood,9,35,50,5.315188,6.220324,8.261408,4.093656,-4.998792,24.25,3.11,77.49196141,-0.143838701,-3.93E-10,NA
Wood,9,5,100,4.631012,2.1591825,5.84379,5.040772,-2.5689425,24,2.77,176.1732852,-0.083858326,-2.84E-10,NA
Wood,9,5,150,2.593988,2.1591825,5.84379,5.040772,-4.6059665,24,2.84,236.2676056,-0.146647279,-4.99E-10,NA
Wood,9,5,25,8.128332,2.1591825,5.84379,5.040772,0.9283775,24,3.1,53.22580645,0.027079116,9.44E-11,NA
Wood,9,5,50,4.357972,2.1591825,5.84379,5.040772,-2.8419825,24,2.74,174.8175182,-0.09378695,-3.15E-10,NA
