,data_file,niche,sample_no,temp_C,moist_level,moist,peaka rea,ppm,Bag_ID,bag_avg,avg_blank,median_blank,ppm_orreted,incubation_time
109,2022_09_02_REH_lim_exp2_091,Litter,1,5,0.25,25,5154,2.32206,AB,2.1591825,2.06210175,2.050611,-1.8877335,24
110,2022_09_02_REH_lim_exp2_092,Litter,2,5,0.25,25,7503.4,2.533506,AB,2.1591825,2.06210175,2.050611,-1.6762875,24
111,2022_09_02_REH_lim_exp2_093,Litter,3,5,0.25,25,3492.5,2.172525,AB,2.1591825,2.06210175,2.050611,-2.0372685,24
112,2022_09_02_REH_lim_exp2_094,Litter,4,5,0.25,25,10684.8,2.819832,AB,2.1591825,2.06210175,2.050611,-1.3899615,24
113,2022_09_02_REH_lim_exp2_095,Litter,5,5,0.25,25,4621.8,2.274162,AB,2.1591825,2.06210175,2.050611,-1.9356315,24
114,2022_09_02_REH_lim_exp2_096,Litter,6,5,0.25,25,2833.9,2.113251,AB,2.1591825,2.06210175,2.050611,-2.0965425,24
115,2022_09_02_REH_lim_exp2_097,Litter,7,5,0.25,25,20524.2,3.705378,AB,2.1591825,2.06210175,2.050611,-0.5044155,24
116,2022_09_02_REH_lim_exp2_098,Litter,8,5,0.25,25,4148.6,2.231574,AB,2.1591825,2.06210175,2.050611,-1.9782195,24
117,2022_09_02_REH_lim_exp2_099,Litter,9,5,0.25,25,7875.9,2.567031,AB,2.1591825,2.06210175,2.050611,-1.6427625,24
118,2022_09_02_REH_lim_exp2_101,Litter,1,5,0.5,50,4613.8,2.273442,AB,2.1591825,2.06210175,2.050611,-1.9363515,24
119,2022_09_02_REH_lim_exp2_102,Litter,2,5,0.5,50,0,1.8582,AB,2.1591825,2.06210175,2.050611,-2.3515935,24
120,2022_09_02_REH_lim_exp2_103,Litter,3,5,0.5,50,1527.1,1.995639,AB,2.1591825,2.06210175,2.050611,-2.2141545,24
121,2022_09_02_REH_lim_exp2_104,Litter,4,5,0.5,50,2357,2.07033,AB,2.1591825,2.06210175,2.050611,-2.1394635,24
122,2022_09_02_REH_lim_exp2_105,Litter,5,5,0.5,50,7628.5,2.544765,AB,2.1591825,2.06210175,2.050611,-1.6650285,24
123,2022_09_02_REH_lim_exp2_106,Litter,6,5,0.5,50,5411.9,2.345271,AB,2.1591825,2.06210175,2.050611,-1.8645225,24
124,2022_09_02_REH_lim_exp2_107,Litter,7,5,0.5,50,9278,2.69322,AB,2.1591825,2.06210175,2.050611,-1.5165735,24
125,2022_09_02_REH_lim_exp2_108,Litter,8,5,0.5,50,4973.9,2.305851,AB,2.1591825,2.06210175,2.050611,-1.9039425,24
126,2022_09_02_REH_lim_exp2_109,Litter,9,5,0.5,50,5357.6,2.340384,AB,2.1591825,2.06210175,2.050611,-1.8694095,24
127,2022_09_02_REH_lim_exp2_111,Litter,1,5,1,100,7190.4,2.505336,AB,2.1591825,2.06210175,2.050611,-1.7044575,24
128,2022_09_02_REH_lim_exp2_112,Litter,2,5,1,100,5052.9,2.312961,AB,2.1591825,2.06210175,2.050611,-1.8968325,24
129,2022_09_02_REH_lim_exp2_113,Litter,3,5,1,100,6337.7,2.428593,AB,2.1591825,2.06210175,2.050611,-1.7812005,24
130,2022_09_02_REH_lim_exp2_114,Litter,4,5,1,100,3305.4,2.155686,AB,2.1591825,2.06210175,2.050611,-2.0541075,24
131,2022_09_02_REH_lim_exp2_115,Litter,5,5,1,100,3078.3,2.135247,AB,2.1591825,2.06210175,2.050611,-2.0745465,24
132,2022_09_02_REH_lim_exp2_116,Litter,6,5,1,100,15583.6,3.260724,AB,2.1591825,2.06210175,2.050611,-0.9490695,24
133,2022_09_02_REH_lim_exp2_117,Litter,7,5,1,100,9911.3,2.750217,AB,2.1591825,2.06210175,2.050611,-1.4595765,24
134,2022_09_02_REH_lim_exp2_118,Litter,8,5,1,100,6182.3,2.414607,AB,2.1591825,2.06210175,2.050611,-1.7951865,24
135,2022_09_02_REH_lim_exp2_119,Litter,9,5,1,100,4007.9,2.218911,AB,2.1591825,2.06210175,2.050611,-1.9908825,24
136,2022_09_02_REH_lim_exp2_121,Litter,1,5,1.5,150,6794.9,2.469741,AB,2.1591825,2.06210175,2.050611,-1.7400525,24
137,2022_09_02_REH_lim_exp2_122,Litter,2,5,1.5,150,7155.5,2.502195,AB,2.1591825,2.06210175,2.050611,-1.7075985,24
138,2022_09_02_REH_lim_exp2_123,Litter,3,5,1.5,150,6922.5,2.481225,AB,2.1591825,2.06210175,2.050611,-1.7285685,24
139,2022_09_02_REH_lim_exp2_124,Litter,4,5,1.5,150,5863.8,2.385942,AB,2.1591825,2.06210175,2.050611,-1.8238515,24
140,2022_09_02_REH_lim_exp2_125,Litter,5,5,1.5,150,13793.4,3.099606,AB,2.1591825,2.06210175,2.050611,-1.1101875,24
141,2022_09_02_REH_lim_exp2_126,Litter,6,5,1.5,150,7201.1,2.506299,AB,2.1591825,2.06210175,2.050611,-1.7034945,24
142,2022_09_02_REH_lim_exp2_127,Litter,7,5,1.5,150,16686.7,3.360003,AB,2.1591825,2.06210175,2.050611,-0.8497905,24
143,2022_09_02_REH_lim_exp2_128,Litter,8,5,1.5,150,51130.8,6.459972,AB,2.1591825,2.06210175,2.050611,2.2501785,24
144,2022_09_02_REH_lim_exp2_129,Litter,9,5,1.5,150,1554.4,1.998096,AB,2.1591825,2.06210175,2.050611,-2.2116975,24
73,2022_09_02_REH_lim_exp2_048,Litter,1,15,0.25,25,15431.5,3.247035,AB,2.1591825,2.88242925,2.924745,-1.8368925,24
74,2022_09_02_REH_lim_exp2_049,Litter,2,15,0.25,25,14573.5,3.169815,AB,2.1591825,2.88242925,2.924745,-1.9141125,24
75,2022_09_02_REH_lim_exp2_050,Litter,3,15,0.25,25,17384.6,3.422814,AB,2.1591825,2.88242925,2.924745,-1.6611135,24
76,2022_09_02_REH_lim_exp2_051,Litter,4,15,0.25,25,7063.7,2.493933,AB,2.1591825,2.88242925,2.924745,-2.5899945,24
77,2022_09_02_REH_lim_exp2_052,Litter,5,15,0.25,25,7615.4,2.543586,AB,2.1591825,2.88242925,2.924745,-2.5403415,24
78,2022_09_02_REH_lim_exp2_053,Litter,6,15,0.25,25,4792.8,2.289552,AB,2.1591825,2.88242925,2.924745,-2.7943755,24
79,2022_09_02_REH_lim_exp2_054,Litter,7,15,0.25,25,10895.6,2.838804,AB,2.1591825,2.88242925,2.924745,-2.2451235,24
80,2022_09_02_REH_lim_exp2_055,Litter,8,15,0.25,25,16869.3,3.376437,AB,2.1591825,2.88242925,2.924745,-1.7074905,24
81,2022_09_02_REH_lim_exp2_056,Litter,9,15,0.25,25,9713,2.73237,AB,2.1591825,2.88242925,2.924745,-2.3515575,24
82,2022_09_02_REH_lim_exp2_058,Litter,1,15,0.5,50,12577.5,2.990175,AB,2.1591825,2.88242925,2.924745,-2.0937525,24
83,2022_09_02_REH_lim_exp2_059,Litter,2,15,0.5,50,13513.6,3.074424,AB,2.1591825,2.88242925,2.924745,-2.0095035,24
84,2022_09_02_REH_lim_exp2_060,Litter,3,15,0.5,50,12009.8,2.939082,AB,2.1591825,2.88242925,2.924745,-2.1448455,24
85,2022_09_02_REH_lim_exp2_061,Litter,4,15,0.5,50,16521.2,3.345108,AB,2.1591825,2.88242925,2.924745,-1.7388195,24
86,2022_09_02_REH_lim_exp2_062,Litter,5,15,0.5,50,9364.5,2.701005,AB,2.1591825,2.88242925,2.924745,-2.3829225,24
87,2022_09_02_REH_lim_exp2_063,Litter,6,15,0.5,50,11415,2.88555,AB,2.1591825,2.88242925,2.924745,-2.1983775,24
88,2022_09_02_REH_lim_exp2_064,Litter,7,15,0.5,50,4566.6,2.269194,AB,2.1591825,2.88242925,2.924745,-2.8147335,24
89,2022_09_02_REH_lim_exp2_065,Litter,8,15,0.5,50,11243.1,2.870079,AB,2.1591825,2.88242925,2.924745,-2.2138485,24
90,2022_09_02_REH_lim_exp2_066,Litter,9,15,0.5,50,9583.7,2.720733,AB,2.1591825,2.88242925,2.924745,-2.3631945,24
91,2022_09_02_REH_lim_exp2_068,Litter,1,15,1,100,23075.2,3.934968,AB,2.1591825,2.88242925,2.924745,-1.1489595,24
92,2022_09_02_REH_lim_exp2_069,Litter,2,15,1,100,9785.6,2.738904,AB,2.1591825,2.88242925,2.924745,-2.3450235,24
93,2022_09_02_REH_lim_exp2_070,Litter,3,15,1,100,17816.1,3.461649,AB,2.1591825,2.88242925,2.924745,-1.6222785,24
94,2022_09_02_REH_lim_exp2_071,Litter,4,15,1,100,12580.4,2.990436,AB,2.1591825,2.88242925,2.924745,-2.0934915,24
95,2022_09_02_REH_lim_exp2_072,Litter,5,15,1,100,6700.5,2.461245,AB,2.1591825,2.88242925,2.924745,-2.6226825,24
96,2022_09_02_REH_lim_exp2_073,Litter,6,15,1,100,8824.7,2.652423,AB,2.1591825,2.88242925,2.924745,-2.4315045,24
97,2022_09_02_REH_lim_exp2_074,Litter,7,15,1,100,11695.8,2.910822,AB,2.1591825,2.88242925,2.924745,-2.1731055,24
98,2022_09_02_REH_lim_exp2_075,Litter,8,15,1,100,8170.2,2.593518,AB,2.1591825,2.88242925,2.924745,-2.4904095,24
99,2022_09_02_REH_lim_exp2_076,Litter,9,15,1,100,28666.7,4.438203,AB,2.1591825,2.88242925,2.924745,-0.6457245,24
100,2022_09_02_REH_lim_exp2_078,Litter,1,15,1.5,150,15359.8,3.240582,AB,2.1591825,2.88242925,2.924745,-1.8433455,24
101,2022_09_02_REH_lim_exp2_079,Litter,2,15,1.5,150,13835.4,3.103386,AB,2.1591825,2.88242925,2.924745,-1.9805415,24
102,2022_09_02_REH_lim_exp2_080,Litter,3,15,1.5,150,16912.4,3.380316,AB,2.1591825,2.88242925,2.924745,-1.7036115,24
103,2022_09_02_REH_lim_exp2_081,Litter,4,15,1.5,150,25007.1,4.108839,AB,2.1591825,2.88242925,2.924745,-0.9750885,24
104,2022_09_02_REH_lim_exp2_082,Litter,5,15,1.5,150,25282.7,4.133643,AB,2.1591825,2.88242925,2.924745,-0.9502845,24
105,2022_09_02_REH_lim_exp2_083,Litter,6,15,1.5,150,6188.6,2.415174,AB,2.1591825,2.88242925,2.924745,-2.6687535,24
106,2022_09_02_REH_lim_exp2_084,Litter,7,15,1.5,150,45407.8,5.944902,AB,2.1591825,2.88242925,2.924745,0.8609745,24
107,2022_09_02_REH_lim_exp2_085,Litter,8,15,1.5,150,19269.6,3.592464,AB,2.1591825,2.88242925,2.924745,-1.4914635,24
108,2022_09_02_REH_lim_exp2_086,Litter,9,15,1.5,150,30577.1,4.610139,AB,2.1591825,2.88242925,2.924745,-0.4737885,24
253,2022_09_06_REH_lim_exp2_052,Litter,1,25,0.25,25,35135.3,4.941724,A,6.220324,3.594198,3.580336,-4.858936,24
254,2022_09_06_REH_lim_exp2_053,Litter,2,25,0.25,25,31483.5,4.64958,A,6.220324,3.594198,3.580336,-5.15108,24
255,2022_09_06_REH_lim_exp2_054,Litter,3,25,0.25,25,20233.3,3.749564,A,6.220324,3.594198,3.580336,-6.051096,24
256,2022_09_06_REH_lim_exp2_055,Litter,4,25,0.25,25,19833.2,3.717556,A,6.220324,3.594198,3.580336,-6.083104,24
257,2022_09_06_REH_lim_exp2_056,Litter,5,25,0.25,25,31456.2,4.647396,A,6.220324,3.594198,3.580336,-5.153264,24
258,2022_09_06_REH_lim_exp2_057,Litter,6,25,0.25,25,20259.7,3.751676,A,6.220324,3.594198,3.580336,-6.048984,24
259,2022_09_06_REH_lim_exp2_058,Litter,7,25,0.25,25,19753.3,3.711164,A,6.220324,3.594198,3.580336,-6.089496,24
260,2022_09_06_REH_lim_exp2_059,Litter,8,25,0.25,25,21639,3.86202,A,6.220324,3.594198,3.580336,-5.93864,24
261,2022_09_06_REH_lim_exp2_060,Litter,9,25,0.25,25,21953.2,3.887156,A,6.220324,3.594198,3.580336,-5.913504,24
262,2022_09_06_REH_lim_exp2_062,Litter,1,25,0.5,50,35394.8,4.962484,A,6.220324,3.594198,3.580336,-4.838176,24
263,2022_09_06_REH_lim_exp2_063,Litter,2,25,0.5,50,31125.3,4.620924,A,6.220324,3.594198,3.580336,-5.179736,24
264,2022_09_06_REH_lim_exp2_064,Litter,3,25,0.5,50,39595.6,5.298548,A,6.220324,3.594198,3.580336,-4.502112,24
265,2022_09_06_REH_lim_exp2_065,Litter,4,25,0.5,50,33565.7,4.816156,A,6.220324,3.594198,3.580336,-4.984504,24
266,2022_09_06_REH_lim_exp2_066,Litter,5,25,0.5,50,35489.4,4.970052,A,6.220324,3.594198,3.580336,-4.830608,24
267,2022_09_06_REH_lim_exp2_067,Litter,6,25,0.5,50,42369.9,5.520492,A,6.220324,3.594198,3.580336,-4.280168,24
268,2022_09_06_REH_lim_exp2_068,Litter,7,25,0.5,50,57581.3,6.737404,A,6.220324,3.594198,3.580336,-3.063256,24
269,2022_09_06_REH_lim_exp2_069,Litter,8,25,0.5,50,25438.6,4.165988,A,6.220324,3.594198,3.580336,-5.634672,24
270,2022_09_06_REH_lim_exp2_070,Litter,9,25,0.5,50,35254.5,4.95126,A,6.220324,3.594198,3.580336,-4.8494,24
271,2022_09_06_REH_lim_exp2_072,Litter,1,25,1,100,79751,8.51098,A,6.220324,3.594198,3.580336,-1.28968,24
272,2022_09_06_REH_lim_exp2_073,Litter,2,25,1,100,79039.1,8.454028,A,6.220324,3.594198,3.580336,-1.346632,24
273,2022_09_06_REH_lim_exp2_074,Litter,3,25,1,100,46254.6,5.831268,A,6.220324,3.594198,3.580336,-3.969392,24
274,2022_09_06_REH_lim_exp2_075,Litter,4,25,1,100,148114.6,13.980068,A,6.220324,3.594198,3.580336,4.179408,24
275,2022_09_06_REH_lim_exp2_076,Litter,5,25,1,100,76915.1,8.284108,A,6.220324,3.594198,3.580336,-1.516552,24
276,2022_09_06_REH_lim_exp2_077,Litter,6,25,1,100,34446.7,4.886636,A,6.220324,3.594198,3.580336,-4.914024,24
277,2022_09_06_REH_lim_exp2_078,Litter,7,25,1,100,55218.8,6.548404,A,6.220324,3.594198,3.580336,-3.252256,24
278,2022_09_06_REH_lim_exp2_079,Litter,8,25,1,100,112373.1,11.120748,A,6.220324,3.594198,3.580336,1.320088,24
279,2022_09_06_REH_lim_exp2_080,Litter,9,25,1,100,88399.6,9.202868,A,6.220324,3.594198,3.580336,-0.597792,24
280,2022_09_06_REH_lim_exp2_082,Litter,1,25,1.5,150,5612.8,2.579924,A,6.220324,3.594198,3.580336,-7.220736,24
281,2022_09_06_REH_lim_exp2_083,Litter,2,25,1.5,150,132347.2,12.718676,A,6.220324,3.594198,3.580336,2.918016,24
282,2022_09_06_REH_lim_exp2_084,Litter,3,25,1.5,150,56243,6.63034,A,6.220324,3.594198,3.580336,-3.17032,24
283,2022_09_06_REH_lim_exp2_085,Litter,4,25,1.5,150,51436.1,6.245788,A,6.220324,3.594198,3.580336,-3.554872,24
284,2022_09_06_REH_lim_exp2_086,Litter,5,25,1.5,150,33693.5,4.82638,A,6.220324,3.594198,3.580336,-4.97428,24
285,2022_09_06_REH_lim_exp2_087,Litter,6,25,1.5,150,16947.9,3.486732,A,6.220324,3.594198,3.580336,-6.313928,24
286,2022_09_06_REH_lim_exp2_088,Litter,7,25,1.5,150,25362.6,4.159908,A,6.220324,3.594198,3.580336,-5.640752,24
287,2022_09_06_REH_lim_exp2_089,Litter,8,25,1.5,150,22357.5,3.9195,A,6.220324,3.594198,3.580336,-5.88116,24
288,2022_09_06_REH_lim_exp2_090,Litter,9,25,1.5,150,18519.9,3.612492,A,6.220324,3.594198,3.580336,-6.188168,24
397,2022_09_08_REH_lim_exp2_103,Litter,1,35,0.25,25,190335.7,17.078756,A,6.220324,12.612708,12.570904,-1.712472,24.5
398,2022_09_08_REH_lim_exp2_104,Litter,2,35,0.25,25,178284.9,16.114692,A,6.220324,12.612708,12.570904,-2.676536,24.5
399,2022_09_08_REH_lim_exp2_105,Litter,3,35,0.25,25,217746,19.27158,A,6.220324,12.612708,12.570904,0.480352,24.5
400,2022_09_08_REH_lim_exp2_106,Litter,4,35,0.25,25,83300.4,8.515932,A,6.220324,12.612708,12.570904,-10.275296,24.5
401,2022_09_08_REH_lim_exp2_107,Litter,5,35,0.25,25,126359.5,11.96066,A,6.220324,12.612708,12.570904,-6.830568,24.5
402,2022_09_08_REH_lim_exp2_108,Litter,6,35,0.25,25,123841.2,11.759196,A,6.220324,12.612708,12.570904,-7.032032,24.5
403,2022_09_08_REH_lim_exp2_109,Litter,7,35,0.25,25,84143.9,8.583412,A,6.220324,12.612708,12.570904,-10.207816,24.5
404,2022_09_08_REH_lim_exp2_110,Litter,8,35,0.25,25,105365.7,10.281156,A,6.220324,12.612708,12.570904,-8.510072,24.5
405,2022_09_08_REH_lim_exp2_111,Litter,9,35,0.25,25,48351,5.71998,A,6.220324,12.612708,12.570904,-13.071248,24.5
406,2022_09_08_REH_lim_exp2_113,Litter,1,35,0.5,50,147097,13.61966,A,6.220324,12.612708,12.570904,-5.171568,24.5
407,2022_09_08_REH_lim_exp2_114,Litter,2,35,0.5,50,135344.4,12.679452,A,6.220324,12.612708,12.570904,-6.111776,24.5
408,2022_09_08_REH_lim_exp2_115,Litter,3,35,0.5,50,143238.8,13.311004,A,6.220324,12.612708,12.570904,-5.480224,24.5
409,2022_09_08_REH_lim_exp2_116,Litter,4,35,0.5,50,149082.6,13.778508,A,6.220324,12.612708,12.570904,-5.01272,24.5
410,2022_09_08_REH_lim_exp2_117,Litter,5,35,0.5,50,38874.5,4.96186,A,6.220324,12.612708,12.570904,-13.829368,24.5
411,2022_09_08_REH_lim_exp2_118,Litter,6,35,0.5,50,57110.2,6.420716,A,6.220324,12.612708,12.570904,-12.370512,24.5
412,2022_09_08_REH_lim_exp2_119,Litter,7,35,0.5,50,285237,24.67086,A,6.220324,12.612708,12.570904,5.879632,24.5
413,2022_09_08_REH_lim_exp2_120,Litter,8,35,0.5,50,188622,16.94166,A,6.220324,12.612708,12.570904,-1.849568,24.5
414,2022_09_08_REH_lim_exp2_121,Litter,9,35,0.5,50,170960.2,15.528716,A,6.220324,12.612708,12.570904,-3.262512,24.5
415,2022_09_08_REH_lim_exp2_123,Litter,1,35,1,100,284392,24.60326,A,6.220324,12.612708,12.570904,5.812032,24.5
416,2022_09_08_REH_lim_exp2_124,Litter,2,35,1,100,308144.2,26.503436,A,6.220324,12.612708,12.570904,7.712208,24.5
417,2022_09_08_REH_lim_exp2_125,Litter,3,35,1,100,111135.6,10.742748,A,6.220324,12.612708,12.570904,-8.04848,24.5
418,2022_09_08_REH_lim_exp2_126,Litter,4,35,1,100,186572.8,16.777724,A,6.220324,12.612708,12.570904,-2.013504,24.5
419,2022_09_08_REH_lim_exp2_127,Litter,5,35,1,100,159810.1,14.636708,A,6.220324,12.612708,12.570904,-4.15452,24.5
420,2022_09_08_REH_lim_exp2_128,Litter,6,35,1,100,254044.1,22.175428,A,6.220324,12.612708,12.570904,3.3842,24.5
421,2022_09_08_REH_lim_exp2_129,Litter,7,35,1,100,306829.1,26.398228,A,6.220324,12.612708,12.570904,7.607,24.5
422,2022_09_08_REH_lim_exp2_130,Litter,8,35,1,100,139071.3,12.977604,A,6.220324,12.612708,12.570904,-5.813624,24.5
423,2022_09_08_REH_lim_exp2_131,Litter,9,35,1,100,203366.5,18.12122,A,6.220324,12.612708,12.570904,-0.670008,24.5
424,2022_09_08_REH_lim_exp2_133,Litter,1,35,1.5,150,315786.3,27.114804,A,6.220324,12.612708,12.570904,8.323576,24.5
425,2022_09_08_REH_lim_exp2_134,Litter,2,35,1.5,150,141128.3,13.142164,A,6.220324,12.612708,12.570904,-5.649064,24.5
426,2022_09_08_REH_lim_exp2_135,Litter,3,35,1.5,150,259813.5,22.63698,A,6.220324,12.612708,12.570904,3.845752,24.5
427,2022_09_08_REH_lim_exp2_136,Litter,4,35,1.5,150,103112.5,10.1009,A,6.220324,12.612708,12.570904,-8.690328,24.5
428,2022_09_08_REH_lim_exp2_137,Litter,5,35,1.5,150,277276.4,24.034012,A,6.220324,12.612708,12.570904,5.242784,24.5
429,2022_09_08_REH_lim_exp2_138,Litter,6,35,1.5,150,179932.2,16.246476,A,6.220324,12.612708,12.570904,-2.544752,24.5
430,2022_09_08_REH_lim_exp2_139,Litter,7,35,1.5,150,188900.3,16.963924,A,6.220324,12.612708,12.570904,-1.827304,24.5
431,2022_09_08_REH_lim_exp2_140,Litter,8,35,1.5,150,138962.4,12.968892,A,6.220324,12.612708,12.570904,-5.822336,24.5
432,2022_09_08_REH_lim_exp2_141,Litter,9,35,1.5,150,253298.6,22.115788,A,6.220324,12.612708,12.570904,3.32456,24.5
172,2022_09_05_REH_lim_exp2_049,Soil,1,5,0.1,10,5000.4,2.530932,AB,2.1591825,2.580342,2.48192,-2.1101705,23.75
173,2022_09_05_REH_lim_exp2_058,Soil,3,5,0.1,10,4776.5,2.51302,AB,2.1591825,2.580342,2.48192,-2.1280825,23.75
174,2022_09_05_REH_lim_exp2_059,Soil,2,5,0.1,10,5387.4,2.561892,AB,2.1591825,2.580342,2.48192,-2.0792105,23.75
175,2022_09_05_REH_lim_exp2_060,Soil,4,5,0.1,10,102111.3,10.299804,AB,2.1591825,2.580342,2.48192,5.6587015,23.75
176,2022_09_05_REH_lim_exp2_061,Soil,5,5,0.1,10,6554,2.65522,AB,2.1591825,2.580342,2.48192,-1.9858825,23.75
177,2022_09_05_REH_lim_exp2_062,Soil,6,5,0.1,10,33648.2,4.822756,AB,2.1591825,2.580342,2.48192,0.1816535,23.75
178,2022_09_05_REH_lim_exp2_063,Soil,7,5,0.1,10,7347,2.71866,AB,2.1591825,2.580342,2.48192,-1.9224425,23.75
179,2022_09_05_REH_lim_exp2_064,Soil,8,5,0.1,10,11603.6,3.059188,AB,2.1591825,2.580342,2.48192,-1.5819145,23.75
180,2022_09_05_REH_lim_exp2_065,Soil,9,5,0.1,10,3863.2,2.439956,AB,2.1591825,2.580342,2.48192,-2.2011465,23.75
145,2022_09_05_REH_lim_exp2_019,Soil,1,5,0.25,25,7921.2,2.764596,AB,2.1591825,2.580342,2.48192,-1.8765065,23.75
146,2022_09_05_REH_lim_exp2_020,Soil,2,5,0.25,25,5855.5,2.59934,AB,2.1591825,2.580342,2.48192,-2.0417625,23.75
147,2022_09_05_REH_lim_exp2_021,Soil,3,5,0.25,25,22266,3.91218,AB,2.1591825,2.580342,2.48192,-0.7289225,23.75
148,2022_09_05_REH_lim_exp2_022,Soil,4,5,0.25,25,6021.9,2.612652,AB,2.1591825,2.580342,2.48192,-2.0284505,23.75
149,2022_09_05_REH_lim_exp2_023,Soil,5,5,0.25,25,5825.1,2.596908,AB,2.1591825,2.580342,2.48192,-2.0441945,23.75
150,2022_09_05_REH_lim_exp2_024,Soil,6,5,0.25,25,8814.2,2.836036,AB,2.1591825,2.580342,2.48192,-1.8050665,23.75
151,2022_09_05_REH_lim_exp2_025,Soil,7,5,0.25,25,6308.4,2.635572,AB,2.1591825,2.580342,2.48192,-2.0055305,23.75
152,2022_09_05_REH_lim_exp2_026,Soil,8,5,0.25,25,7713.6,2.747988,AB,2.1591825,2.580342,2.48192,-1.8931145,23.75
153,2022_09_05_REH_lim_exp2_027,Soil,9,5,0.25,25,6911,2.68378,AB,2.1591825,2.580342,2.48192,-1.9573225,23.75
154,2022_09_05_REH_lim_exp2_029,Soil,1,5,0.5,50,6265,2.6321,AB,2.1591825,2.580342,2.48192,-2.0090025,23.75
155,2022_09_05_REH_lim_exp2_030,Soil,2,5,0.5,50,17099.5,3.49886,AB,2.1591825,2.580342,2.48192,-1.1422425,23.75
156,2022_09_05_REH_lim_exp2_031,Soil,3,5,0.5,50,6140.3,2.622124,AB,2.1591825,2.580342,2.48192,-2.0189785,23.75
157,2022_09_05_REH_lim_exp2_032,Soil,4,5,0.5,50,6267.6,2.632308,AB,2.1591825,2.580342,2.48192,-2.0087945,23.75
158,2022_09_05_REH_lim_exp2_033,Soil,5,5,0.5,50,4214.1,2.468028,AB,2.1591825,2.580342,2.48192,-2.1730745,23.75
159,2022_09_05_REH_lim_exp2_034,Soil,6,5,0.5,50,9545,2.8945,AB,2.1591825,2.580342,2.48192,-1.7466025,23.75
160,2022_09_05_REH_lim_exp2_035,Soil,7,5,0.5,50,11060.7,3.015756,AB,2.1591825,2.580342,2.48192,-1.6253465,23.75
161,2022_09_05_REH_lim_exp2_036,Soil,8,5,0.5,50,4758.2,2.511556,AB,2.1591825,2.580342,2.48192,-2.1295465,23.75
162,2022_09_05_REH_lim_exp2_037,Soil,9,5,0.5,50,9503,2.89114,AB,2.1591825,2.580342,2.48192,-1.7499625,23.75
163,2022_09_05_REH_lim_exp2_039,Soil,1,5,1,100,10297.2,2.954676,AB,2.1591825,2.580342,2.48192,-1.6864265,23.75
164,2022_09_05_REH_lim_exp2_040,Soil,2,5,1,100,15182.7,3.345516,AB,2.1591825,2.580342,2.48192,-1.2955865,23.75
165,2022_09_05_REH_lim_exp2_041,Soil,3,5,1,100,15498.9,3.370812,AB,2.1591825,2.580342,2.48192,-1.2702905,23.75
166,2022_09_05_REH_lim_exp2_042,Soil,4,5,1,100,102989.7,10.370076,AB,2.1591825,2.580342,2.48192,5.7289735,23.75
167,2022_09_05_REH_lim_exp2_043,Soil,5,5,1,100,17790.5,3.55414,AB,2.1591825,2.580342,2.48192,-1.0869625,23.75
168,2022_09_05_REH_lim_exp2_044,Soil,6,5,1,100,7696.5,2.74662,AB,2.1591825,2.580342,2.48192,-1.8944825,23.75
169,2022_09_05_REH_lim_exp2_045,Soil,7,5,1,100,3464.5,2.40806,AB,2.1591825,2.580342,2.48192,-2.2330425,23.75
170,2022_09_05_REH_lim_exp2_046,Soil,8,5,1,100,9275.4,2.872932,AB,2.1591825,2.580342,2.48192,-1.7681705,23.75
171,2022_09_05_REH_lim_exp2_047,Soil,9,5,1,100,20086.9,3.737852,AB,2.1591825,2.580342,2.48192,-0.9032505,23.75
28,2022_09_01_REH_lim_exp2_047,Soil,1,15,0.1,10,8755.9,2.646231,AB,2.1591825,5.4895155,5.306235,-4.8191865,24.5
29,2022_09_01_REH_lim_exp2_048,Soil,2,15,0.1,10,6477.8,2.441202,AB,2.1591825,5.4895155,5.306235,-5.0242155,24.5
30,2022_09_01_REH_lim_exp2_049,Soil,3,15,0.1,10,5248.5,2.330565,AB,2.1591825,5.4895155,5.306235,-5.1348525,24.5
31,2022_09_01_REH_lim_exp2_050,Soil,4,15,0.1,10,1164.5,1.963005,AB,2.1591825,5.4895155,5.306235,-5.5024125,24.5
32,2022_09_01_REH_lim_exp2_051,Soil,5,15,0.1,10,3345.6,2.159304,AB,2.1591825,5.4895155,5.306235,-5.3061135,24.5
33,2022_09_01_REH_lim_exp2_052,Soil,6,15,0.1,10,63071.8,7.534662,AB,2.1591825,5.4895155,5.306235,0.0692445,24.5
34,2022_09_01_REH_lim_exp2_053,Soil,7,15,0.1,10,2491.6,2.082444,AB,2.1591825,5.4895155,5.306235,-5.3829735,24.5
35,2022_09_01_REH_lim_exp2_054,Soil,8,15,0.1,10,5339.6,2.338764,AB,2.1591825,5.4895155,5.306235,-5.1266535,24.5
36,2022_09_01_REH_lim_exp2_055,Soil,9,15,0.1,10,6844.6,2.474214,AB,2.1591825,5.4895155,5.306235,-4.9912035,24.5
1,2022_09_01_REH_lim_exp2_017,Soil,1,15,0.25,25,10061.4,2.763726,AB,2.1591825,5.4895155,5.306235,-4.7016915,24.5
2,2022_09_01_REH_lim_exp2_018,Soil,2,15,0.25,25,13270.1,3.052509,AB,2.1591825,5.4895155,5.306235,-4.4129085,24.5
3,2022_09_01_REH_lim_exp2_019,Soil,3,15,0.25,25,5336.8,2.338512,AB,2.1591825,5.4895155,5.306235,-5.1269055,24.5
4,2022_09_01_REH_lim_exp2_020,Soil,4,15,0.25,25,21633.5,3.805215,AB,2.1591825,5.4895155,5.306235,-3.6602025,24.5
5,2022_09_01_REH_lim_exp2_021,Soil,5,15,0.25,25,30594.2,4.611678,AB,2.1591825,5.4895155,5.306235,-2.8537395,24.5
6,2022_09_01_REH_lim_exp2_022,Soil,6,15,0.25,25,19306.7,3.595803,AB,2.1591825,5.4895155,5.306235,-3.8696145,24.5
7,2022_09_01_REH_lim_exp2_023,Soil,7,15,0.25,25,180583.6,18.110724,AB,2.1591825,5.4895155,5.306235,10.6453065,24.5
8,2022_09_01_REH_lim_exp2_024,Soil,8,15,0.25,25,23271.5,3.952635,AB,2.1591825,5.4895155,5.306235,-3.5127825,24.5
9,2022_09_01_REH_lim_exp2_025,Soil,9,15,0.25,25,11004.6,2.848614,AB,2.1591825,5.4895155,5.306235,-4.6168035,24.5
10,2022_09_01_REH_lim_exp2_027,Soil,1,15,0.5,50,13857.4,3.105366,AB,2.1591825,5.4895155,5.306235,-4.3600515,24.5
11,2022_09_01_REH_lim_exp2_028,Soil,2,15,0.5,50,16461,3.33969,AB,2.1591825,5.4895155,5.306235,-4.1257275,24.5
12,2022_09_01_REH_lim_exp2_029,Soil,3,15,0.5,50,15515.9,3.254631,AB,2.1591825,5.4895155,5.306235,-4.2107865,24.5
13,2022_09_01_REH_lim_exp2_030,Soil,4,15,0.5,50,8023.6,2.580324,AB,2.1591825,5.4895155,5.306235,-4.8850935,24.5
14,2022_09_01_REH_lim_exp2_031,Soil,5,15,0.5,50,11478.9,2.891301,AB,2.1591825,5.4895155,5.306235,-4.5741165,24.5
15,2022_09_01_REH_lim_exp2_032,Soil,6,15,0.5,50,16688,3.36012,AB,2.1591825,5.4895155,5.306235,-4.1052975,24.5
16,2022_09_01_REH_lim_exp2_033,Soil,7,15,0.5,50,8065.1,2.584059,AB,2.1591825,5.4895155,5.306235,-4.8813585,24.5
17,2022_09_01_REH_lim_exp2_034,Soil,8,15,0.5,50,3602.6,2.182434,AB,2.1591825,5.4895155,5.306235,-5.2829835,24.5
18,2022_09_01_REH_lim_exp2_035,Soil,9,15,0.5,50,8375,2.61195,AB,2.1591825,5.4895155,5.306235,-4.8534675,24.5
19,2022_09_01_REH_lim_exp2_037,Soil,1,15,1,100,12343.8,2.969142,AB,2.1591825,5.4895155,5.306235,-4.4962755,24.5
20,2022_09_01_REH_lim_exp2_038,Soil,2,15,1,100,11525.4,2.895486,AB,2.1591825,5.4895155,5.306235,-4.5699315,24.5
21,2022_09_01_REH_lim_exp2_039,Soil,3,15,1,100,27678.3,4.349247,AB,2.1591825,5.4895155,5.306235,-3.1161705,24.5
22,2022_09_01_REH_lim_exp2_040,Soil,4,15,1,100,10673.8,2.818842,AB,2.1591825,5.4895155,5.306235,-4.6465755,24.5
23,2022_09_01_REH_lim_exp2_041,Soil,5,15,1,100,6659.2,2.457528,AB,2.1591825,5.4895155,5.306235,-5.0078895,24.5
24,2022_09_01_REH_lim_exp2_042,Soil,6,15,1,100,8487.7,2.622093,AB,2.1591825,5.4895155,5.306235,-4.8433245,24.5
25,2022_09_01_REH_lim_exp2_043,Soil,7,15,1,100,13083.9,3.035751,AB,2.1591825,5.4895155,5.306235,-4.4296665,24.5
26,2022_09_01_REH_lim_exp2_044,Soil,8,15,1,100,8215.4,2.597586,AB,2.1591825,5.4895155,5.306235,-4.8678315,24.5
27,2022_09_01_REH_lim_exp2_045,Soil,9,15,1,100,8424.9,2.616441,AB,2.1591825,5.4895155,5.306235,-4.8489765,24.5
244,2022_09_06_REH_lim_exp2_034,Soil,1,25,0.1,10,13399.4,3.202852,A,6.220324,2.918506,2.68276,-5.700232,24
245,2022_09_06_REH_lim_exp2_035,Soil,2,25,0.1,10,7064.9,2.696092,A,6.220324,2.918506,2.68276,-6.206992,24
246,2022_09_06_REH_lim_exp2_036,Soil,3,25,0.1,10,23589.4,4.018052,A,6.220324,2.918506,2.68276,-4.885032,24
247,2022_09_06_REH_lim_exp2_037,Soil,4,25,0.1,10,6923.4,2.684772,A,6.220324,2.918506,2.68276,-6.218312,24
248,2022_09_06_REH_lim_exp2_038,Soil,5,25,0.1,10,15887.9,3.401932,A,6.220324,2.918506,2.68276,-5.501152,24
249,2022_09_06_REH_lim_exp2_039,Soil,6,25,0.1,10,44058.6,5.655588,A,6.220324,2.918506,2.68276,-3.247496,24
250,2022_09_06_REH_lim_exp2_040,Soil,7,25,0.1,10,14260,3.2717,A,6.220324,2.918506,2.68276,-5.631384,24
251,2022_09_06_REH_lim_exp2_041,Soil,8,25,0.1,10,10919.8,3.004484,A,6.220324,2.918506,2.68276,-5.8986,24
252,2022_09_06_REH_lim_exp2_042,Soil,9,25,0.1,10,7762.2,2.751876,A,6.220324,2.918506,2.68276,-6.151208,24
217,2022_09_06_REH_lim_exp2_004,Soil,1,25,0.25,25,14975.4,3.328932,A,6.220324,2.918506,2.68276,-5.574152,24
218,2022_09_06_REH_lim_exp2_005,Soil,2,25,0.25,25,9077.8,2.857124,A,6.220324,2.918506,2.68276,-6.04596,24
219,2022_09_06_REH_lim_exp2_006,Soil,3,25,0.25,25,5887.7,2.601916,A,6.220324,2.918506,2.68276,-6.301168,24
220,2022_09_06_REH_lim_exp2_007,Soil,4,25,0.25,25,10616.6,2.980228,A,6.220324,2.918506,2.68276,-5.922856,24
221,2022_09_06_REH_lim_exp2_008,Soil,5,25,0.25,25,9456.4,2.887412,A,6.220324,2.918506,2.68276,-6.015672,24
222,2022_09_06_REH_lim_exp2_009,Soil,6,25,0.25,25,12530.2,3.133316,A,6.220324,2.918506,2.68276,-5.769768,24
223,2022_09_06_REH_lim_exp2_010,Soil,7,25,0.25,25,59169.3,6.864444,A,6.220324,2.918506,2.68276,-2.03864,24
224,2022_09_06_REH_lim_exp2_011,Soil,8,25,0.25,25,8793.2,2.834356,A,6.220324,2.918506,2.68276,-6.068728,24
225,2022_09_06_REH_lim_exp2_012,Soil,9,25,0.25,25,12094.2,3.098436,A,6.220324,2.918506,2.68276,-5.804648,24
226,2022_09_06_REH_lim_exp2_014,Soil,1,25,0.5,50,2146.2,2.302596,A,6.220324,2.918506,2.68276,-6.600488,24
227,2022_09_06_REH_lim_exp2_015,Soil,2,25,0.5,50,92261.9,9.511852,A,6.220324,2.918506,2.68276,0.608768,24
228,2022_09_06_REH_lim_exp2_016,Soil,3,25,0.5,50,17137.5,3.5019,A,6.220324,2.918506,2.68276,-5.401184,24
229,2022_09_06_REH_lim_exp2_017,Soil,4,25,0.5,50,2445.6,2.326548,A,6.220324,2.918506,2.68276,-6.576536,24
230,2022_09_06_REH_lim_exp2_018,Soil,5,25,0.5,50,4494,2.49042,A,6.220324,2.918506,2.68276,-6.412664,24
231,2022_09_06_REH_lim_exp2_019,Soil,6,25,0.5,50,29710.9,4.507772,A,6.220324,2.918506,2.68276,-4.395312,24
232,2022_09_06_REH_lim_exp2_020,Soil,7,25,0.5,50,6983,2.68954,A,6.220324,2.918506,2.68276,-6.213544,24
233,2022_09_06_REH_lim_exp2_021,Soil,8,25,0.5,50,15017.6,3.332308,A,6.220324,2.918506,2.68276,-5.570776,24
234,2022_09_06_REH_lim_exp2_022,Soil,9,25,0.5,50,36995.3,5.090524,A,6.220324,2.918506,2.68276,-3.81256,24
235,2022_09_06_REH_lim_exp2_024,Soil,1,25,1,100,28646.5,4.42262,A,6.220324,2.918506,2.68276,-4.480464,24
236,2022_09_06_REH_lim_exp2_025,Soil,2,25,1,100,88798.2,9.234756,A,6.220324,2.918506,2.68276,0.331672,24
237,2022_09_06_REH_lim_exp2_026,Soil,3,25,1,100,43466.4,5.608212,A,6.220324,2.918506,2.68276,-3.294872,24
238,2022_09_06_REH_lim_exp2_027,Soil,4,25,1,100,10606.5,2.97942,A,6.220324,2.918506,2.68276,-5.923664,24
239,2022_09_06_REH_lim_exp2_028,Soil,5,25,1,100,10028.8,2.933204,A,6.220324,2.918506,2.68276,-5.96988,24
240,2022_09_06_REH_lim_exp2_029,Soil,6,25,1,100,3375.9,2.400972,A,6.220324,2.918506,2.68276,-6.502112,24
241,2022_09_06_REH_lim_exp2_030,Soil,7,25,1,100,6706.4,2.667412,A,6.220324,2.918506,2.68276,-6.235672,24
242,2022_09_06_REH_lim_exp2_031,Soil,8,25,1,100,13641.8,3.222244,A,6.220324,2.918506,2.68276,-5.68084,24
243,2022_09_06_REH_lim_exp2_032,Soil,9,25,1,100,15780.5,3.39334,A,6.220324,2.918506,2.68276,-5.509744,24
361,2022_09_08_REH_lim_exp2_060,Soil,1,35,0.1,10,1026714.2,83.989036,A,6.220324,5.329488,2.69064,75.078072,24.25
362,2022_09_08_REH_lim_exp2_061,Soil,2,35,0.1,10,2511964,202.80902,A,6.220324,5.329488,2.69064,193.898056,24.25
363,2022_09_08_REH_lim_exp2_062,Soil,3,35,0.1,10,39511.5,5.01282,A,6.220324,5.329488,2.69064,-3.898144,24.25
364,2022_09_08_REH_lim_exp2_063,Soil,4,35,0.1,10,15256.5,3.07242,A,6.220324,5.329488,2.69064,-5.838544,24.25
365,2022_09_08_REH_lim_exp2_064,Soil,5,35,0.1,10,14371.9,3.001652,A,6.220324,5.329488,2.69064,-5.909312,24.25
366,2022_09_08_REH_lim_exp2_065,Soil,6,35,0.1,10,76369.8,7.961484,A,6.220324,5.329488,2.69064,-0.94948,24.25
367,2022_09_08_REH_lim_exp2_066,Soil,7,35,0.1,10,11145,2.7435,A,6.220324,5.329488,2.69064,-6.167464,24.25
368,2022_09_08_REH_lim_exp2_067,Soil,8,35,0.1,10,13491.7,2.931236,A,6.220324,5.329488,2.69064,-5.979728,24.25
369,2022_09_08_REH_lim_exp2_068,Soil,9,35,0.1,10,41122.3,5.141684,A,6.220324,5.329488,2.69064,-3.76928,24.25
388,2022_09_08_REH_lim_exp2_090,Soil,1,35,0.25,25,14725.1,3.029908,A,6.220324,5.329488,2.69064,-5.881056,24.25
389,2022_09_08_REH_lim_exp2_091,Soil,2,35,0.25,25,20005.5,3.45234,A,6.220324,5.329488,2.69064,-5.458624,24.25
390,2022_09_08_REH_lim_exp2_092,Soil,3,35,0.25,25,21550.9,3.575972,A,6.220324,5.329488,2.69064,-5.334992,24.25
391,2022_09_08_REH_lim_exp2_093,Soil,4,35,0.25,25,18504.7,3.332276,A,6.220324,5.329488,2.69064,-5.578688,24.25
392,2022_09_08_REH_lim_exp2_094,Soil,5,35,0.25,25,14158.7,2.984596,A,6.220324,5.329488,2.69064,-5.926368,24.25
393,2022_09_08_REH_lim_exp2_095,Soil,6,35,0.25,25,15182.5,3.0665,A,6.220324,5.329488,2.69064,-5.844464,24.25
394,2022_09_08_REH_lim_exp2_096,Soil,7,35,0.25,25,10617.6,2.701308,A,6.220324,5.329488,2.69064,-6.209656,24.25
395,2022_09_08_REH_lim_exp2_097,Soil,8,35,0.25,25,16947.7,3.207716,A,6.220324,5.329488,2.69064,-5.703248,24.25
396,2022_09_08_REH_lim_exp2_098,Soil,9,35,0.25,25,15506.3,3.092404,A,6.220324,5.329488,2.69064,-5.81856,24.25
379,2022_09_08_REH_lim_exp2_080,Soil,1,35,0.5,50,28575.1,4.137908,A,6.220324,5.329488,2.69064,-4.773056,24.25
380,2022_09_08_REH_lim_exp2_081,Soil,2,35,0.5,50,49585.6,5.818748,A,6.220324,5.329488,2.69064,-3.092216,24.25
381,2022_09_08_REH_lim_exp2_082,Soil,3,35,0.5,50,11903.8,2.804204,A,6.220324,5.329488,2.69064,-6.10676,24.25
382,2022_09_08_REH_lim_exp2_083,Soil,4,35,0.5,50,9180.3,2.586324,A,6.220324,5.329488,2.69064,-6.32464,24.25
383,2022_09_08_REH_lim_exp2_084,Soil,5,35,0.5,50,26721.7,3.989636,A,6.220324,5.329488,2.69064,-4.921328,24.25
384,2022_09_08_REH_lim_exp2_085,Soil,6,35,0.5,50,18513.4,3.332972,A,6.220324,5.329488,2.69064,-5.577992,24.25
385,2022_09_08_REH_lim_exp2_086,Soil,7,35,0.5,50,17136.1,3.222788,A,6.220324,5.329488,2.69064,-5.688176,24.25
386,2022_09_08_REH_lim_exp2_087,Soil,8,35,0.5,50,16643.6,3.183388,A,6.220324,5.329488,2.69064,-5.727576,24.25
387,2022_09_08_REH_lim_exp2_088,Soil,9,35,0.5,50,66127.8,7.142124,A,6.220324,5.329488,2.69064,-1.76884,24.25
370,2022_09_08_REH_lim_exp2_070,Soil,1,35,1,100,39105.4,4.980332,A,6.220324,5.329488,2.69064,-3.930632,24.25
371,2022_09_08_REH_lim_exp2_071,Soil,2,35,1,100,31350.6,4.359948,A,6.220324,5.329488,2.69064,-4.551016,24.25
372,2022_09_08_REH_lim_exp2_072,Soil,3,35,1,100,18521.5,3.33362,A,6.220324,5.329488,2.69064,-5.577344,24.25
373,2022_09_08_REH_lim_exp2_073,Soil,4,35,1,100,21089.8,3.539084,A,6.220324,5.329488,2.69064,-5.37188,24.25
374,2022_09_08_REH_lim_exp2_074,Soil,5,35,1,100,19531,3.41438,A,6.220324,5.329488,2.69064,-5.496584,24.25
375,2022_09_08_REH_lim_exp2_075,Soil,6,35,1,100,6005.3,2.332324,A,6.220324,5.329488,2.69064,-6.57864,24.25
376,2022_09_08_REH_lim_exp2_076,Soil,7,35,1,100,20402.4,3.484092,A,6.220324,5.329488,2.69064,-5.426872,24.25
377,2022_09_08_REH_lim_exp2_077,Soil,8,35,1,100,24325.8,3.797964,A,6.220324,5.329488,2.69064,-5.113,24.25
378,2022_09_08_REH_lim_exp2_078,Soil,9,35,1,100,28910.3,4.164724,A,6.220324,5.329488,2.69064,-4.74624,24.25
181,2022_09_05_REH_lim_exp2_070,Wood,1,5,0.25,25,5097.5,2.5387,AB,2.1591825,5.84379,5.040772,-4.6612545,24
182,2022_09_05_REH_lim_exp2_071,Wood,2,5,0.25,25,3937.6,2.445908,AB,2.1591825,5.84379,5.040772,-4.7540465,24
183,2022_09_05_REH_lim_exp2_072,Wood,3,5,0.25,25,4386.9,2.481852,AB,2.1591825,5.84379,5.040772,-4.7181025,24
184,2022_09_05_REH_lim_exp2_073,Wood,4,5,0.25,25,8915.4,2.844132,AB,2.1591825,5.84379,5.040772,-4.3558225,24
185,2022_09_05_REH_lim_exp2_074,Wood,5,5,0.25,25,5429.8,2.565284,AB,2.1591825,5.84379,5.040772,-4.6346705,24
186,2022_09_05_REH_lim_exp2_075,Wood,6,5,0.25,25,3921.2,2.444596,AB,2.1591825,5.84379,5.040772,-4.7553585,24
187,2022_09_05_REH_lim_exp2_076,Wood,7,5,0.25,25,22223.3,3.908764,AB,2.1591825,5.84379,5.040772,-3.2911905,24
188,2022_09_05_REH_lim_exp2_077,Wood,8,5,0.25,25,11376.8,3.041044,AB,2.1591825,5.84379,5.040772,-4.1589105,24
189,2022_09_05_REH_lim_exp2_078,Wood,9,5,0.25,25,74967.9,8.128332,AB,2.1591825,5.84379,5.040772,0.9283775,24
190,2022_09_05_REH_lim_exp2_080,Wood,1,5,0.5,50,2757.2,2.351476,AB,2.1591825,5.84379,5.040772,-4.8484785,24
191,2022_09_05_REH_lim_exp2_081,Wood,2,5,0.5,50,7630.5,2.74134,AB,2.1591825,5.84379,5.040772,-4.4586145,24
192,2022_09_05_REH_lim_exp2_082,Wood,3,5,0.5,50,2382,2.32146,AB,2.1591825,5.84379,5.040772,-4.8784945,24
193,2022_09_05_REH_lim_exp2_083,Wood,4,5,0.5,50,8683.1,2.825548,AB,2.1591825,5.84379,5.040772,-4.3744065,24
194,2022_09_05_REH_lim_exp2_084,Wood,5,5,0.5,50,4712,2.50786,AB,2.1591825,5.84379,5.040772,-4.6920945,24
195,2022_09_05_REH_lim_exp2_085,Wood,6,5,0.5,50,3107.2,2.379476,AB,2.1591825,5.84379,5.040772,-4.8204785,24
196,2022_09_05_REH_lim_exp2_086,Wood,7,5,0.5,50,5575.2,2.576916,AB,2.1591825,5.84379,5.040772,-4.6230385,24
197,2022_09_05_REH_lim_exp2_087,Wood,8,5,0.5,50,14678.4,3.305172,AB,2.1591825,5.84379,5.040772,-3.8947825,24
198,2022_09_05_REH_lim_exp2_088,Wood,9,5,0.5,50,27838.4,4.357972,AB,2.1591825,5.84379,5.040772,-2.8419825,24
199,2022_09_05_REH_lim_exp2_090,Wood,1,5,1,100,5027.4,2.533092,AB,2.1591825,5.84379,5.040772,-4.6668625,24
200,2022_09_05_REH_lim_exp2_091,Wood,2,5,1,100,6532.5,2.6535,AB,2.1591825,5.84379,5.040772,-4.5464545,24
201,2022_09_05_REH_lim_exp2_092,Wood,3,5,1,100,2430,2.3253,AB,2.1591825,5.84379,5.040772,-4.8746545,24
202,2022_09_05_REH_lim_exp2_093,Wood,4,5,1,100,7081.5,2.69742,AB,2.1591825,5.84379,5.040772,-4.5025345,24
203,2022_09_05_REH_lim_exp2_094,Wood,5,5,1,100,4422.7,2.484716,AB,2.1591825,5.84379,5.040772,-4.7152385,24
204,2022_09_05_REH_lim_exp2_095,Wood,6,5,1,100,3377.6,2.401108,AB,2.1591825,5.84379,5.040772,-4.7988465,24
205,2022_09_05_REH_lim_exp2_096,Wood,7,5,1,100,18778.3,3.633164,AB,2.1591825,5.84379,5.040772,-3.5667905,24
206,2022_09_05_REH_lim_exp2_097,Wood,8,5,1,100,64796.4,7.314612,AB,2.1591825,5.84379,5.040772,0.1146575,24
207,2022_09_05_REH_lim_exp2_098,Wood,9,5,1,100,31251.4,4.631012,AB,2.1591825,5.84379,5.040772,-2.5689425,24
208,2022_09_05_REH_lim_exp2_100,Wood,1,5,1.5,150,3397.4,2.402692,AB,2.1591825,5.84379,5.040772,-4.7972625,24
209,2022_09_05_REH_lim_exp2_101,Wood,2,5,1.5,150,6662.3,2.663884,AB,2.1591825,5.84379,5.040772,-4.5360705,24
210,2022_09_05_REH_lim_exp2_102,Wood,3,5,1.5,150,4447.5,2.4867,AB,2.1591825,5.84379,5.040772,-4.7132545,24
211,2022_09_05_REH_lim_exp2_103,Wood,4,5,1.5,150,1073.4,2.216772,AB,2.1591825,5.84379,5.040772,-4.9831825,24
212,2022_09_05_REH_lim_exp2_104,Wood,5,5,1.5,150,4911,2.52378,AB,2.1591825,5.84379,5.040772,-4.6761745,24
213,2022_09_05_REH_lim_exp2_105,Wood,6,5,1.5,150,7689.2,2.746036,AB,2.1591825,5.84379,5.040772,-4.4539185,24
214,2022_09_05_REH_lim_exp2_106,Wood,7,5,1.5,150,163330.7,15.197356,AB,2.1591825,5.84379,5.040772,7.9974015,24
215,2022_09_05_REH_lim_exp2_107,Wood,8,5,1.5,150,17950.4,3.566932,AB,2.1591825,5.84379,5.040772,-3.6330225,24
216,2022_09_05_REH_lim_exp2_108,Wood,9,5,1.5,150,5788.6,2.593988,AB,2.1591825,5.84379,5.040772,-4.6059665,24
37,2022_09_02_REH_lim_exp2_005,Wood,1,15,0.25,25,53465.4,6.670086,AB,2.1591825,2.70956625,2.730579,1.7803245,24.25
38,2022_09_02_REH_lim_exp2_006,Wood,2,15,0.25,25,15367.1,3.241239,AB,2.1591825,2.70956625,2.730579,-1.6485225,24.25
39,2022_09_02_REH_lim_exp2_007,Wood,3,15,0.25,25,74183.7,8.534733,AB,2.1591825,2.70956625,2.730579,3.6449715,24.25
40,2022_09_02_REH_lim_exp2_008,Wood,4,15,0.25,25,28282.6,4.403634,AB,2.1591825,2.70956625,2.730579,-0.4861275,24.25
41,2022_09_02_REH_lim_exp2_009,Wood,5,15,0.25,25,42104.2,5.647578,AB,2.1591825,2.70956625,2.730579,0.7578165,24.25
42,2022_09_02_REH_lim_exp2_010,Wood,6,15,0.25,25,23245.1,3.950259,AB,2.1591825,2.70956625,2.730579,-0.9395025,24.25
43,2022_09_02_REH_lim_exp2_011,Wood,7,15,0.25,25,14460,3.1596,AB,2.1591825,2.70956625,2.730579,-1.7301615,24.25
44,2022_09_02_REH_lim_exp2_012,Wood,8,15,0.25,25,37274.1,5.212869,AB,2.1591825,2.70956625,2.730579,0.3231075,24.25
45,2022_09_02_REH_lim_exp2_013,Wood,9,15,0.25,25,11678.4,2.909256,AB,2.1591825,2.70956625,2.730579,-1.9805055,24.25
46,2022_09_02_REH_lim_exp2_015,Wood,1,15,0.5,50,35536.2,5.056458,AB,2.1591825,2.70956625,2.730579,0.1666965,24.25
47,2022_09_02_REH_lim_exp2_016,Wood,2,15,0.5,50,42255.8,5.661222,AB,2.1591825,2.70956625,2.730579,0.7714605,24.25
48,2022_09_02_REH_lim_exp2_017,Wood,3,15,0.5,50,29571.9,4.519671,AB,2.1591825,2.70956625,2.730579,-0.3700905,24.25
49,2022_09_02_REH_lim_exp2_018,Wood,4,15,0.5,50,56759,6.96651,AB,2.1591825,2.70956625,2.730579,2.0767485,24.25
50,2022_09_02_REH_lim_exp2_019,Wood,5,15,0.5,50,14696.7,3.180903,AB,2.1591825,2.70956625,2.730579,-1.7088585,24.25
51,2022_09_02_REH_lim_exp2_020,Wood,6,15,0.5,50,52089.2,6.546228,AB,2.1591825,2.70956625,2.730579,1.6564665,24.25
52,2022_09_02_REH_lim_exp2_021,Wood,7,15,0.5,50,35643.3,5.066097,AB,2.1591825,2.70956625,2.730579,0.1763355,24.25
53,2022_09_02_REH_lim_exp2_022,Wood,8,15,0.5,50,61794,7.41966,AB,2.1591825,2.70956625,2.730579,2.5298985,24.25
54,2022_09_02_REH_lim_exp2_023,Wood,9,15,0.5,50,56689.4,6.960246,AB,2.1591825,2.70956625,2.730579,2.0704845,24.25
55,2022_09_02_REH_lim_exp2_025,Wood,1,15,1,100,63382.7,7.562643,AB,2.1591825,2.70956625,2.730579,2.6728815,24.25
56,2022_09_02_REH_lim_exp2_026,Wood,2,15,1,100,31710.1,4.712109,AB,2.1591825,2.70956625,2.730579,-0.1776525,24.25
57,2022_09_02_REH_lim_exp2_027,Wood,3,15,1,100,45958.5,5.994465,AB,2.1591825,2.70956625,2.730579,1.1047035,24.25
58,2022_09_02_REH_lim_exp2_028,Wood,4,15,1,100,70296.7,8.184903,AB,2.1591825,2.70956625,2.730579,3.2951415,24.25
59,2022_09_02_REH_lim_exp2_029,Wood,5,15,1,100,29308.3,4.495947,AB,2.1591825,2.70956625,2.730579,-0.3938145,24.25
60,2022_09_02_REH_lim_exp2_030,Wood,6,15,1,100,14323.7,3.147333,AB,2.1591825,2.70956625,2.730579,-1.7424285,24.25
61,2022_09_02_REH_lim_exp2_031,Wood,7,15,1,100,24611.1,4.073199,AB,2.1591825,2.70956625,2.730579,-0.8165625,24.25
62,2022_09_02_REH_lim_exp2_032,Wood,8,15,1,100,35356.7,5.040303,AB,2.1591825,2.70956625,2.730579,0.1505415,24.25
63,2022_09_02_REH_lim_exp2_033,Wood,9,15,1,100,53147.8,6.641502,AB,2.1591825,2.70956625,2.730579,1.7517405,24.25
64,2022_09_02_REH_lim_exp2_035,Wood,1,15,1.5,150,115085.1,12.215859,AB,2.1591825,2.70956625,2.730579,7.3260975,24.25
65,2022_09_02_REH_lim_exp2_036,Wood,2,15,1.5,150,33191.5,4.845435,AB,2.1591825,2.70956625,2.730579,-0.0443265,24.25
66,2022_09_02_REH_lim_exp2_037,Wood,3,15,1.5,150,59549.1,7.217619,AB,2.1591825,2.70956625,2.730579,2.3278575,24.25
67,2022_09_02_REH_lim_exp2_038,Wood,4,15,1.5,150,45575.1,5.959959,AB,2.1591825,2.70956625,2.730579,1.0701975,24.25
68,2022_09_02_REH_lim_exp2_039,Wood,5,15,1.5,150,65550.6,7.757754,AB,2.1591825,2.70956625,2.730579,2.8679925,24.25
69,2022_09_02_REH_lim_exp2_040,Wood,6,15,1.5,150,44146.1,5.831349,AB,2.1591825,2.70956625,2.730579,0.9415875,24.25
70,2022_09_02_REH_lim_exp2_041,Wood,7,15,1.5,150,10514.5,2.804505,AB,2.1591825,2.70956625,2.730579,-2.0852565,24.25
71,2022_09_02_REH_lim_exp2_042,Wood,8,15,1.5,150,7790.5,2.559345,AB,2.1591825,2.70956625,2.730579,-2.3304165,24.25
72,2022_09_02_REH_lim_exp2_043,Wood,9,15,1.5,150,12871.1,3.016599,AB,2.1591825,2.70956625,2.730579,-1.8731625,24.25
289,2022_09_06_REH_lim_exp2_095,Wood,1,25,0.25,25,95011.2,9.731796,A,6.220324,15.129416,7.5426,-4.031128,24
290,2022_09_06_REH_lim_exp2_096,Wood,2,25,0.25,25,18612.8,3.619924,A,6.220324,15.129416,7.5426,-10.143,24
291,2022_09_06_REH_lim_exp2_097,Wood,3,25,0.25,25,128360.5,12.39974,A,6.220324,15.129416,7.5426,-1.363184,24
292,2022_09_06_REH_lim_exp2_098,Wood,4,25,0.25,25,13808.5,3.23558,A,6.220324,15.129416,7.5426,-10.527344,24
293,2022_09_06_REH_lim_exp2_099,Wood,5,25,0.25,25,36236.2,5.029796,A,6.220324,15.129416,7.5426,-8.733128,24
294,2022_09_06_REH_lim_exp2_100,Wood,6,25,0.25,25,19425.8,3.684964,A,6.220324,15.129416,7.5426,-10.07796,24
295,2022_09_06_REH_lim_exp2_101,Wood,7,25,0.25,25,32061.1,4.695788,A,6.220324,15.129416,7.5426,-9.067136,24
296,2022_09_06_REH_lim_exp2_102,Wood,8,25,0.25,25,238475.6,21.208948,A,6.220324,15.129416,7.5426,7.446024,24
297,2022_09_06_REH_lim_exp2_103,Wood,9,25,0.25,25,17185.5,3.50574,A,6.220324,15.129416,7.5426,-10.257184,24
298,2022_09_06_REH_lim_exp2_108,Wood,4,25,0.5,50,62971.8,7.168644,A,6.220324,15.129416,7.5426,-6.59428,24
299,2022_09_06_REH_lim_exp2_109,Wood,1,25,0.5,50,151200.2,14.226916,A,6.220324,15.129416,7.5426,0.463992,24
300,2022_09_06_REH_lim_exp2_110,Wood,2,25,0.5,50,59559.1,6.895628,A,6.220324,15.129416,7.5426,-6.867296,24
301,2022_09_06_REH_lim_exp2_111,Wood,3,25,0.5,50,55859.7,6.599676,A,6.220324,15.129416,7.5426,-7.163248,24
302,2022_09_06_REH_lim_exp2_112,Wood,5,25,0.5,50,60742.8,6.990324,A,6.220324,15.129416,7.5426,-6.7726,24
303,2022_09_06_REH_lim_exp2_113,Wood,6,25,0.5,50,82372.5,8.7207,A,6.220324,15.129416,7.5426,-5.042224,24
304,2022_09_06_REH_lim_exp2_114,Wood,7,25,0.5,50,89781.9,9.313452,A,6.220324,15.129416,7.5426,-4.449472,24
305,2022_09_06_REH_lim_exp2_115,Wood,8,25,0.5,50,122297.2,11.914676,A,6.220324,15.129416,7.5426,-1.848248,24
306,2022_09_06_REH_lim_exp2_116,Wood,9,25,0.5,50,168919.7,15.644476,A,6.220324,15.129416,7.5426,1.881552,24
307,2022_09_06_REH_lim_exp2_118,Wood,1,25,1,100,83358,8.79954,A,6.220324,15.129416,7.5426,-4.963384,24
308,2022_09_06_REH_lim_exp2_119,Wood,2,25,1,100,107116.9,10.700252,A,6.220324,15.129416,7.5426,-3.062672,24
309,2022_09_06_REH_lim_exp2_120,Wood,3,25,1,100,52284.2,6.313636,A,6.220324,15.129416,7.5426,-7.449288,24
310,2022_09_06_REH_lim_exp2_121,Wood,4,25,1,100,248197.8,21.986724,A,6.220324,15.129416,7.5426,8.2238,24
311,2022_09_06_REH_lim_exp2_122,Wood,5,25,1,100,101807.6,10.275508,A,6.220324,15.129416,7.5426,-3.487416,24
312,2022_09_06_REH_lim_exp2_123,Wood,6,25,1,100,68611.9,7.619852,A,6.220324,15.129416,7.5426,-6.143072,24
313,2022_09_06_REH_lim_exp2_124,Wood,7,25,1,100,284804.9,24.915292,A,6.220324,15.129416,7.5426,11.152368,24
314,2022_09_06_REH_lim_exp2_125,Wood,8,25,1,100,43194.2,5.586436,A,6.220324,15.129416,7.5426,-8.176488,24
315,2022_09_06_REH_lim_exp2_126,Wood,9,25,1,100,95664.3,9.784044,A,6.220324,15.129416,7.5426,-3.97888,24
316,2022_09_06_REH_lim_exp2_128,Wood,1,25,1.5,150,104845.9,10.518572,A,6.220324,15.129416,7.5426,-3.244352,24
317,2022_09_06_REH_lim_exp2_129,Wood,2,25,1.5,150,251111.5,22.21982,A,6.220324,15.129416,7.5426,8.456896,24
318,2022_09_06_REH_lim_exp2_130,Wood,3,25,1.5,150,135794.2,12.994436,A,6.220324,15.129416,7.5426,-0.768488,24
319,2022_09_06_REH_lim_exp2_131,Wood,4,25,1.5,150,276446.7,24.246636,A,6.220324,15.129416,7.5426,10.483712,24
320,2022_09_06_REH_lim_exp2_132,Wood,5,25,1.5,150,351955.7,30.287356,A,6.220324,15.129416,7.5426,16.524432,24
321,2022_09_06_REH_lim_exp2_133,Wood,6,25,1.5,150,425276,36.15298,A,6.220324,15.129416,7.5426,22.390056,24
322,2022_09_06_REH_lim_exp2_134,Wood,7,25,1.5,150,126689.6,12.266068,A,6.220324,15.129416,7.5426,-1.496856,24
323,2022_09_06_REH_lim_exp2_135,Wood,8,25,1.5,150,542074.4,45.496852,A,6.220324,15.129416,7.5426,31.733928,24
324,2022_09_06_REH_lim_exp2_136,Wood,9,25,1.5,150,139232.6,13.269508,A,6.220324,15.129416,7.5426,-0.493416,24
325,2022_09_08_REH_lim_exp2_017,Wood,1,35,0.25,25,85227.1,8.670068,A,6.220324,8.261408,4.093656,-1.643912,24.25
326,2022_09_08_REH_lim_exp2_018,Wood,2,35,0.25,25,45530.4,5.494332,A,6.220324,8.261408,4.093656,-4.819648,24.25
327,2022_09_08_REH_lim_exp2_019,Wood,3,35,0.25,25,134084.8,12.578684,A,6.220324,8.261408,4.093656,2.264704,24.25
328,2022_09_08_REH_lim_exp2_020,Wood,4,35,0.25,25,24824.7,3.837876,A,6.220324,8.261408,4.093656,-6.476104,24.25
329,2022_09_08_REH_lim_exp2_021,Wood,5,35,0.25,25,23756.1,3.752388,A,6.220324,8.261408,4.093656,-6.561592,24.25
330,2022_09_08_REH_lim_exp2_022,Wood,6,35,0.25,25,33152.9,4.504132,A,6.220324,8.261408,4.093656,-5.809848,24.25
331,2022_09_08_REH_lim_exp2_023,Wood,7,35,0.25,25,90226.1,9.069988,A,6.220324,8.261408,4.093656,-1.243992,24.25
332,2022_09_08_REH_lim_exp2_024,Wood,8,35,0.25,25,72447.3,7.647684,A,6.220324,8.261408,4.093656,-2.666296,24.25
333,2022_09_08_REH_lim_exp2_025,Wood,9,35,0.25,25,15862.1,3.120868,A,6.220324,8.261408,4.093656,-7.193112,24.25
334,2022_09_08_REH_lim_exp2_027,Wood,1,35,0.5,50,88887.9,8.962932,A,6.220324,8.261408,4.093656,-1.351048,24.25
335,2022_09_08_REH_lim_exp2_028,Wood,2,35,0.5,50,122174.8,11.625884,A,6.220324,8.261408,4.093656,1.311904,24.25
336,2022_09_08_REH_lim_exp2_029,Wood,3,35,0.5,50,107165.8,10.425164,A,6.220324,8.261408,4.093656,0.111184,24.25
337,2022_09_08_REH_lim_exp2_030,Wood,4,35,0.5,50,39459.8,5.008684,A,6.220324,8.261408,4.093656,-5.305296,24.25
338,2022_09_08_REH_lim_exp2_031,Wood,5,35,0.5,50,78565.9,8.137172,A,6.220324,8.261408,4.093656,-2.176808,24.25
339,2022_09_08_REH_lim_exp2_032,Wood,6,35,0.5,50,60503,6.69214,A,6.220324,8.261408,4.093656,-3.62184,24.25
340,2022_09_08_REH_lim_exp2_033,Wood,7,35,0.5,50,83044.1,8.495428,A,6.220324,8.261408,4.093656,-1.818552,24.25
341,2022_09_08_REH_lim_exp2_034,Wood,8,35,0.5,50,47320.5,5.63754,A,6.220324,8.261408,4.093656,-4.67644,24.25
342,2022_09_08_REH_lim_exp2_035,Wood,9,35,0.5,50,43291.1,5.315188,A,6.220324,8.261408,4.093656,-4.998792,24.25
343,2022_09_08_REH_lim_exp2_037,Wood,1,35,1,100,173983.5,15.77058,A,6.220324,8.261408,4.093656,5.4566,24.25
344,2022_09_08_REH_lim_exp2_038,Wood,2,35,1,100,213509,18.93262,A,6.220324,8.261408,4.093656,8.61864,24.25
345,2022_09_08_REH_lim_exp2_039,Wood,3,35,1,100,125726.2,11.909996,A,6.220324,8.261408,4.093656,1.596016,24.25
346,2022_09_08_REH_lim_exp2_040,Wood,4,35,1,100,303616.5,26.14122,A,6.220324,8.261408,4.093656,15.82724,24.25
347,2022_09_08_REH_lim_exp2_041,Wood,5,35,1,100,34345,4.5995,A,6.220324,8.261408,4.093656,-5.71448,24.25
348,2022_09_08_REH_lim_exp2_042,Wood,6,35,1,100,36525,4.7739,A,6.220324,8.261408,4.093656,-5.54008,24.25
349,2022_09_08_REH_lim_exp2_043,Wood,7,35,1,100,16611.4,3.180812,A,6.220324,8.261408,4.093656,-7.133168,24.25
350,2022_09_08_REH_lim_exp2_044,Wood,8,35,1,100,462546.4,38.855612,A,6.220324,8.261408,4.093656,28.541632,24.25
351,2022_09_08_REH_lim_exp2_045,Wood,9,35,1,100,16781.3,3.194404,A,6.220324,8.261408,4.093656,-7.119576,24.25
352,2022_09_08_REH_lim_exp2_047,Wood,1,35,1.5,150,431549,36.37582,A,6.220324,8.261408,4.093656,26.06184,24.25
353,2022_09_08_REH_lim_exp2_048,Wood,2,35,1.5,150,258643.6,22.543388,A,6.220324,8.261408,4.093656,12.229408,24.25
354,2022_09_08_REH_lim_exp2_049,Wood,3,35,1.5,150,237683.6,20.866588,A,6.220324,8.261408,4.093656,10.552608,24.25
355,2022_09_08_REH_lim_exp2_050,Wood,4,35,1.5,150,79317.1,8.197268,A,6.220324,8.261408,4.093656,-2.116712,24.25
356,2022_09_08_REH_lim_exp2_051,Wood,5,35,1.5,150,134096.4,12.579612,A,6.220324,8.261408,4.093656,2.265632,24.25
357,2022_09_08_REH_lim_exp2_052,Wood,6,35,1.5,150,316140.3,27.143124,A,6.220324,8.261408,4.093656,16.829144,24.25
358,2022_09_08_REH_lim_exp2_053,Wood,7,35,1.5,150,157597.6,14.459708,A,6.220324,8.261408,4.093656,4.145728,24.25
359,2022_09_08_REH_lim_exp2_054,Wood,8,35,1.5,150,40237.6,5.070908,A,6.220324,8.261408,4.093656,-5.243072,24.25
360,2022_09_08_REH_lim_exp2_055,Wood,9,35,1.5,150,92615,9.2611,A,6.220324,8.261408,4.093656,-1.05288,24.25
