"niche","sample_no","temp_C","moist_level","peakarea","ppm","bag_avg","avg_blank","median_blank","geomean_blank","ppm_corrected_median","ppm_corrected_geomean","incubation_time","drymass","actual_moist","flux_nmol_c2h4_g_hr_geo_corr","grams_N_g_hr_geo_corr","flux_nmol_c2h4_g_hr_med_corr","grams_N_g_hr_med_corr","notes","group_mean","group_sd","moist_z","actual_moist_group"
"Soil",1,5,10,5000.4,2.530932,2.1591825,4.079462875,2.570564,3.287546618,-2.1988145,-2.915797118,23.75,9.2,17.60869565,-0.028959341,-1.35208e-10,0,-1.01961e-10,NA,16.390374516666668,1.9844409186614198,0.6139367122882836,"[13.9,25]"
"Soil",2,5,10,5387.4,2.561892,2.1591825,4.079462875,2.570564,3.287546618,-2.1678545,-2.884837118,23.75,9.19,18.9336235,-0.028683027,-1.33918e-10,0,-1.00635e-10,NA,16.390374516666668,1.9844409186614198,1.2815947098333613,"[13.9,25]"
"Soil",3,5,10,4776.5,2.51302,2.1591825,4.079462875,2.570564,3.287546618,-2.2167265,-2.933709118,23.75,9.21,17.48099891,-0.029105605,-1.35891e-10,0,-1.0268e-10,NA,16.390374516666668,1.9844409186614198,0.5495877368165737,"[13.9,25]"
"Soil",4,5,10,102111.3,10.299804,2.1591825,4.079462875,2.570564,3.287546618,5.5700575,4.853074882,23.75,9.16,17.79475983,0.048410629,2.26024e-10,0.055562709,2.59417e-10,NA,16.390374516666668,1.9844409186614198,0.7076982237801481,"[13.9,25]"
"Soil",5,5,10,6554,2.65522,2.1591825,4.079462875,2.570564,3.287546618,-2.0745265,-2.791509118,23.75,9.35,15.82887701,-0.027280143,-1.27368e-10,0,-9.46545e-11,NA,16.390374516666668,1.9844409186614198,-0.28294997416472345,"[13.9,25]"
"Soil",6,5,10,33648.2,4.822756,2.1591825,4.079462875,2.570564,3.287546618,0.0930095,-0.623973118,23.75,9.08,15.74889868,-0.006279127,-2.93166e-11,9.35967e-4,4.36994e-12,NA,16.390374516666668,1.9844409186614198,-0.323252675670167,"[13.9,25]"
"Soil",7,5,10,7347,2.71866,2.1591825,4.079462875,2.570564,3.287546618,-2.0110865000000002,-2.728069118,23.75,9.44,15.25423729,-0.026405998,-1.23287e-10,0,-9.08851e-11,NA,16.390374516666668,1.9844409186614198,-0.5725225759973921,"[13.9,25]"
"Soil",8,5,10,11603.6,3.059188,2.1591825,4.079462875,2.570564,3.287546618,-1.6705585,-2.387541118,23.75,9.37,15.26147279,-0.023282546,-1.08704e-10,0,-7.60599e-11,NA,16.390374516666668,1.9844409186614198,-0.5688764608966821,"[13.9,25]"
"Soil",9,5,10,3863.2,2.439956,2.1591825,4.079462875,2.570564,3.287546618,-2.2897905,-3.006773118,23.75,9.45,15.44973545,-0.02907288,-1.35738e-10,0,-1.03371e-10,NA,16.390374516666668,1.9844409186614198,-0.4740070907735385,"[13.9,25]"
"Soil",1,5,25,7921.2,2.764596,2.1591825,4.079462875,2.570564,3.287546618,-1.9651505,-2.682133118,23.75,9.01,31.96448391,-0.027200366,-1.26996e-10,0,-9.30475e-11,NA,30.650454278055555,2.4168806143941635,0.5436882666518591,"(25,48.4]"
"Soil",3,5,25,22266,3.91218,2.1591825,4.079462875,2.570564,3.287546618,-0.8175665,-1.534549118,23.75,8.95,32.06703911,-0.01566668,-7.31462e-11,0,-3.89703e-11,NA,30.650454278055555,2.4168806143941635,0.5861211445479451,"(25,48.4]"
"Soil",4,5,25,6021.9,2.612652,2.1591825,4.079462875,2.570564,3.287546618,-2.1170945,-2.834077118,23.75,8.72,31.07798165,-0.029697123,-1.38653e-10,0,-1.03576e-10,NA,30.650454278055555,2.4168806143941635,0.17689221776128736,"(25,48.4]"
"Soil",5,5,25,5825.1,2.596908,2.1591825,4.079462875,2.570564,3.287546618,-2.1328385,-2.849821118,23.75,9,28.77777778,-0.028933055,-1.35086e-10,0,-1.011e-10,NA,30.650454278055555,2.4168806143941635,-0.7748320239330382,"(25,48.4]"
"Soil",6,5,25,8814.2,2.836036,2.1591825,4.079462875,2.570564,3.287546618,-1.8937105,-2.610693118,23.75,9.04,29.75663717,-0.026388007,-1.23203e-10,0,-8.93674e-11,NA,30.650454278055555,2.4168806143941635,-0.36982261462658395,"(25,48.4]"
"Soil",7,5,25,6308.4,2.635572,2.1591825,4.079462875,2.570564,3.287546618,-2.0941745,-2.811157118,23.75,9.24,29.32900433,-0.027799203,-1.29792e-10,0,-9.66885e-11,NA,30.650454278055555,2.4168806143941635,-0.5467584704786097,"(25,48.4]"
"Soil",8,5,25,7713.6,2.747988,2.1591825,4.079462875,2.570564,3.287546618,-1.9817585,-2.698741118,23.75,9.04,27.98672566,-0.027277967,-1.27358e-10,0,-9.35225e-11,NA,30.650454278055555,2.4168806143941635,-1.1021349594974792,"(25,48.4]"
"Soil",9,5,25,6911,2.68378,2.1591825,4.079462875,2.570564,3.287546618,-2.0459665,-2.762949118,23.75,9.13,27.27272727,-0.027651667,-1.29103e-10,0,-9.56008e-11,NA,30.650454278055555,2.4168806143941635,-1.3975564154633453,"(25,48.4]"
"Soil",1,5,50,6265,2.6321,2.1591825,4.079462875,2.570564,3.287546618,-2.0976465,-2.814629118,23.75,9.23,55.79631636,-0.027863693,-1.30093e-10,0,-9.69537e-11,NA,54.35978489055555,2.617496044504999,0.5488189647736841,"(48.4,69.6]"
"Soil",2,5,50,17099.5,3.49886,2.1591825,4.079462875,2.570564,3.287546618,-1.2308865,-1.947869118,23.75,9.14,53.82932166,-0.019472996,-9.09175e-11,0,-5.74521e-11,NA,54.35978489055555,2.617496044504999,-0.20266056625727263,"(48.4,69.6]"
"Soil",3,5,50,6140.3,2.622124,2.1591825,4.079462875,2.570564,3.287546618,-2.1076225,-2.824605118,23.75,9.12,55.59210526,-0.028299718,-1.32129e-10,0,-9.85897e-11,NA,54.35978489055555,2.617496044504999,0.47080123464999984,"(48.4,69.6]"
"Soil",4,5,50,6267.6,2.632308,2.1591825,4.079462875,2.570564,3.287546618,-2.0974385,-2.814421118,23.75,9.21,55.15743757,-0.027922137,-1.30366e-10,0,-9.71546e-11,NA,54.35978489055555,2.617496044504999,0.304738828973204,"(48.4,69.6]"
"Soil",5,5,50,4214.1,2.468028,2.1591825,4.079462875,2.570564,3.287546618,-2.2617185,-2.978701118,23.75,9.02,55.87583149,-0.030174466,-1.40882e-10,0,-1.06971e-10,NA,54.35978489055555,2.617496044504999,0.5791972838419911,"(48.4,69.6]"
"Soil",6,5,50,9545,2.8945,2.1591825,4.079462875,2.570564,3.287546618,-1.8352465,-2.552229118,23.75,9.198,52.75059796,-0.02535394,-1.18375e-10,0,-8.51206e-11,NA,54.35978489055555,2.617496044504999,-0.6147810362249733,"(48.4,69.6]"
"Soil",7,5,50,11060.7,3.015756,2.1591825,4.079462875,2.570564,3.287546618,-1.7139905,-2.430973118,23.75,9.239,52.61391926,-0.02404221,-1.12251e-10,0,-7.91439e-11,NA,54.35978489055555,2.617496044504999,-0.6669983835202755,"(48.4,69.6]"
"Soil",8,5,50,4758.2,2.511556,2.1591825,4.079462875,2.570564,3.287546618,-2.2181905,-2.935173118,23.75,9.1,52.41758242,-0.029472131,-1.37602e-10,0,-1.0399e-10,NA,54.35978489055555,2.617496044504999,-0.7420077958218442,"(48.4,69.6]"
"Soil",9,5,50,9503,2.89114,2.1591825,4.079462875,2.570564,3.287546618,-1.8386065,-2.555589118,23.75,9.05,53.37016575,-0.025802492,-1.20469e-10,0,-8.6671e-11,NA,54.35978489055555,2.617496044504999,-0.3780785620032153,"(48.4,69.6]"
"Soil",1,5,100,10297.2,2.954676,2.1591825,4.079462875,2.570564,3.287546618,-1.7750705,-2.492053118,23.75,9.02,108.5365854,-0.025244685,-1.17865e-10,0,-8.39543e-11,NA,103.78637417666667,12.464419937854167,0.38110166754788577,"(69.6,115]"
"Soil",2,5,100,15182.7,3.345516,2.1591825,4.079462875,2.570564,3.287546618,-1.3842305,-2.101213118,23.75,8.79,115.0170648,-0.021842404,-1.0198e-10,0,-6.71821e-11,NA,103.78637417666667,12.464419937854167,0.9010199174392362,"(69.6,115]"
"Soil",3,5,100,15498.9,3.370812,2.1591825,4.079462875,2.570564,3.287546618,-1.3589345,-2.075917118,23.75,9.44,101.1652542,-0.020093575,-9.38149e-11,0,-6.1413e-11,NA,103.78637417666667,12.464419937854167,-0.2102881634071377,"(69.6,115]"
"Soil",4,5,100,102989.7,10.370076,2.1591825,4.079462875,2.570564,3.287546618,5.6403295,4.923346882,23.75,8.85,108.3615819,0.050831903,2.37329e-10,0.058234508,2.71891e-10,NA,103.78637417666667,12.464419937854167,0.36706142332693165,"(69.6,115]"
"Soil",5,5,100,17790.5,3.55414,2.1591825,4.079462875,2.570564,3.287546618,-1.1756065,-1.892589118,23.75,9.28,104.9568966,-0.018634921,-8.70046e-11,0,-5.4044e-11,NA,103.78637417666667,12.464419937854167,0.09390909718778596,"(69.6,115]"
"Soil",6,5,100,7696.5,2.74662,2.1591825,4.079462875,2.570564,3.287546618,-1.9831265,-2.700109118,23.75,9.29,102.583423,-0.026557354,-1.23994e-10,0,-9.10686e-11,NA,103.78637417666667,12.464419937854167,-0.09651080296270642,"(69.6,115]"
"Soil",8,5,100,9275.4,2.872932,2.1591825,4.079462875,2.570564,3.287546618,-1.8568145,-2.573797118,23.75,9.21,106.8403909,-0.025534884,-1.1922e-10,0,-8.60088e-11,NA,103.78637417666667,12.464419937854167,0.2450187604846618,"(69.6,115]"
"Soil",9,5,100,20086.9,3.737852,2.1591825,4.079462875,2.570564,3.287546618,-0.9918945,-1.708877118,23.75,9.31,104.6186896,-0.016771826,-7.8306e-11,0,-4.54516e-11,NA,103.78637417666667,12.464419937854167,0.06677530342231197,"(69.6,115]"
"Soil",1,15,10,8755.9,2.6462310000000002,2.1591825,4.079462875,2.570564,3.287546618,-2.0835155,-2.800498118,24.5,9.08,17.84140969,-0.027319086,-1.2755e-10,0,-9.48948e-11,NA,16.390374516666668,1.9844409186614198,0.7312060337438057,"[13.9,25]"
"Soil",2,15,10,6477.8,2.441202,2.1591825,4.079462875,2.570564,3.287546618,-2.2885445,-3.005527118,24.5,8.7,18.50574713,-0.030599768,-1.42867e-10,0,-1.08786e-10,NA,16.390374516666668,1.9844409186614198,1.0659791346976608,"[13.9,25]"
"Soil",3,15,10,5248.5,2.330565,2.1591825,4.079462875,2.570564,3.287546618,-2.3991815,-3.116164118,24.5,9.13,15.33406353,-0.030231958,-1.4115e-10,0,-1.08673e-10,NA,16.390374516666668,1.9844409186614198,-0.5322965157255424,"[13.9,25]"
"Soil",4,15,10,1164.5,1.9630050000000001,2.1591825,4.079462875,2.570564,3.287546618,-2.7667415,-3.483724118,24.5,9.24,15.8008658,-0.033395544,-1.5592e-10,0,-1.23831e-10,NA,16.390374516666668,1.9844409186614198,-0.2970653906211093,"[13.9,25]"
"Soil",5,15,10,3345.6,2.159304,2.1591825,4.079462875,2.570564,3.287546618,-2.5704425,-3.287425118,24.5,9.39,15.22896699,-0.031010374,-1.44784e-10,0,-1.13207e-10,NA,16.390374516666668,1.9844409186614198,-0.5852567923514101,"[13.9,25]"
"Soil",6,15,10,63071.8,7.534662,2.1591825,4.079462875,2.570564,3.287546618,2.8049155,2.087932882,24.5,9.31,13.85606874,0.019864772,9.27466e-11,0.026686206,1.24595e-10,NA,16.390374516666668,1.9844409186614198,-1.2770880467311434,"[13.9,25]"
"Soil",7,15,10,2491.6,2.082444,2.1591825,4.079462875,2.570564,3.287546618,-2.6473025,-3.364285118,24.5,9.27,15.85760518,-0.032146211,-1.50087e-10,0,-1.18101e-10,NA,16.390374516666668,1.9844409186614198,-0.2684732670328331,"[13.9,25]"
"Soil",8,15,10,5339.6,2.338764,2.1591825,4.079462875,2.570564,3.287546618,-2.3909825,-3.107965118,24.5,9.36,14.63675214,-0.02941149,-1.37319e-10,0,-1.05641e-10,NA,16.390374516666668,1.9844409186614198,-0.883685858407693,"[13.9,25]"
"Soil",9,15,10,6844.6,2.474214,2.1591825,4.079462875,2.570564,3.287546618,-2.2555325,-2.972515118,24.5,9.4,15.42553191,-0.02800999,-1.30776e-10,0,-9.92322e-11,NA,16.390374516666668,1.9844409186614198,-0.48620374514222914,"[13.9,25]"
"Soil",1,15,25,10061.4,2.763726,2.1591825,4.079462875,2.570564,3.287546618,-1.9660205,-2.683003118,24.5,9,32.55555556,-0.026405561,-1.23285e-10,0,-9.03393e-11,NA,30.650454278055555,2.4168806143941635,0.7882479881704856,"(25,48.4]"
"Soil",2,15,25,13270.1,3.052509,2.1591825,4.079462875,2.570564,3.287546618,-1.6772375,-2.394220118,24.5,8.9,33.14606742,-0.023828176,-1.11251e-10,0,-7.79356e-11,NA,30.650454278055555,2.4168806143941635,1.0325760929527825,"(25,48.4]"
"Soil",3,15,25,5336.8,2.338512,2.1591825,4.079462875,2.570564,3.287546618,-2.3912345,-3.108217118,24.5,9.21,30.51031488,-0.029892928,-1.39567e-10,0,-1.07373e-10,NA,30.650454278055555,2.4168806143941635,-0.05798358314470765,"(25,48.4]"
"Soil",4,15,25,21633.5,3.805215,2.1591825,4.079462875,2.570564,3.287546618,-0.9245315,-1.641514118,24.5,8.99,32.14682981,-0.016173413,-7.5512e-11,0,-4.25298e-11,NA,30.650454278055555,2.4168806143941635,0.6191350632019278,"(25,48.4]"
"Soil",5,15,25,30594.2,4.611678,2.1591825,4.079462875,2.570564,3.287546618,-0.1180685,-0.835051118,24.5,9.08,31.3876652,-0.008145991,-3.80328e-11,0,-5.37749e-12,NA,30.650454278055555,2.4168806143941635,0.3050257913253366,"(25,48.4]"
"Soil",6,15,25,19306.7,3.595803,2.1591825,4.079462875,2.570564,3.287546618,-1.1339435,-1.850926118,24.5,8.9,28.98876404,-0.018421111,-8.60063e-11,0,-5.26905e-11,NA,30.650454278055555,2.4168806143941635,-0.6875350930282047,"(25,48.4]"
"Soil",7,15,25,180583.6,18.110724,2.1591825,4.079462875,2.570564,3.287546618,13.3809775,12.66399488,24.5,9.17,30.53435115,0.122325817,5.71127e-10,0.129251395,6.03462e-10,NA,30.650454278055555,2.4168806143941635,-0.048038420832242745,"(25,48.4]"
"Soil",8,15,25,23271.5,3.952635,2.1591825,4.079462875,2.570564,3.287546618,-0.7771115,-1.494094118,24.5,9.33,28.1886388,-0.014184468,-6.62259e-11,0,-3.44455e-11,NA,30.650454278055555,2.4168806143941635,-1.0185920907279302,"(25,48.4]"
"Soil",9,15,25,11004.6,2.848614,2.1591825,4.079462875,2.570564,3.287546618,-1.8811325,-2.598115118,24.5,9.13,27.05366922,-0.025206024,-1.17684e-10,0,-8.52079e-11,NA,30.650454278055555,2.4168806143941635,-1.4881931017338055,"(25,48.4]"
"Soil",1,15,50,13857.4,3.105366,2.1591825,4.079462875,2.570564,3.287546618,-1.6243805,-2.341363118,24.5,8.99,55.72858732,-0.023068843,-1.07706e-10,0,-7.47239e-11,NA,54.35978489055555,2.617496044504999,0.5229434567123894,"(48.4,69.6]"
"Soil",2,15,50,16461,3.33969,2.1591825,4.079462875,2.570564,3.287546618,-1.3900565,-2.107039118,24.5,9,59.77777778,-0.020737043,-9.68192e-11,0,-6.38736e-11,NA,54.35978489055555,2.617496044504999,2.0699144515685632,"(48.4,69.6]"
"Soil",3,15,50,15515.9,3.254631,2.1591825,4.079462875,2.570564,3.287546618,-1.4751155,-2.192098118,24.5,9.02,55.87583149,-0.021526339,-1.00504e-10,0,-6.76318e-11,NA,54.35978489055555,2.617496044504999,0.5791972838419911,"(48.4,69.6]"
"Soil",4,15,50,8023.6,2.580324,2.1591825,4.079462875,2.570564,3.287546618,-2.1494225,-2.866405118,24.5,9.11,54.66520307,-0.027869933,-1.30122e-10,0,-9.75741e-11,NA,54.35978489055555,2.617496044504999,0.11668333944023324,"(48.4,69.6]"
"Soil",5,15,50,11478.9,2.891301,2.1591825,4.079462875,2.570564,3.287546618,-1.8384455,-2.555428118,24.5,9.15,49.61748634,-0.024737699,-1.15498e-10,0,-8.30923e-11,NA,54.35978489055555,2.617496044504999,-1.8117691373445346,"(48.4,69.6]"
"Soil",6,15,50,16688,3.36012,2.1591825,4.079462875,2.570564,3.287546618,-1.3696265,-2.086609118,24.5,8.96,53.45982143,-0.020627653,-9.63085e-11,0,-6.32158e-11,NA,54.35978489055555,2.617496044504999,-0.34382610145481557,"(48.4,69.6]"
"Soil",7,15,50,8065.1,2.584059,2.1591825,4.079462875,2.570564,3.287546618,-2.1456875,-2.862670118,24.5,9.09,52.69526953,-0.027894858,-1.30238e-10,0,-9.76189e-11,NA,54.35978489055555,2.617496044504999,-0.6359189592855089,"(48.4,69.6]"
"Soil",8,15,50,3602.6,2.182434,2.1591825,4.079462875,2.570564,3.287546618,-2.5473125,-3.264295118,24.5,9.2,54.56521739,-0.031428114,-1.46735e-10,0,-1.14505e-10,NA,54.35978489055555,2.617496044504999,0.07848435907886858,"(48.4,69.6]"
"Soil",9,15,50,8375,2.61195,2.1591825,4.079462875,2.570564,3.287546618,-2.1177965,-2.834779118,24.5,9.1,50.76923077,-0.027592723,-1.28828e-10,0,-9.62441e-11,NA,54.35978489055555,2.617496044504999,-1.371751498189779,"(48.4,69.6]"
"Soil",1,15,100,12343.8,2.969142,2.1591825,4.079462875,2.570564,3.287546618,-1.7606045,-2.477587118,24.5,9.01,108.5460599,-0.024356836,-1.1372e-10,0,-8.08106e-11,NA,103.78637417666667,12.464419937854167,0.3818617911675355,"(69.6,115]"
"Soil",2,15,100,11525.4,2.895486,2.1591825,4.079462875,2.570564,3.287546618,-1.8342605,-2.551243118,24.5,8.92,108.4080717,-0.025333998,-1.18282e-10,0,-8.50408e-11,NA,103.78637417666667,12.464419937854167,0.37079122384968205,"(69.6,115]"
"Soil",3,15,100,27678.3,4.349247,2.1591825,4.079462875,2.570564,3.287546618,-0.3804995,-1.097482118,24.5,9.04,102.4336283,-0.010753399,-5.02065e-11,0,-1.74067e-11,NA,103.78637417666667,12.464419937854167,-0.10852858644134852,"(69.6,115]"
"Soil",4,15,100,10673.8,2.818842,2.1591825,4.079462875,2.570564,3.287546618,-1.9109045,-2.627887118,24.5,9,108.3333333,-0.025863121,-1.20752e-10,0,-8.78067e-11,NA,103.78637417666667,12.464419937854167,0.3647950844085671,"(69.6,115]"
"Soil",5,15,100,6659.2,2.457528,2.1591825,4.079462875,2.570564,3.287546618,-2.2722185,-2.989201118,24.5,9.08,106.7180617,-0.029159899,-1.36145e-10,0,-1.03489e-10,NA,103.78637417666667,12.464419937854167,0.23520448909378186,"(69.6,115]"
"Soil",6,15,100,8487.7,2.622093,2.1591825,4.079462875,2.570564,3.287546618,-2.1076535,-2.824636118,24.5,9.03,106.8660022,-0.027707127,-1.29362e-10,0,-9.65257e-11,NA,103.78637417666667,12.464419937854167,0.24707351314284315,"(69.6,115]"
"Soil",7,15,100,13083.9,3.035751,2.1591825,4.079462875,2.570564,3.287546618,-1.6939955,-2.410978118,24.5,9.16,104.5851528,-0.023313878,-1.0885e-10,0,-7.648e-11,NA,103.78637417666667,12.464419937854167,0.0640847008778532,"(69.6,115]"
"Soil",8,15,100,8215.4,2.597586,2.1591825,4.079462875,2.570564,3.287546618,-2.1321605,-2.849143118,24.5,9.22,104.3383948,-0.027371593,-1.27795e-10,0,-9.56358e-11,NA,103.78637417666667,12.464419937854167,0.044287710626377375,"(69.6,115]"
"Soil",9,15,100,8424.9,2.616441,2.1591825,4.079462875,2.570564,3.287546618,-2.1133055,-2.830288118,24.5,9.34,98.39400428,-0.026841112,-1.25318e-10,0,-9.35722e-11,NA,103.78637417666667,12.464419937854167,-0.4326210063165601,"(69.6,115]"
"Soil",1,25,10,13399.4,3.202852,6.220324,4.079462875,2.570564,3.287546618,-5.588036,-6.305018618,24,9.2,17.5,-0.061968377,-2.89324e-10,0,-2.56423e-10,NA,16.390374516666668,1.9844409186614198,0.5591627711858593,"[13.9,25]"
"Soil",2,25,10,7064.9,2.696092,6.220324,4.079462875,2.570564,3.287546618,-6.094796,-6.811778618,24,9.09,18.04180418,-0.067759192,-3.16361e-10,0,-2.83062e-10,NA,16.390374516666668,1.9844409186614198,0.832188878894557,"[13.9,25]"
"Soil",3,25,10,23589.4,4.018052,6.220324,4.079462875,2.570564,3.287546618,-4.772836,-5.489818618,24,9.22,16.81127983,-0.053839206,-2.5137e-10,0,-2.1854e-10,NA,16.390374516666668,1.9844409186614198,0.21210271839045153,"[13.9,25]"
"Soil",4,25,10,6923.4,2.684772,6.220324,4.079462875,2.570564,3.287546618,-6.106116,-6.823098618,24,8.93,15.90145577,-0.069087864,-3.22564e-10,0,-2.88669e-10,NA,16.390374516666668,1.9844409186614198,-0.24637606595839706,"[13.9,25]"
"Soil",5,25,10,15887.9,3.401932,6.220324,4.079462875,2.570564,3.287546618,-5.388956,-6.105938618,24,9.24,15.69264069,-0.059751944,-2.78976e-10,0,-2.46217e-10,NA,16.390374516666668,1.9844409186614198,-0.3516022170805249,"[13.9,25]"
"Soil",7,25,10,14260,3.2717,6.220324,4.079462875,2.570564,3.287546618,-5.519188,-6.236170618,24,9.33,15.00535906,-0.060437699,-2.82178e-10,0,-2.49735e-10,NA,16.390374516666668,1.9844409186614198,-0.6979373604132862,"[13.9,25]"
"Soil",8,25,10,10919.8,3.004484,6.220324,4.079462875,2.570564,3.287546618,-5.786404,-6.503386618,24,9.33,15.75562701,-0.063027416,-2.94269e-10,0,-2.61826e-10,NA,16.390374516666668,1.9844409186614198,-0.31986213381188977,"[13.9,25]"
"Soil",9,25,10,7762.2,2.751876,6.220324,4.079462875,2.570564,3.287546618,-6.039012,-6.755994618,24,9.48,14.76793249,-0.064439555,-3.00862e-10,0,-2.68933e-10,NA,16.390374516666668,1.9844409186614198,-0.8175814212504078,"[13.9,25]"
"Soil",1,25,25,14975.4,3.328932,6.220324,4.079462875,2.570564,3.287546618,-5.461956,-6.178938618,24,9.02,31.15299335,-0.061941101,-2.89197e-10,0,-2.55639e-10,NA,30.650454278055555,2.4168806143941635,0.20792879422818106,"(25,48.4]"
"Soil",2,25,25,9077.8,2.857124,6.220324,4.079462875,2.570564,3.287546618,-5.933764,-6.650746618,24,9.15,31.69398907,-0.06572353,-3.06857e-10,0,-2.73776e-10,NA,30.650454278055555,2.4168806143941635,0.431769275540334,"(25,48.4]"
"Soil",3,25,25,5887.7,2.601916,6.220324,4.079462875,2.570564,3.287546618,-6.188972,-6.905954618,24,9.08,32.26872247,-0.06877165,-3.21088e-10,0,-2.87752e-10,NA,30.650454278055555,2.4168806143941635,0.6695689403550015,"(25,48.4]"
"Soil",4,25,25,10616.6,2.980228,6.220324,4.079462875,2.570564,3.287546618,-5.81066,-6.527642618,24,9.09,31.57315732,-0.06493279,-3.03165e-10,0,-2.69866e-10,NA,30.650454278055555,2.4168806143941635,0.38177435676761284,"(25,48.4]"
"Soil",5,25,25,9456.4,2.887412,6.220324,4.079462875,2.570564,3.287546618,-5.903476,-6.620458618,24,9.09,31.79317932,-0.065856064,-3.07475e-10,0,-2.74176e-10,NA,30.650454278055555,2.4168806143941635,0.47280988359075,"(25,48.4]"
"Soil",6,25,25,12530.2,3.133316,6.220324,4.079462875,2.570564,3.287546618,-5.657572,-6.374554618,24,9.37,31.91035219,-0.061515114,-2.87208e-10,0,-2.54904e-10,NA,30.650454278055555,2.4168806143941635,0.5212909170775334,"(25,48.4]"
"Soil",7,25,25,59169.3,6.864444,6.220324,4.079462875,2.570564,3.287546618,-1.926444,-2.643426618,24,9.26,30.12958963,-0.025812368,-1.20515e-10,0,-8.78277e-11,NA,30.650454278055555,2.4168806143941635,-0.21551111997566258,"(25,48.4]"
"Soil",8,25,25,8793.2,2.834356,6.220324,4.079462875,2.570564,3.287546618,-5.956532,-6.673514618,24,9.29,30.35522067,-0.064954684,-3.03267e-10,0,-2.70685e-10,NA,30.650454278055555,2.4168806143941635,-0.12215481654213187,"(25,48.4]"
"Soil",9,25,25,12094.2,3.098436,6.220324,4.079462875,2.570564,3.287546618,-5.692452,-6.409434618,24,9.34,29.33618844,-0.062050376,-2.89707e-10,0,-2.57299e-10,NA,30.650454278055555,2.4168806143941635,-0.5437859984594232,"(25,48.4]"
"Soil",1,25,50,2146.2,2.302596,6.220324,4.079462875,2.570564,3.287546618,-6.488292,-7.205274618,24,9.38,53.51812367,-0.06945752,-3.2429e-10,0,-2.92021e-10,NA,54.35978489055555,2.617496044504999,-0.32155205060289577,"(48.4,69.6]"
"Soil",2,25,50,92261.9,9.511852,6.220324,4.079462875,2.570564,3.287546618,0.720964,0.003981382,24,9,60,4.00003e-5,1.86757e-13,0.007243403,3.38187e-11,NA,54.35978489055555,2.617496044504999,2.154813231250205,"(48.4,69.6]"
"Soil",3,25,50,17137.5,3.5019,6.220324,4.079462875,2.570564,3.287546618,-5.288988,-6.005970618,24,9.25,53.18918919,-0.058710131,-2.74112e-10,0,-2.41389e-10,NA,54.35978489055555,2.617496044504999,-0.4472196636220423,"(48.4,69.6]"
"Soil",4,25,50,2445.6,2.326548,6.220324,4.079462875,2.570564,3.287546618,-6.46434,-7.181322618,24,9.27,53.72168285,-0.070048087,-3.27048e-10,0,-2.94395e-10,NA,54.35978489055555,2.617496044504999,-0.2437833829377285,"(48.4,69.6]"
"Soil",5,25,50,4494,2.49042,6.220324,4.079462875,2.570564,3.287546618,-6.300468,-7.017450618,24,9.18,51.19825708,-0.069120721,-3.22718e-10,0,-2.89745e-10,NA,54.35978489055555,2.617496044504999,-1.2078443507842775,"(48.4,69.6]"
"Soil",6,25,50,29710.9,4.507772,6.220324,4.079462875,2.570564,3.287546618,-4.283116,-5.000098618,24,9.26,53.13174946,-0.048824652,-2.27957e-10,0,-1.9527e-10,NA,54.35978489055555,2.617496044504999,-0.4691641972615807,"(48.4,69.6]"
"Soil",7,25,50,6983,2.68954,6.220324,4.079462875,2.570564,3.287546618,-6.101348,-6.818330618,24,9.24,53.35497835,-0.066723322,-3.11525e-10,0,-2.78766e-10,NA,54.35978489055555,2.617496044504999,-0.38388082483065245,"(48.4,69.6]"
"Soil",8,25,50,15017.6,3.332308,6.220324,4.079462875,2.570564,3.287546618,-5.45858,-6.175562618,24,9.26,53.0237581,-0.06030275,-2.81548e-10,0,-2.4886e-10,NA,54.35978489055555,2.617496044504999,-0.5104217037348798,"(48.4,69.6]"
"Soil",9,25,50,36995.3,5.090524,6.220324,4.079462875,2.570564,3.287546618,-3.700364,-4.417346618,24,9.19,54.95103373,-0.043462784,-2.02923e-10,0,-1.69987e-10,NA,54.35978489055555,2.617496044504999,0.22588337456542715,"(48.4,69.6]"
"Soil",1,25,100,28646.5,4.42262,6.220324,4.079462875,2.570564,3.287546618,-4.368268,-5.085250618,24,8.99,108.4538376,-0.05114748,-2.38802e-10,0,-2.05133e-10,NA,103.78637417666667,12.464419937854167,0.3744629470608855,"(69.6,115]"
"Soil",2,25,100,88798.2,9.234756,6.220324,4.079462875,2.570564,3.287546618,0.443868,-0.273114618,24,9.22,102.6030369,-0.002678463,-1.25055e-11,0.004353058,2.0324e-11,NA,103.78637417666667,12.464419937854167,-0.09493721188523933,"(69.6,115]"
"Soil",3,25,100,43466.4,5.608212,6.220324,4.079462875,2.570564,3.287546618,-3.182676,-3.899658618,24,9.34,105.2462527,-0.037752984,-1.76265e-10,0,-1.43857e-10,NA,103.78637417666667,12.464419937854167,0.11712366324402401,"(69.6,115]"
"Soil",4,25,100,10606.5,2.97942,6.220324,4.079462875,2.570564,3.287546618,-5.811468,-6.528450618,24,9.31,105.8002148,-0.063406243,-2.96037e-10,0,-2.63525e-10,NA,103.78637417666667,12.464419937854167,0.16156713536402506,"(69.6,115]"
"Soil",5,25,100,10028.8,2.933204,6.220324,4.079462875,2.570564,3.287546618,-5.857684,-6.574666618,24,9.41,104.250797,-0.063176518,-2.94965e-10,0,-2.62798e-10,NA,103.78637417666667,12.464419937854167,0.03725988258169116,"(69.6,115]"
"Soil",6,25,100,3375.9,2.400972,6.220324,4.079462875,2.570564,3.287546618,-6.389916,-7.106898618,24,9.33,104.5016077,-0.068876339,-3.21577e-10,0,-2.89134e-10,NA,103.78637417666667,12.464419937854167,0.05738201431750356,"(69.6,115]"
"Soil",7,25,100,6706.4,2.667412,6.220324,4.079462875,2.570564,3.287546618,-6.123476,-6.840458618,24,9.46,101.6913319,-0.065383123,-3.05267e-10,0,-2.73271e-10,NA,103.78637417666667,12.464419937854167,-0.16808181103591333,"(69.6,115]"
"Soil",8,25,100,13641.8,3.222244,6.220324,4.079462875,2.570564,3.287546618,-5.568644,-6.285626618,24,9.44,104.7669492,-0.060207163,-2.81101e-10,0,-2.49037e-10,NA,103.78637417666667,12.464419937854167,0.0786699283418192,"(69.6,115]"
"Soil",9,25,100,15780.5,3.39334,6.220324,4.079462875,2.570564,3.287546618,-5.397548,-6.114530618,24,9.48,104.1139241,-0.058321188,-2.72296e-10,0,-2.40367e-10,NA,103.78637417666667,12.464419937854167,0.026278793956433903,"(69.6,115]"
"Soil",1,35,10,1026714.2,83.989036,6.220324,4.079462875,2.570564,3.287546618,75.198148,74.48116538,24.25,9.17,16.35768811,0.726855702,3.39362e-9,0.733852678,3.42628e-9,NA,16.390374516666668,1.9844409186614198,-0.01647134281463757,"[13.9,25]"
"Soil",2,35,10,2511964,202.80902,6.220324,4.079462875,2.570564,3.287546618,194.018132,193.3011494,24.25,9.31,16.433942,1.858043296,8.67502e-9,1.864935054,8.7072e-9,NA,16.390374516666668,1.9844409186614198,0.02195453788703272,"[13.9,25]"
"Soil",3,35,10,39511.5,5.01282,6.220324,4.079462875,2.570564,3.287546618,-3.778068,-4.495050618,24.25,9.11,17.233809,-0.044155752,-2.06159e-10,0,-1.73275e-10,NA,16.390374516666668,1.9844409186614198,0.4250237310679227,"[13.9,25]"
"Soil",4,35,10,15256.5,3.07242,6.220324,4.079462875,2.570564,3.287546618,-5.718468,-6.435450618,24.25,9.15,17.26775956,-0.062940319,-2.93862e-10,0,-2.61122e-10,NA,16.390374516666668,1.9844409186614198,0.4421321063693644,"[13.9,25]"
"Soil",5,35,10,14371.9,3.001652,6.220324,4.079462875,2.570564,3.287546618,-5.789236,-6.506218618,24.25,9.24,16.77489177,-0.063012652,-2.942e-10,0,-2.61779e-10,NA,16.390374516666668,1.9844409186614198,0.19376603743522042,"[13.9,25]"
"Soil",6,35,10,76369.8,7.961484,6.220324,4.079462875,2.570564,3.287546618,-0.829404,-1.546386618,24.25,9.27,15.31823085,-0.014928268,-6.96986e-11,0,-3.73828e-11,NA,16.390374516666668,1.9844409186614198,-0.5402749240777944,"[13.9,25]"
"Soil",7,35,10,11145,2.7435,6.220324,4.079462875,2.570564,3.287546618,-6.047388,-6.764370618,24.25,9.39,14.48349308,-0.06446632,-3.00987e-10,0,-2.69084e-10,NA,16.390374516666668,1.9844409186614198,-0.9609162050301457,"[13.9,25]"
"Soil",8,35,10,13491.7,2.931236,6.220324,4.079462875,2.570564,3.287546618,-5.859652,-6.576634618,24.25,9.44,14.83050847,-0.062345167,-2.91083e-10,0,-2.5935e-10,NA,16.390374516666668,1.9844409186614198,-0.7860481166246344,"[13.9,25]"
"Soil",9,35,10,41122.3,5.141684,6.220324,4.079462875,2.570564,3.287546618,-3.649204,-4.366186618,24.25,9.35,14.65240642,-0.041788979,-1.95109e-10,0,-1.63069e-10,NA,16.390374516666668,1.9844409186614198,-0.8757973494312912,"[13.9,25]"
"Soil",1,35,25,14725.1,3.029908,6.220324,4.079462875,2.570564,3.287546618,-5.76098,-6.477962618,24.25,9.15,32.34972678,-0.063356097,-2.95803e-10,0,-2.63064e-10,NA,30.650454278055555,2.4168806143941635,0.7030849980028478,"(25,48.4]"
"Soil",2,35,25,20005.5,3.45234,6.220324,4.079462875,2.570564,3.287546618,-5.338548,-6.055530618,24.25,8.95,31.95530726,-0.060548061,-2.82693e-10,0,-2.49222e-10,NA,30.650454278055555,2.4168806143941635,0.5398913683088695,"(25,48.4]"
"Soil",3,35,25,21550.9,3.575972,6.220324,4.079462875,2.570564,3.287546618,-5.214916,-5.931898618,24.25,8.99,32.70300334,-0.059047988,-2.75689e-10,0,-2.42367e-10,NA,30.650454278055555,2.4168806143941635,0.8492554616558736,"(25,48.4]"
"Soil",4,35,25,18504.7,3.332276,6.220324,4.079462875,2.570564,3.287546618,-5.458612,-6.175594618,24.25,9.13,30.55859803,-0.060531171,-2.82614e-10,0,-2.49803e-10,NA,30.650454278055555,2.4168806143941635,-0.03800611726888379,"(25,48.4]"
"Soil",5,35,25,14158.7,2.984596,6.220324,4.079462875,2.570564,3.287546618,-5.806292,-6.523274618,24.25,9.08,30.39647577,-0.064291105,-3.00169e-10,0,-2.67177e-10,NA,30.650454278055555,2.4168806143941635,-0.1050852518502331,"(25,48.4]"
"Soil",6,35,25,15182.5,3.0665,6.220324,4.079462875,2.570564,3.287546618,-5.724388,-6.441370618,24.25,9.24,30.41125541,-0.062384599,-2.91267e-10,0,-2.58847e-10,NA,30.650454278055555,2.4168806143941635,-0.09897008012351327,"(25,48.4]"
"Soil",7,35,25,10617.6,2.701308,6.220324,4.079462875,2.570564,3.287546618,-6.08958,-6.806562618,24.25,9.33,30.54662379,-0.065285581,-3.04812e-10,0,-2.72704e-10,NA,30.650454278055555,2.4168806143941635,-0.042960536584708664,"(25,48.4]"
"Soil",9,35,25,15506.3,3.092404,6.220324,4.079462875,2.570564,3.287546618,-5.698484,-6.415466618,24.25,9.26,30.99352052,-0.061999521,-2.8947e-10,0,-2.57119e-10,NA,30.650454278055555,2.4168806143941635,0.14194587846054665,"(25,48.4]"
"Soil",1,35,50,28575.1,4.137908,6.220324,4.079462875,2.570564,3.287546618,-4.65298,-5.369962618,24.25,8.95,58.54748603,-0.053693202,-2.50688e-10,0,-2.17217e-10,NA,54.35978489055555,2.617496044504999,1.5998882398450371,"(48.4,69.6]"
"Soil",2,35,50,49585.6,5.818748,6.220324,4.079462875,2.570564,3.287546618,-2.97214,-3.689122618,24.25,9.04,57.8539823,-0.036519577,-1.70506e-10,0,-1.37368e-10,NA,54.35978489055555,2.617496044504999,1.3349389454780407,"(48.4,69.6]"
"Soil",3,35,50,11903.8,2.804204,6.220324,4.079462875,2.570564,3.287546618,-5.986684,-6.703666618,24.25,9.22,55.09761388,-0.065065768,-3.03786e-10,0,-2.71295e-10,NA,54.35978489055555,2.617496044504999,0.28188351649791227,"(48.4,69.6]"
"Soil",4,35,50,9180.3,2.586324,6.220324,4.079462875,2.570564,3.287546618,-6.204564,-6.921546618,24.25,9.241,58.11059409,-0.067027844,-3.12946e-10,0,-2.80529e-10,NA,54.35978489055555,2.617496044504999,1.4329760716615607,"(48.4,69.6]"
"Soil",5,35,50,26721.7,3.989636,6.220324,4.079462875,2.570564,3.287546618,-4.801252,-5.518234618,24.25,9.25,55.35135135,-0.053386261,-2.49255e-10,0,-2.16869e-10,NA,54.35978489055555,2.617496044504999,0.37882252449858694,"(48.4,69.6]"
"Soil",6,35,50,18513.4,3.332972,6.220324,4.079462875,2.570564,3.287546618,-5.457916,-6.174898618,24.25,9.21,53.9630836,-0.059998622,-2.80128e-10,0,-2.47601e-10,NA,54.35978489055555,2.617496044504999,-0.15155755111392197,"(48.4,69.6]"
"Soil",7,35,50,17136.1,3.222788,6.220324,4.079462875,2.570564,3.287546618,-5.5681,-6.285082618,24.25,9.24,54.32900433,-0.060870952,-2.842e-10,0,-2.5178e-10,NA,54.35978489055555,2.617496044504999,-0.011759544248471546,"(48.4,69.6]"
"Soil",8,35,50,16643.6,3.183388,6.220324,4.079462875,2.570564,3.287546618,-5.6075,-6.324482618,24.25,9.6,47.08333333,-0.05895557,-2.75258e-10,0,-2.44053e-10,NA,54.35978489055555,2.617496044504999,-2.7799283883661485,"(25,48.4]"
"Soil",9,35,50,66127.8,7.142124,6.220324,4.079462875,2.570564,3.287546618,-1.648764,-2.365746618,24.25,9.13,55.96933187,-0.023188279,-1.08264e-10,0,-7.54525e-11,NA,54.35978489055555,2.617496044504999,0.6149185909271664,"(48.4,69.6]"
"Soil",1,35,100,39105.4,4.980332,6.220324,4.079462875,2.570564,3.287546618,-3.810556,-4.527538618,24.25,9.09,111.2211221,-0.044572742,-2.08106e-10,0,-1.7515e-10,NA,103.78637417666667,12.464419937854167,0.5964776508174414,"(69.6,115]"
"Soil",2,35,100,31350.6,4.359948,6.220324,4.079462875,2.570564,3.287546618,-4.43094,-5.147922618,24.25,9.03,107.4197121,-0.051017049,-2.38194e-10,0,-2.05019e-10,NA,103.78637417666667,12.464419937854167,0.291496751669844,"(69.6,115]"
"Soil",3,35,100,18521.5,3.33362,6.220324,4.079462875,2.570564,3.287546618,-5.457268,-6.174250618,24.25,9.11,111.1964874,-0.060650858,-2.83173e-10,0,-2.50289e-10,NA,103.78637417666667,12.464419937854167,0.5945012491779883,"(69.6,115]"
"Soil",4,35,100,21089.8,3.539084,6.220324,4.079462875,2.570564,3.287546618,-5.251804,-5.968786618,24.25,9.43,105.8324496,-0.056642894,-2.6446e-10,0,-2.32693e-10,NA,103.78637417666667,12.464419937854167,0.16415328058062686,"(69.6,115]"
"Soil",5,35,100,19531,3.41438,6.220324,4.079462875,2.570564,3.287546618,-5.376508,-6.093490618,24.25,9.44,104.7669492,-0.05776506,-2.69699e-10,0,-2.37965e-10,NA,103.78637417666667,12.464419937854167,0.0786699283418192,"(69.6,115]"
"Soil",6,35,100,6005.3,2.332324,6.220324,4.079462875,2.570564,3.287546618,-6.458564,-7.175546618,24.25,9.43,105.4082715,-0.068094866,-3.17928e-10,0,-2.86161e-10,NA,103.78637417666667,12.464419937854167,0.13012216624759748,"(69.6,115]"
"Soil",7,35,100,20402.4,3.484092,6.220324,4.079462875,2.570564,3.287546618,-5.306796,-6.023778618,24.25,9.52,100.9453782,-0.056624337,-2.64373e-10,0,-2.32906e-10,NA,103.78637417666667,12.464419937854167,-0.22792845482031893,"(69.6,115]"
"Soil",8,35,100,24325.8,3.797964,6.220324,4.079462875,2.570564,3.287546618,-4.992924,-5.709906618,24.25,9.17,108.7241003,-0.055722519,-2.60163e-10,0,-2.27495e-10,NA,103.78637417666667,12.464419937854167,0.3961456809022913,"(69.6,115]"
"Soil",9,35,100,28910.3,4.164724,6.220324,4.079462875,2.570564,3.287546618,-4.626164,-5.343146618,24.25,9.39,105.1118211,-0.050921662,-2.37748e-10,0,-2.05845e-10,NA,103.78637417666667,12.464419937854167,0.10633843611991747,"(69.6,115]"
"Litter",1,5,25,5154,2.32206,2.1591825,5.28785925,3.108894,3.996874906,-2.9460165,-3.833997406,24,1.52,47.36842105,-0.228076113,-1.06486e-9,0,-8.18234e-10,"Litter start drying @ 9:45am 8/16",46.65753027,6.852436769576005,0.10374277120750232,"[34,55.3]"
"Litter",2,5,25,7503.4,2.533506,2.1591825,5.28785925,3.108894,3.996874906,-2.7345705,-3.622551406,24,1.71,57.89473684,-0.191553469,-8.94344e-10,0,-6.75117e-10,NA,46.65753027,6.852436769576005,1.6398847516392774,"(55.3,92.7]"
"Litter",3,5,25,3492.5,2.172525,2.1591825,5.28785925,3.108894,3.996874906,-3.0955515,-3.983532406,24,1.52,50.65789474,-0.236971623,-1.1064e-9,0,-8.59767e-10,NA,46.65753027,6.852436769576005,0.5837871409133081,"[34,55.3]"
"Litter",4,5,25,10684.8,2.819832,2.1591825,5.28785925,3.108894,3.996874906,-2.4482445,-3.336225406,24,1.54,47.4025974,-0.195887282,-9.14578e-10,0,-6.71151e-10,NA,46.65753027,6.852436769576005,0.1087302451746806,"[34,55.3]"
"Litter",5,5,25,4621.8,2.274162,2.1591825,5.28785925,3.108894,3.996874906,-2.9939145,-3.881895406,24,1.47,44.89795918,-0.238780067,-1.11484e-9,0,-8.59821e-10,NA,46.65753027,6.852436769576005,-0.25678034678295547,"[34,55.3]"
"Litter",6,5,25,2833.9,2.113251,2.1591825,5.28785925,3.108894,3.996874906,-3.1548255,-4.042806406,24,1.52,57.89473684,-0.240497703,-1.12286e-9,0,-8.7623e-10,NA,46.65753027,6.852436769576005,1.6398847516392774,"(55.3,92.7]"
"Litter",7,5,25,20524.2,3.705378,2.1591825,5.28785925,3.108894,3.996874906,-1.5626985,-2.450679406,24,1.08,50,-0.205179667,-9.57963e-10,0,-6.10854e-10,NA,46.65753027,6.852436769576005,0.48777826668027957,"[34,55.3]"
"Litter",8,5,25,4148.6,2.231574,2.1591825,5.28785925,3.108894,3.996874906,-3.0365025,-3.924483406,24,1.28,56.25,-0.277232476,-1.29437e-9,0,-1.0015e-9,NA,46.65753027,6.852436769576005,1.3998625675160419,"(55.3,92.7]"
"Litter",9,5,25,7875.9,2.567031,2.1591825,5.28785925,3.108894,3.996874906,-2.7010455,-3.589026406,24,1.48,52.7027027,-0.219273684,-1.02377e-9,0,-7.70471e-10,NA,46.65753027,6.852436769576005,0.8821930990797083,"[34,55.3]"
"Litter",1,5,50,4613.8,2.273442,2.1591825,5.28785925,3.108894,3.996874906,-2.9946345,-3.882615406,24,1.52,72.36842105,-0.230968291,-1.07837e-9,0,-8.31738e-10,NA,67.44834084055556,11.941257712919011,0.41202361825936457,"(55.3,92.7]"
"Litter",2,5,50,0,1.8582,2.1591825,5.28785925,3.108894,3.996874906,-3.4098765,-4.297857406,24,1.71,63.74269006,-0.227262337,-1.06107e-9,0,-8.41838e-10,NA,67.44834084055556,11.941257712919011,-0.3103233235261716,"(55.3,92.7]"
"Litter",3,5,50,1527.1,1.995639,2.1591825,5.28785925,3.108894,3.996874906,-3.2724375,-4.160418406,24,1.53,71.24183007,-0.245876574,-1.14797e-9,0,-9.02955e-10,NA,67.44834084055556,11.941257712919011,0.3176792026974131,"(55.3,92.7]"
"Litter",4,5,50,2357,2.07033,2.1591825,5.28785925,3.108894,3.996874906,-3.1977465,-4.085727406,24,1.47,74.82993197,-0.251318019,-1.17338e-9,0,-9.1836e-10,NA,67.44834084055556,11.941257712919011,0.6181585982738189,"(55.3,92.7]"
"Litter",5,5,50,7628.5,2.544765,2.1591825,5.28785925,3.108894,3.996874906,-2.7233115,-3.611292406,24,1.47,73.46938776,-0.222134951,-1.03713e-9,0,-7.82107e-10,NA,67.44834084055556,11.941257712919011,0.504222173593188,"(55.3,92.7]"
"Litter",6,5,50,5411.9,2.345271,2.1591825,5.28785925,3.108894,3.996874906,-2.9228055,-3.810786406,24,1.47,76.8707483,-0.234406067,-1.09442e-9,0,-8.394e-10,NA,67.44834084055556,11.941257712919011,0.7890632365509143,"(55.3,92.7]"
"Litter",7,5,50,9278,2.69322,2.1591825,5.28785925,3.108894,3.996874906,-2.5748565,-3.462837406,24,1.52,69.73684211,-0.205996617,-9.61778e-10,0,-7.15147e-10,NA,67.44834084055556,11.941257712919011,0.19164658568322782,"(55.3,92.7]"
"Litter",8,5,50,4973.9,2.305851,2.1591825,5.28785925,3.108894,3.996874906,-2.9622255,-3.850206406,24,1.29,88.37209302,-0.269877002,-1.26003e-9,0,-9.69426e-10,NA,67.44834084055556,11.941257712919011,1.7522234828587142,"(55.3,92.7]"
"Litter",9,5,50,5357.6,2.340384,2.1591825,5.28785925,3.108894,3.996874906,-2.9276925,-3.815673406,24,1.38,88.4057971,-0.250013629,-1.16729e-9,0,-8.95638e-10,NA,67.44834084055556,11.941257712919011,1.7550459728183392,"(55.3,92.7]"
"Litter",1,5,100,7190.4,2.505336,2.1591825,5.28785925,3.108894,3.996874906,-2.7627405,-3.650721406,24,1.59,132.7044025,-0.207612331,-9.69321e-10,0,-7.33549e-10,NA,132.78542332857143,12.374217913978553,-0.0065475514601948505,"(92.7,159]"
"Litter",2,5,100,5052.9,2.312961,2.1591825,5.28785925,3.108894,3.996874906,-2.9551155,-3.843096406,24,1.07,142.9906542,-0.324764894,-1.51629e-9,0,-1.16594e-9,NA,132.78542332857143,12.374217913978553,0.8247172421216387,"(92.7,159]"
"Litter",3,5,100,6337.7,2.428593,2.1591825,5.28785925,3.108894,3.996874906,-2.8394835,-3.727464406,24,1.44,144.4444444,-0.234057514,-1.09279e-9,0,-8.32459e-10,NA,132.78542332857143,12.374217913978553,0.9422026630271279,"(92.7,159]"
"Litter",4,5,100,3305.4,2.155686,2.1591825,5.28785925,3.108894,3.996874906,-3.1123905,-4.000371406,24,1.6,127.5,-0.226074671,-1.05552e-9,0,-8.21221e-10,NA,132.78542332857143,12.374217913978553,-0.42713190969432824,"(92.7,159]"
"Litter",5,5,100,3078.3,2.135247,2.1591825,5.28785925,3.108894,3.996874906,-3.1328295,-4.020810406,24,1.51,142.384106,-0.240773244,-1.12415e-9,0,-8.75883e-10,NA,132.78542332857143,12.374217913978553,0.7757001483370849,"(92.7,159]"
"Litter",6,5,100,15583.6,3.260724,2.1591825,5.28785925,3.108894,3.996874906,-2.0073525,-2.895333406,24,1.47,143.537415,-0.178095449,-8.3151e-10,0,-5.7649100000000005e-10,NA,132.78542332857143,12.374217913978553,0.8689027255033694,"(92.7,159]"
"Litter",7,5,100,9911.3,2.750217,2.1591825,5.28785925,3.108894,3.996874906,-2.5178595,-3.405840406,24,1.5,142.6666667,-0.205307403,-9.5856e-10,0,-7.08641e-10,NA,132.78542332857143,12.374217913978553,0.7985347793387589,"(92.7,159]"
"Litter",8,5,100,6182.3,2.414607,2.1591825,5.28785925,3.108894,3.996874906,-2.8534695,-3.741450406,24,1.56,126.2820513,-0.216863753,-1.01252e-9,0,-7.72209e-10,NA,132.78542332857143,12.374217913978553,-0.5255582270961041,"(92.7,159]"
"Litter",9,5,100,4007.9,2.218911,2.1591825,5.28785925,3.108894,3.996874906,-3.0491655,-3.937146406,24,1.37,118.9781022,-0.259855895,-1.21324e-9,0,-9.39608e-10,NA,132.78542332857143,12.374217913978553,-1.1158136396623475,"(92.7,159]"
"Litter",1,5,150,6794.9,2.469741,2.1591825,5.28785925,3.108894,3.996874906,-2.7983355,-3.686316406,24,1.48,192.5675676,-0.225217674,-1.05152e-9,0,-7.98223e-10,NA,187.0085795352778,21.960535477607618,0.25313536049202917,"(159,231]"
"Litter",2,5,150,7155.5,2.502195,2.1591825,5.28785925,3.108894,3.996874906,-2.7658815,-3.653862406,24,1.5,194.6666667,-0.220258413,-1.02836e-9,0,-7.78446e-10,NA,187.0085795352778,21.960535477607618,0.34872042043468837,"(159,231]"
"Litter",3,5,150,6922.5,2.481225,2.1591825,5.28785925,3.108894,3.996874906,-2.7868515,-3.674832406,24,1.49,184.5637584,-0.223009233,-1.04121e-9,0,-7.89612e-10,NA,187.0085795352778,21.960535477607618,-0.11132793814479958,"(159,231]"
"Litter",4,5,150,5863.8,2.385942,2.1591825,5.28785925,3.108894,3.996874906,-2.8821345,-3.770115406,24,1.48,200,-0.230337424,-1.07542e-9,0,-8.22127e-10,NA,187.0085795352778,21.960535477607618,0.5915803136025123,"(159,231]"
"Litter",5,5,150,13793.4,3.099606,2.1591825,5.28785925,3.108894,3.996874906,-2.1684705,-3.056451406,24,1.6,161.875,-0.172730523,-8.06462e-10,0,-5.72163e-10,NA,187.0085795352778,21.960535477607618,-1.1444884648147862,"(159,231]"
"Litter",6,5,150,7201.1,2.506299,2.1591825,5.28785925,3.108894,3.996874906,-2.7617775,-3.649758406,24,1.52,196.7105263,-0.217116138,-1.01369e-9,0,-7.67063e-10,NA,187.0085795352778,21.960535477607618,0.4417900817862543,"(159,231]"
"Litter",7,5,150,16686.7,3.360003,2.1591825,5.28785925,3.108894,3.996874906,-1.9080735,-2.796054406,24,1.57,189.1719745,-0.161033985,-7.51852e-10,0,-5.13076e-10,NA,187.0085795352778,21.960535477607618,0.09851285124300146,"(159,231]"
"Litter",8,5,150,51130.8,6.459972,2.1591825,5.28785925,3.108894,3.996874906,1.1918955,0.303914594,24,1.63,180.3680982,0.016859144,7.87137e-11,0.066118372,3.087e-10,NA,187.0085795352778,21.960535477607618,-0.3023824870777337,"(159,231]"
"Litter",9,5,150,1554.4,1.998096,2.1591825,5.28785925,3.108894,3.996874906,-3.2699805,-4.157961406,24,1.54,194.8051948,-0.24413571,-1.13985e-9,0,-8.96418e-10,NA,187.0085795352778,21.960535477607618,0.35502846789287784,"(159,231]"
"Litter",1,15,25,15431.5,3.247035,2.1591825,5.28785925,3.108894,3.996874906,-2.0210415,-2.909022406,24,1.55,49.03225806,-0.169701993,-7.92322e-10,0,-5.50465e-10,NA,46.65753027,6.852436769576005,0.34655230976278395,"[34,55.3]"
"Litter",2,15,25,14573.5,3.169815,2.1591825,5.28785925,3.108894,3.996874906,-2.0982615,-2.986242406,24,1.44,47.22222222,-0.187514192,-8.75485e-10,0,-6.15153e-10,NA,46.65753027,6.852436769576005,0.08240746598453284,"[34,55.3]"
"Litter",3,15,25,17384.6,3.422814,2.1591825,5.28785925,3.108894,3.996874906,-1.8452625,-2.733243406,24,1.47,51.02040816,-0.168125098,-7.84959e-10,0,-5.2994e-10,NA,46.65753027,6.852436769576005,0.6366899887891929,"[34,55.3]"
"Litter",4,15,25,7063.7,2.493933,2.1591825,5.28785925,3.108894,3.996874906,-2.7741435,-3.662124406,24,1.45,53.79310345,-0.228368746,-1.06623e-9,0,-8.07694e-10,NA,46.65753027,6.852436769576005,1.041319083990834,"[34,55.3]"
"Litter",5,15,25,7615.4,2.543586,2.1591825,5.28785925,3.108894,3.996874906,-2.7244905,-3.612471406,24,1.64,41.46341463,-0.199173771,-9.29922e-10,0,-7.01338e-10,NA,46.65753027,6.852436769576005,-0.7579954131151196,"[34,55.3]"
"Litter",6,15,25,4792.8,2.289552,2.1591825,5.28785925,3.108894,3.996874906,-2.9785245,-3.866505406,24,1.66,38.55421687,-0.210611514,-9.83324e-10,0,-7.57494e-10,NA,46.65753027,6.852436769576005,-1.1825447899027308,"[34,55.3]"
"Litter",7,15,25,10895.6,2.838804,2.1591825,5.28785925,3.108894,3.996874906,-2.4292725,-3.317253406,24,1.7,38.23529412,-0.176441728,-8.23789e-10,0,-6.03272e-10,NA,46.65753027,6.852436769576005,-1.2290862992554297,"[34,55.3]"
"Litter",8,15,25,16869.3,3.376437,2.1591825,5.28785925,3.108894,3.996874906,-1.8916395,-2.779620406,24,1.37,58.39416058,-0.183457935,-8.56547e-10,0,-5.82913e-10,NA,46.65753027,6.852436769576005,1.7127674000742659,"(55.3,92.7]"
"Litter",9,15,25,9713,2.73237,2.1591825,5.28785925,3.108894,3.996874906,-2.5357065,-3.423687406,24,1.42,55.63380282,-0.218010463,-1.01787e-9,0,-7.53871e-10,NA,46.65753027,6.852436769576005,1.309938763660479,"(55.3,92.7]"
"Litter",1,15,50,12577.5,2.990175,2.1591825,5.28785925,3.108894,3.996874906,-2.2779015,-3.165882406,24,1.63,64.41717791,-0.175621932,-8.19961e-10,0,-5.89975e-10,NA,67.44834084055556,11.941257712919011,-0.25383950362918617,"(55.3,92.7]"
"Litter",2,15,50,13513.6,3.074424,2.1591825,5.28785925,3.108894,3.996874906,-2.1936525,-3.081633406,24,1.52,70.39473684,-0.18331962500000001,-8.55901e-10,0,-6.09271e-10,NA,67.44834084055556,11.941257712919011,0.24674084340854532,"(55.3,92.7]"
"Litter",3,15,50,12009.8,2.939082,2.1591825,5.28785925,3.108894,3.996874906,-2.3289945,-3.216975406,24,1.53,68.62745098,-0.190120035,-8.87651e-10,0,-6.42633e-10,NA,67.44834084055556,11.941257712919011,0.09874254184873597,"(55.3,92.7]"
"Litter",4,15,50,16521.2,3.345108,2.1591825,5.28785925,3.108894,3.996874906,-1.9229685,-2.810949406,24,1.49,55.70469799,-0.170584017,-7.9644e-10,0,-5.44844e-10,NA,67.44834084055556,11.941257712919011,-0.9834510847086354,"(55.3,92.7]"
"Litter",5,15,50,9364.5,2.701005,2.1591825,5.28785925,3.108894,3.996874906,-2.5670715,-3.455052406,24,1.58,71.51898734,-0.197728434,-9.23174e-10,0,-6.8591e-10,NA,67.44834084055556,11.941257712919011,0.3408892595158116,"(55.3,92.7]"
"Litter",6,15,50,11415,2.88555,2.1591825,5.28785925,3.108894,3.996874906,-2.3825265,-3.270507406,24,1.69,53.84615385,-0.174984672,-8.16986e-10,0,-5.95165e-10,NA,67.44834084055556,11.941257712919011,-1.139091653288717,"[34,55.3]"
"Litter",7,15,50,4566.6,2.269194,2.1591825,5.28785925,3.108894,3.996874906,-2.9988825,-3.886863406,24,1.7,62.94117647,-0.206738772,-9.65243e-10,0,-7.44726e-10,NA,67.44834084055556,11.941257712919011,-0.37744469459689706,"(55.3,92.7]"
"Litter",8,15,50,11243.1,2.870079,2.1591825,5.28785925,3.108894,3.996874906,-2.3979975,-3.285978406,24,1.34,85.07462687,-0.221733587,-1.03525e-9,0,-7.55492e-10,NA,67.44834084055556,11.941257712919011,1.476082876125763,"(55.3,92.7]"
"Litter",9,15,50,9583.7,2.720733,2.1591825,5.28785925,3.108894,3.996874906,-2.5473435,-3.435324406,24,1.34,97.01492537,-0.231811262,-1.0823e-9,0,-8.02544e-10,NA,67.44834084055556,11.941257712919011,2.476002548496792,"(92.7,159]"
"Litter",2,15,100,9785.6,2.738904,2.1591825,5.28785925,3.108894,3.996874906,-2.5291725,-3.417153406,24,1.57,118.4713376,-0.196805123,-9.18863e-10,0,-6.80088e-10,NA,132.78542332857143,12.374217913978553,-1.1567669026097802,"(92.7,159]"
"Litter",3,15,100,17816.1,3.461649,2.1591825,5.28785925,3.108894,3.996874906,-1.8064275,-2.694408406,24,1.57,132.4840764,-0.155179857,-7.24519e-10,0,-4.85744e-10,NA,132.78542332857143,12.374217913978553,-0.024352806025099708,"(92.7,159]"
"Litter",4,15,100,12580.4,2.990436,2.1591825,5.28785925,3.108894,3.996874906,-2.2776405,-3.165621406,24,1.46,143.8356164,-0.196054897,-9.15361e-10,0,-6.58595e-10,NA,132.78542332857143,12.374217913978553,0.8930013313363182,"(92.7,159]"
"Litter",5,15,100,6700.5,2.461245,2.1591825,5.28785925,3.108894,3.996874906,-2.8068315,-3.694812406,24,1.54,143.5064935,-0.216941804,-1.01288e-9,0,-7.69452e-10,NA,132.78542332857143,12.374217913978553,0.866403860507217,"(92.7,159]"
"Litter",6,15,100,8824.7,2.652423,2.1591825,5.28785925,3.108894,3.996874906,-2.6156535,-3.503634406,24,1.58,124.6835443,-0.200508723,-9.36155e-10,0,-6.98891e-10,NA,132.78542332857143,12.374217913978553,-0.6547386739827115,"(92.7,159]"
"Litter",7,15,100,11695.8,2.910822,2.1591825,5.28785925,3.108894,3.996874906,-2.3572545,-3.245235406,24,1.6,121.25,-0.183399353,-8.56273e-10,0,-6.21975e-10,NA,132.78542332857143,12.374217913978553,-0.9322143353836058,"(92.7,159]"
"Litter",8,15,100,8170.2,2.593518,2.1591825,5.28785925,3.108894,3.996874906,-2.6745585,-3.562539406,24,1.5,142.6666667,-0.214753373,-1.00266e-9,0,-7.52743e-10,NA,132.78542332857143,12.374217913978553,0.7985347793387589,"(92.7,159]"
"Litter",9,15,100,28666.7,4.438203,2.1591825,5.28785925,3.108894,3.996874906,-0.8298735,-1.717854406,24,1.41,161.7021277,-0.110163777,-5.14344e-10,0,-2.48473e-10,NA,132.78542332857143,12.374217913978553,2.3368510698977416,"(159,231]"
"Litter",1,15,150,15359.8,3.240582,2.1591825,5.28785925,3.108894,3.996874906,-2.0274945,-2.915475406,24,1.85,162.1621622,-0.142498151,-6.6531e-10,0,-4.62673e-10,NA,187.0085795352778,21.960535477607618,-1.1314121807554645,"(159,231]"
"Litter",2,15,150,13835.4,3.103386,2.1591825,5.28785925,3.108894,3.996874906,-2.1646905,-3.052671406,24,1.45,192.4137931,-0.190363479,-8.88788e-10,0,-6.30252e-10,NA,187.0085795352778,21.960535477607618,0.24613304945290193,"(159,231]"
"Litter",3,15,150,16912.4,3.380316,2.1591825,5.28785925,3.108894,3.996874906,-1.8877605,-2.775741406,24,1.57,191.0828025,-0.159864093,-7.46389e-10,0,-5.07614e-10,NA,187.0085795352778,21.960535477607618,0.18552475502596763,"(159,231]"
"Litter",4,15,150,25007.1,4.108839,2.1591825,5.28785925,3.108894,3.996874906,-1.1592375,-2.047218406,24,1.5,184.6666667,-0.123408335,-5.76181e-10,0,-3.26263e-10,NA,187.0085795352778,21.960535477607618,-0.10664188210099647,"(159,231]"
"Litter",5,15,150,25282.7,4.133643,2.1591825,5.28785925,3.108894,3.996874906,-1.1344335,-2.022414406,24,1.69,168.6390533,-0.108206916,-5.05207e-10,0,-2.83386e-10,NA,187.0085795352778,21.960535477607618,-0.8364789762985764,"(159,231]"
"Litter",6,15,150,6188.6,2.415174,2.1591825,5.28785925,3.108894,3.996874906,-2.8529025,-3.740883406,24,1.59,166.6666667,-0.21273974,-9.93261e-10,0,-7.57488e-10,NA,187.0085795352778,21.960535477607618,-0.9262940266652292,"(159,231]"
"Litter",7,15,150,45407.8,5.944902,2.1591825,5.28785925,3.108894,3.996874906,0.6768255,-0.211155406,24,1.66,175.3012048,-0.011501797,-5.37007e-11,0.036867204,1.72129e-10,NA,187.0085795352778,21.960535477607618,-0.5331097116104201,"(159,231]"
"Litter",8,15,150,19269.6,3.592464,2.1591825,5.28785925,3.108894,3.996874906,-1.6756125,-2.563593406,24,1.34,230.5970149,-0.172987978,-8.07664e-10,0,-5.27904e-10,NA,187.0085795352778,21.960535477607618,1.9848530291607782,"(159,231]"
"Litter",9,15,150,30577.1,4.610139,2.1591825,5.28785925,3.108894,3.996874906,-0.6579375,-1.545918406,24,1.65,189.6969697,-0.084717708,-3.95539e-10,0,-1.6834e-10,NA,187.0085795352778,21.960535477607618,0.12241915355222,"(159,231]"
"Litter",1,25,25,35135.3,4.941724,6.220324,5.28785925,3.108894,3.996874906,-4.387494,-5.275474906,24,1.61,39.13043478,-0.29628336,-1.38332e-9,0,-1.15047e-9,NA,46.65753027,6.852436769576005,-1.0984553003713073,"[34,55.3]"
"Litter",2,25,25,31483.5,4.64958,6.220324,5.28785925,3.108894,3.996874906,-4.679638,-5.567618906,24,1.6,40,-0.314645188,-1.46905e-9,0,-1.23475e-9,NA,46.65753027,6.852436769576005,-0.9715566146569402,"[34,55.3]"
"Litter",3,25,25,20233.3,3.749564,6.220324,5.28785925,3.108894,3.996874906,-5.579654,-6.467634906,24,1.56,41.02564103,-0.374880175,-1.75028e-9,0,-1.50997e-9,NA,46.65753027,6.852436769576005,-0.8218812415759764,"[34,55.3]"
"Litter",4,25,25,19833.2,3.717556,6.220324,5.28785925,3.108894,3.996874906,-5.611662,-6.499642906,24,1.64,43.29268293,-0.358358099,-1.67314e-9,0,-1.44455e-9,NA,46.65753027,6.852436769576005,-0.4910439093636766,"[34,55.3]"
"Litter",5,25,25,31456.2,4.647396,6.220324,5.28785925,3.108894,3.996874906,-4.681822,-5.569802906,24,1.46,45.89041096,-0.344951905,-1.61055e-9,0,-1.35378e-9,NA,46.65753027,6.852436769576005,-0.11194839672303476,"[34,55.3]"
"Litter",6,25,25,20259.7,3.751676,6.220324,5.28785925,3.108894,3.996874906,-5.577542,-6.465522906,24,1.66,36.74698795,-0.352181989,-1.6443e-9,0,-1.41847e-9,NA,46.65753027,6.852436769576005,-1.4462800100544702,"[34,55.3]"
"Litter",7,25,25,19753.3,3.711164,6.220324,5.28785925,3.108894,3.996874906,-5.618054,-6.506034906,24,1.74,34.48275862,-0.338094975,-1.57853e-9,0,-1.36308e-9,NA,46.65753027,6.852436769576005,-1.7767068941160502,"[34,55.3]"
"Litter",8,25,25,21639,3.86202,6.220324,5.28785925,3.108894,3.996874906,-5.467198,-6.355178906,24,1.46,54.10958904,-0.393592216,-1.83764e-9,0,-1.58088e-9,NA,46.65753027,6.852436769576005,1.087504930083594,"[34,55.3]"
"Litter",9,25,25,21953.2,3.887156,6.220324,5.28785925,3.108894,3.996874906,-5.442062,-6.330042906,24,1.44,52.77777778,-0.397480417,-1.8558e-9,0,-1.59546e-9,NA,46.65753027,6.852436769576005,0.8931490673760263,"[34,55.3]"
"Litter",1,25,50,35394.8,4.962484,6.220324,5.28785925,3.108894,3.996874906,-4.366734,-5.254714906,24,1.74,58.04597701,-0.273068425,-1.27493e-9,0,-1.05948e-9,NA,67.44834084055556,11.941257712919011,-0.7873847174727102,"(55.3,92.7]"
"Litter",2,25,50,31125.3,4.620924,6.220324,5.28785925,3.108894,3.996874906,-4.708294,-5.596274906,24,1.5,58.66666667,-0.337348945,-1.57505e-9,0,-1.32513e-9,NA,67.44834084055556,11.941257712919011,-0.7354061340670038,"(55.3,92.7]"
"Litter",3,25,50,39595.6,5.298548,6.220324,5.28785925,3.108894,3.996874906,-4.03067,-4.918650906,24,1.63,55.21472393,-0.272853778,-1.27393e-9,0,-1.04394e-9,NA,67.44834084055556,11.941257712919011,-1.0244831159887164,"[34,55.3]"
"Litter",4,25,50,33565.7,4.816156,6.220324,5.28785925,3.108894,3.996874906,-4.513062,-5.401042906,24,1.48,70.94594595,-0.329979901,-1.54064e-9,0,-1.28735e-9,NA,67.44834084055556,11.941257712919011,0.29290089817427234,"(55.3,92.7]"
"Litter",5,25,50,35489.4,4.970052,6.220324,5.28785925,3.108894,3.996874906,-4.359166,-5.247146906,24,1.64,70.12195122,-0.289301677,-1.35072e-9,0,-1.12214e-9,NA,67.44834084055556,11.941257712919011,0.22389688286786694,"(55.3,92.7]"
"Litter",6,25,50,42369.9,5.520492,6.220324,5.28785925,3.108894,3.996874906,-3.808726,-4.696706906,24,1.66,56.62650602,-0.255833226,-1.19446e-9,0,-9.6863e-10,NA,67.44834084055556,11.941257712919011,-0.9062558635551119,"(55.3,92.7]"
"Litter",7,25,50,57581.3,6.737404,6.220324,5.28785925,3.108894,3.996874906,-2.591814,-3.479794906,24,1.85,54.59459459,-0.170080097,-7.94087e-10,0,-5.9145e-10,NA,67.44834084055556,11.941257712919011,-1.0764147763639123,"[34,55.3]"
"Litter",8,25,50,25438.6,4.165988,6.220324,5.28785925,3.108894,3.996874906,-5.16323,-6.051210906,24,1.42,78.16901408,-0.385323522,-1.79904e-9,0,-1.53504e-9,NA,67.44834084055556,11.941257712919011,0.8977842616901194,"(55.3,92.7]"
"Litter",9,25,50,35254.5,4.95126,6.220324,5.28785925,3.108894,3.996874906,-4.377958,-5.265938906,24,1.38,78.26086957,-0.345039094,-1.61095e-9,0,-1.3393e-9,NA,67.44834084055556,11.941257712919011,0.905476541030228,"(55.3,92.7]"
"Litter",1,25,100,79751,8.51098,6.220324,5.28785925,3.108894,3.996874906,-0.818238,-1.706218906,24,1.53,120.9150327,-0.100835834,-4.70792e-10,0,-2.25774e-10,NA,132.78542332857143,12.374217913978553,-0.9592841108093001,"(92.7,159]"
"Litter",2,25,100,79039.1,8.454028,6.220324,5.28785925,3.108894,3.996874906,-0.87519,-1.763170906,24,1.45,133.1034483,-0.109950696,-5.13349e-10,0,-2.54812e-10,NA,132.78542332857143,12.374217913978553,0.025700611839824916,"(92.7,159]"
"Litter",3,25,100,46254.6,5.831268,6.220324,5.28785925,3.108894,3.996874906,-3.49795,-4.385930906,24,1.43,112.5874126,-0.277330301,-1.29483e-9,0,-1.03268e-9,NA,132.78542332857143,12.374217913978553,-1.6322656404615858,"(92.7,159]"
"Litter",4,25,100,148114.6,13.980068,6.220324,5.28785925,3.108894,3.996874906,4.65085,3.762869094,24,1.41,143.9716312,0.241307918,1.12664e-9,0.298252983,1.39251e-9,NA,132.78542332857143,12.374217913978553,0.9039931209545008,"(92.7,159]"
"Litter",5,25,100,76915.1,8.284108,6.220324,5.28785925,3.108894,3.996874906,-1.04511,-1.933090906,24,1.57,123.566879,-0.111333074,-5.19803e-10,0,-2.81027e-10,NA,132.78542332857143,12.374217913978553,-0.7449799569278381,"(92.7,159]"
"Litter",6,25,100,34446.7,4.886636,6.220324,5.28785925,3.108894,3.996874906,-4.442582,-5.330562906,24,1.64,112.195122,-0.293900822,-1.37219e-9,0,-1.14361e-9,NA,132.78542332857143,12.374217913978553,-1.6639678945132819,"(92.7,159]"
"Litter",7,25,100,55218.8,6.548404,6.220324,5.28785925,3.108894,3.996874906,-2.780814,-3.668794906,24,1.46,121.9178082,-0.227217697,-1.06086e-9,0,-8.04091e-10,NA,132.78542332857143,12.374217913978553,-0.8782466256954157,"(92.7,159]"
"Litter",8,25,100,112373.1,11.120748,6.220324,5.28785925,3.108894,3.996874906,1.79153,0.903549094,24,1.44,136.8055556,0.056736277,2.64896e-10,0.112494987,5.25228e-10,NA,132.78542332857143,12.374217913978553,0.3248797054791816,"(92.7,159]"
"Litter",9,25,100,88399.6,9.202868,6.220324,5.28785925,3.108894,3.996874906,-0.12635,-1.014330906,24,1.4,145,-0.065512353,-3.05871e-10,0,-3.81007e-11,NA,132.78542332857143,12.374217913978553,0.987098882235649,"(92.7,159]"
"Litter",1,25,150,5612.8,2.579924,6.220324,5.28785925,3.108894,3.996874906,-6.749294,-7.637274906,24,1.55,176.1290323,-0.445531383,-2.08014e-9,0,-1.83828e-9,NA,187.0085795352778,21.960535477607618,-0.49541356796018354,"(159,231]"
"Litter",3,25,150,56243,6.63034,6.220324,5.28785925,3.108894,3.996874906,-2.698878,-3.586858906,24,1.52,205.2631579,-0.213374384,-9.96224e-10,0,-7.49594e-10,NA,187.0085795352778,21.960535477607618,0.8312446835978007,"(159,231]"
"Litter",4,25,150,51436.1,6.245788,6.220324,5.28785925,3.108894,3.996874906,-3.08343,-3.971410906,24,1.63,189.5705521,-0.220307253,-1.02859e-9,0,-7.98606e-10,NA,187.0085795352778,21.960535477607618,0.11666257261051534,"(159,231]"
"Litter",5,25,150,33693.5,4.82638,6.220324,5.28785925,3.108894,3.996874906,-4.502838,-5.390818906,24,1.5,198,-0.324963856,-1.51722e-9,0,-1.26731e-9,NA,187.0085795352778,21.960535477607618,0.5005078530953753,"(159,231]"
"Litter",6,25,150,16947.9,3.486732,6.220324,5.28785925,3.108894,3.996874906,-5.842486,-6.730466906,24,1.53,190.1960784,-0.397763875,-1.85712e-9,0,-1.6121e-9,NA,187.0085795352778,21.960535477607618,0.14514668223697894,"(159,231]"
"Litter",7,25,150,25362.6,4.159908,6.220324,5.28785925,3.108894,3.996874906,-5.16931,-6.057290906,24,1.55,190.3225806,-0.353360751,-1.64981e-9,0,-1.40795e-9,NA,187.0085795352778,21.960535477607618,0.1509071155437621,"(159,231]"
"Litter",8,25,150,22357.5,3.9195,6.220324,5.28785925,3.108894,3.996874906,-5.409718,-6.297698906,24,1.46,198.630137,-0.390032335,-1.82102e-9,0,-1.56426e-9,NA,187.0085795352778,21.960535477607618,0.5292019166186678,"(159,231]"
"Litter",9,25,150,18519.9,3.612492,6.220324,5.28785925,3.108894,3.996874906,-5.716726,-6.604706906,24,1.45,206.2068966,-0.41186712,-1.92297e-9,0,-1.66443e-9,NA,187.0085795352778,21.960535477607618,0.8742189863402033,"(159,231]"
"Litter",1,35,25,190335.7,17.078756,6.220324,5.28785925,3.108894,3.996874906,7.749538,6.861557094,24.5,1.49,43.62416107,0.407899474,1.90444e-9,0.460687339,2.1509e-9,NA,46.65753027,6.852436769576005,-0.4426701481533981,"[34,55.3]"
"Litter",2,35,25,178284.9,16.114692,6.220324,5.28785925,3.108894,3.996874906,6.785474,5.897493094,24.5,1.54,44.80519481,0.339205943,1.58372e-9,0.390279916,1.82218e-9,NA,46.65753027,6.852436769576005,-0.2703177748715823,"[34,55.3]"
"Litter",3,35,25,217746,19.27158,6.220324,5.28785925,3.108894,3.996874906,9.942362,9.054381094,24.5,1.54,44.15584416,0.520780581,2.43147e-9,0.571854554,2.66993e-9,NA,46.65753027,6.852436769576005,-0.36507978024798227,"[34,55.3]"
"Litter",4,35,25,83300.4,8.515932,6.220324,5.28785925,3.108894,3.996874906,-0.813286,-1.701266906,24.5,1.5,47.33333333,-0.1004611,-4.69043e-10,0,-2.24225e-10,NA,46.65753027,6.852436769576005,0.09862229783724297,"[34,55.3]"
"Litter",5,35,25,126359.5,11.96066,6.220324,5.28785925,3.108894,3.996874906,2.631442,1.743461094,24.5,1.65,39.39393939,0.093593362,4.36978e-10,0.141262403,6.5954e-10,NA,46.65753027,6.852436769576005,-1.0600011534946916,"[34,55.3]"
"Litter",6,35,25,123841.2,11.759196,6.220324,5.28785925,3.108894,3.996874906,2.429978,1.541997094,24.5,1.56,39.74358974,0.087553939,4.08781e-10,0.137973117,6.44183e-10,NA,46.65753027,6.852436769576005,-1.0089754582920152,"[34,55.3]"
"Litter",7,35,25,84143.9,8.583412,6.220324,5.28785925,3.108894,3.996874906,-0.745806,-1.633786906,24.5,1.59,39.62264151,-0.091015429,-4.24942e-10,0,-1.93981e-10,NA,46.65753027,6.852436769576005,-1.0266258553795142,"[34,55.3]"
"Litter",8,35,25,105365.7,10.281156,6.220324,5.28785925,3.108894,3.996874906,0.951938,0.063957094,24.5,1.58,39.87341772,0.003585489,1.67403e-11,0.053366449,2.49163e-10,NA,46.65753027,6.852436769576005,-0.9900292083132598,"[34,55.3]"
"Litter",9,35,25,48351,5.71998,6.220324,5.28785925,3.108894,3.996874906,-3.609238,-4.497218906,24.5,1.43,55.24475524,-0.278563829,-1.30059e-9,0,-1.04378e-9,NA,46.65753027,6.852436769576005,1.2531636932610961,"[34,55.3]"
"Litter",1,35,50,147097,13.61966,6.220324,5.28785925,3.108894,3.996874906,4.290442,3.402461094,24.5,1.51,66.88741722,0.199587323,9.31853e-10,0.25167601,1.17505e-9,NA,67.44834084055556,11.941257712919011,-0.04697357967148669,"(55.3,92.7]"
"Litter",2,35,50,135344.4,12.679452,6.220324,5.28785925,3.108894,3.996874906,3.350234,2.462253094,24.5,1.53,58.82352941,0.142546971,6.65538e-10,0.193954761,9.05555e-10,NA,67.44834084055556,11.941257712919011,-0.7222699348682967,"(55.3,92.7]"
"Litter",3,35,50,143238.8,13.311004,6.220324,5.28785925,3.108894,3.996874906,3.981786,3.093805094,24.5,1.55,65.80645161,0.176798259,8.25453e-10,0.227542722,1.06237e-9,NA,67.44834084055556,11.941257712919011,-0.1374971774354418,"(55.3,92.7]"
"Litter",4,35,50,149082.6,13.778508,6.220324,5.28785925,3.108894,3.996874906,4.44929,3.561309094,24.5,1.54,66.88311688,0.204835714,9.56357e-10,0.255909687,1.19482e-9,NA,67.44834084055556,11.941257712919011,-0.04733370421643709,"(55.3,92.7]"
"Litter",5,35,50,38874.5,4.96186,6.220324,5.28785925,3.108894,3.996874906,-4.367358,-5.255338906,24.5,1.5,34,-0.310331744,-1.44891e-9,0,-1.20409e-9,NA,67.44834084055556,11.941257712919011,-2.8010735254770074,"[34,55.3]"
"Litter",6,35,50,57110.2,6.420716,6.220324,5.28785925,3.108894,3.996874906,-2.908502,-3.796482906,24.5,1.59,53.4591195,-0.211495464,-9.87451e-10,0,-7.56491e-10,NA,67.44834084055556,11.941257712919011,-1.1715031763715222,"[34,55.3]"
"Litter",7,35,50,285237,24.67086,6.220324,5.28785925,3.108894,3.996874906,15.341642,14.45366109,24.5,1.72,59.30232558,0.744331079,3.47521e-9,0.790060101,3.68871e-9,NA,67.44834084055556,11.941257712919011,-0.6821739766777284,"(55.3,92.7]"
"Litter",8,35,50,188622,16.94166,6.220324,5.28785925,3.108894,3.996874906,7.612442,6.724461094,24.5,1.52,68.42105263,0.391859726,1.82955e-9,0.443605724,2.07115e-9,NA,67.44834084055556,11.941257712919011,0.08145806855772725,"(55.3,92.7]"
"Litter",9,35,50,170960.2,15.528716,6.220324,5.28785925,3.108894,3.996874906,6.199498,5.311517094,24.5,1.5,65.33333333,0.313649108,1.4644e-9,0.366085054,1.70921e-9,NA,67.44834084055556,11.941257712919011,-0.17711765053587047,"(55.3,92.7]"
"Litter",1,35,100,284392,24.60326,6.220324,5.28785925,3.108894,3.996874906,15.274042,14.38606109,24.5,1.48,129.0540541,0.860987642,4.01987e-9,0.914132181,4.26799e-9,NA,132.78542332857143,12.374217913978553,-0.3015438433774693,"(92.7,159]"
"Litter",2,35,100,308144.2,26.503436,6.220324,5.28785925,3.108894,3.996874906,17.174218,16.28623709,24.5,1.5,120.6666667,0.961714639,4.49015e-9,1.014150584,4.73497e-9,NA,132.78542332857143,12.374217913978553,-0.9793553590874993,"(92.7,159]"
"Litter",3,35,100,111135.6,10.742748,6.220324,5.28785925,3.108894,3.996874906,1.41353,0.525549094,24.5,1.53,152.2875817,0.030425561,1.42054e-10,0.08183335,3.82072e-10,NA,132.78542332857143,12.374217913978553,1.5760315930268156,"(92.7,159]"
"Litter",4,35,100,186572.8,16.777724,6.220324,5.28785925,3.108894,3.996874906,7.448506,6.560525094,24.5,1.44,143.0555556,0.403545809,1.88412e-9,0.458166586,2.13913e-9,NA,132.78542332857143,12.374217913978553,0.8299621311684592,"(92.7,159]"
"Litter",5,35,100,159810.1,14.636708,6.220324,5.28785925,3.108894,3.996874906,5.30749,4.419509094,24.5,1.5,134.6666667,0.26097536,1.21847e-9,0.313411305,1.46329e-9,NA,132.78542332857143,12.374217913978553,0.15202927445648362,"(92.7,159]"
"Litter",6,35,100,254044.1,22.175428,6.220324,5.28785925,3.108894,3.996874906,12.84621,11.95822909,24.5,1.54,129.8701299,0.687801124,3.21127e-9,0.738875097,3.44973e-9,NA,132.78542332857143,12.374217913978553,-0.23559415623981905,"(92.7,159]"
"Litter",7,35,100,306829.1,26.398228,6.220324,5.28785925,3.108894,3.996874906,17.06901,16.18102909,24.5,1.62,119.7530864,0.884724099,4.13069e-9,0.9332759,4.35737e-9,NA,132.78542332857143,12.374217913978553,-1.0531846957252489,"(92.7,159]"
"Litter",8,35,100,139071.3,12.977604,6.220324,5.28785925,3.108894,3.996874906,3.648386,2.760405094,24.5,1.45,144.8275862,0.16862484,7.87293e-10,0.222868921,1.04055e-9,NA,132.78542332857143,12.374217913978553,0.9731655733834411,"(92.7,159]"
"Litter",9,35,100,203366.5,18.12122,6.220324,5.28785925,3.108894,3.996874906,8.792002,7.904021094,24.5,1.52,113.1578947,0.460597138,2.15048e-9,0.512343137,2.39208e-9,NA,132.78542332857143,12.374217913978553,-1.5861631632007354,"(92.7,159]"
"Litter",1,35,150,315786.3,27.114804,6.220324,5.28785925,3.108894,3.996874906,17.785586,16.89760509,24.5,1.4,210,1.069088981,4.99147e-9,1.125270351,5.25377e-9,NA,187.0085795352778,21.960535477607618,1.0469426161381972,"(159,231]"
"Litter",2,35,150,141128.3,13.142164,6.220324,5.28785925,3.108894,3.996874906,3.812946,2.924965094,24.5,1.57,182.8025478,0.16502045,7.70464e-10,0.215118487,1.00437e-9,NA,187.0085795352778,21.960535477607618,-0.191526829551425,"(159,231]"
"Litter",3,35,150,259813.5,22.63698,6.220324,5.28785925,3.108894,3.996874906,13.307762,12.41978109,24.5,1.53,188.2352941,0.71901714,3.35702e-9,0.770424929,3.59704e-9,NA,187.0085795352778,21.960535477607618,0.05585995687459682,"(159,231]"
"Litter",4,35,150,103112.5,10.1009,6.220324,5.28785925,3.108894,3.996874906,0.771682,-0.116298906,24.5,1.58,181.6455696,-0.006519815,-3.04404e-11,0.043261146,2.01982e-10,NA,187.0085795352778,21.960535477607618,-0.24421125526498538,"(159,231]"
"Litter",5,35,150,277276.4,24.034012,6.220324,5.28785925,3.108894,3.996874906,14.704794,13.81681309,24.5,1.66,186.746988,0.737252965,3.44216e-9,0.784634843,3.66338e-9,NA,187.0085795352778,21.960535477607618,-0.011911892382794465,"(159,231]"
"Litter",6,35,150,179932.2,16.246476,6.220324,5.28785925,3.108894,3.996874906,6.917258,6.029277094,24.5,1.45,196.5517241,0.368310393,1.7196e-9,0.422554475,1.97286e-9,NA,187.0085795352778,21.960535477607618,0.4345588282422812,"(159,231]"
"Litter",7,35,150,188900.3,16.963924,6.220324,5.28785925,3.108894,3.996874906,7.634706,6.746725094,24.5,1.49,195.3020134,0.401073048,1.87257e-9,0.453860913,2.11903e-9,NA,187.0085795352778,21.960535477607618,0.3776517140567326,"(159,231]"
"Litter",8,35,150,138962.4,12.968892,6.220324,5.28785925,3.108894,3.996874906,3.639674,2.751693094,24.5,1.31,223.6641221,0.18605675,8.6868e-10,0.246097909,1.14901e-9,NA,187.0085795352778,21.960535477607618,1.6691552262966702,"(159,231]"
"Litter",9,35,150,253298.6,22.115788,6.220324,5.28785925,3.108894,3.996874906,12.78657,11.89858909,24.5,1.57,162.4203822,0.671293663,3.1342e-9,0.7213917,3.36811e-9,NA,187.0085795352778,21.960535477607618,-1.1196538153793882,"(159,231]"
"Wood",1,5,25,5097.5,2.5387,2.1591825,7.986045063,3.375741,4.976442457,-2.9962235,-4.596924957,24,3.12,52.88461538,-0.133224591,-6.22012e-10,0,-4.05421e-10,NA,99.77952055166666,97.90783917616875,-0.47896987173097694,"[27.7,76.7]"
"Wood",2,5,25,3937.6,2.445908,2.1591825,7.986045063,3.375741,4.976442457,-3.0890155,-4.689716957,24,2.56,89.84375,-0.165644966,-7.7338e-10,0,-5.09409e-10,NA,99.77952055166666,97.90783917616875,-0.10148084806354382,"(76.7,168]"
"Wood",3,5,25,4386.9,2.481852,2.1591825,7.986045063,3.375741,4.976442457,-3.0530715,-4.653772957,24,2.88,67.01388889,-0.14611146,-6.8218e-10,0,-4.47539e-10,NA,99.77952055166666,97.90783917616875,-0.3346578980536012,"[27.7,76.7]"
"Wood",4,5,25,8915.4,2.844132,2.1591825,7.986045063,3.375741,4.976442457,-2.6907915,-4.291492957,24,2.89,65.05190311,-0.134270973,-6.26898e-10,0,-3.93069e-10,NA,99.77952055166666,97.90783917616875,-0.3546970062241915,"[27.7,76.7]"
"Wood",5,5,25,5429.8,2.565284,2.1591825,7.986045063,3.375741,4.976442457,-2.9696395,-4.570340957,24,1.56,193.5897436,-0.264908307,-1.23683e-9,0,-8.03647e-10,NA,99.77952055166666,97.90783917616875,0.9581482324366035,"(168,230]"
"Wood",6,5,25,3921.2,2.444596,2.1591825,7.986045063,3.375741,4.976442457,-3.0903275,-4.691028957,24,2.84,67.95774648,-0.149355544,-6.97326e-10,0,-4.5938e-10,NA,99.77952055166666,97.90783917616875,-0.3250176322899816,"[27.7,76.7]"
"Wood",7,5,25,22223.3,3.908764,2.1591825,7.986045063,3.375741,4.976442457,-1.6261595,-3.226860957,24,1.84,183.1521739,-0.158574739,-7.4037e-10,0,-3.73105e-10,NA,99.77952055166666,97.90783917616875,0.8515421650591045,"(168,230]"
"Wood",8,5,25,11376.8,3.041044,2.1591825,7.986045063,3.375741,4.976442457,-2.4938795,-4.094580957,24,1.71,208.1871345,-0.216513473,-1.01088e-9,0,-6.15695e-10,NA,99.77952055166666,97.90783917616875,1.1072414104990307,"(168,230]"
"Wood",9,5,25,74967.9,8.128332,2.1591825,7.986045063,3.375741,4.976442457,2.5934085,0.992707043,24,3.1,53.22580645,0.028955494,1.3519e-10,0.075645102,3.53179e-10,NA,99.77952055166666,97.90783917616875,-0.4754850530191056,"[27.7,76.7]"
"Wood",1,5,50,2757.2,2.351476,2.1591825,7.986045063,3.375741,4.976442457,-3.1834475,-4.784148957,24,1.96,189.7959184,-0.220709078,-1.03047e-9,0,-6.8569e-10,NA,158.1001460963889,96.857800595432,0.3272402646845353,"(168,230]"
"Wood",2,5,50,7630.5,2.74134,2.1591825,7.986045063,3.375741,4.976442457,-2.7935835,-4.394284957,24,2.06,175.2427184,-0.192882387,-9.00549e-10,0,-5.72507e-10,NA,158.1001460963889,96.857800595432,0.1769870077394632,"(168,230]"
"Wood",3,5,50,2382,2.32146,2.1591825,7.986045063,3.375741,4.976442457,-3.2134635,-4.814164957,24,2.6,192.3076923,-0.167424571,-7.81689e-10,0,-5.21778e-10,"< maybe a 5 gram one",158.1001460963889,96.857800595432,0.3531728574603253,"(168,230]"
"Wood",4,5,50,8683.1,2.825548,2.1591825,7.986045063,3.375741,4.976442457,-2.7093755,-4.310076957,24,2.15,166.5116279,-0.181266747,-8.46316e-10,0,-5.32006e-10,NA,158.1001460963889,96.857800595432,0.08684361767355486,"(76.7,168]"
"Wood",5,5,50,4712,2.50786,2.1591825,7.986045063,3.375741,4.976442457,-3.0270635,-4.627764957,24,2.98,152.6845638,-0.140419236,-6.55603e-10,0,-4.28836e-10,"< maybe a 5 gram one",158.1001460963889,96.857800595432,-0.05591271186313,"(76.7,168]"
"Wood",6,5,50,3107.2,2.379476,2.1591825,7.986045063,3.375741,4.976442457,-3.1554475,-4.756148957,24,1.66,334.939759,-0.25907108,-1.20958e-9,0,-8.02489e-10,"< maybe a 5 gram one",158.1001460963889,96.857800595432,1.8257653159218152,"(230,462]"
"Wood",7,5,50,5575.2,2.576916,2.1591825,7.986045063,3.375741,4.976442457,-2.9580075,-4.558708957,24,2.42,210.3305785,-0.170332718,-7.95266e-10,0,-5.16024e-10,NA,158.1001460963889,96.857800595432,0.5392485900208888,"(168,230]"
"Wood",8,5,50,14678.4,3.305172,2.1591825,7.986045063,3.375741,4.976442457,-2.2297515,-3.830452957,24,1.8,224.4444444,-0.192419554,-8.98388e-10,0,-5.22962e-10,NA,158.1001460963889,96.857800595432,0.6849659799805534,"(168,230]"
"Wood",9,5,50,27838.4,4.357972,2.1591825,7.986045063,3.375741,4.976442457,-1.1769515,-2.777652957,24,2.74,174.8175182,-0.09166404,-4.2797e-10,0,-1.8134e-10,NA,158.1001460963889,96.857800595432,0.1725970649843511,"(168,230]"
"Wood",1,5,100,5027.4,2.533092,2.1591825,7.986045063,3.375741,4.976442457,-3.0018315,-4.602532957,24,1.88,168.0851064,-0.221365855,-1.03354e-9,0,-6.74085e-10,NA,221.4013610013889,128.98340960939404,-0.4133574601791717,"(76.7,168]"
"Wood",2,5,100,6532.5,2.6535,2.1591825,7.986045063,3.375741,4.976442457,-2.8814235,-4.482124957,24,1.48,400.6756757,-0.273838067,-1.27852e-9,0,-8.21924e-10,NA,221.4013610013889,128.98340960939404,1.3899021218427638,"(230,462]"
"Wood",3,5,100,2430,2.3253,2.1591825,7.986045063,3.375741,4.976442457,-3.2096235,-4.810324957,24,1.4,337.1428571,-0.310683333,-1.45055e-9,0,-9.67859e-10,NA,221.4013610013889,128.98340960939404,0.8973363043287197,"(230,462]"
"Wood",4,5,100,7081.5,2.69742,2.1591825,7.986045063,3.375741,4.976442457,-2.8375035,-4.438204957,24,2.38,237.394958,-0.168617239,-7.87257e-10,0,-5.03322e-10,NA,221.4013610013889,128.98340960939404,0.1239973190896814,"(230,462]"
"Wood",5,5,100,4422.7,2.484716,2.1591825,7.986045063,3.375741,4.976442457,-3.0502075,-4.650908957,24,3.07,84.36482085,-0.136984377,-6.39566e-10,0,-4.19447e-10,NA,221.4013610013889,128.98340960939404,-1.0624353982142547,"(76.7,168]"
"Wood",6,5,100,3377.6,2.401108,2.1591825,7.986045063,3.375741,4.976442457,-3.1338155,-4.734516957,24,3,129.6666667,-0.142700665,-6.66255e-10,0,-4.41e-10,NA,221.4013610013889,128.98340960939404,-0.7112131287209182,"(76.7,168]"
"Wood",7,5,100,18778.3,3.633164,2.1591825,7.986045063,3.375741,4.976442457,-1.9017595,-3.502460957,24,2.49,216.064257,-0.127187822,-5.93827e-10,0,-3.22435e-10,NA,221.4013610013889,128.98340960939404,-0.041378220792514894,"(168,230]"
"Wood",8,5,100,64796.4,7.314612,2.1591825,7.986045063,3.375741,4.976442457,1.7796885,0.178987043,24,1.74,319.5402299,0.009301306,4.34269e-11,0.09248394,4.31798e-10,NA,221.4013610013889,128.98340960939404,0.7608642785596164,"(230,462]"
"Wood",9,5,100,31251.4,4.631012,2.1591825,7.986045063,3.375741,4.976442457,-0.9039115,-2.504612957,24,2.77,176.1732852,-0.081758409,-3.81722e-10,0,-1.37763e-10,NA,221.4013610013889,128.98340960939404,-0.3506503350962344,"(168,230]"
"Wood",1,5,150,3397.4,2.402692,2.1591825,7.986045063,3.375741,4.976442457,-3.1322315,-4.732932957,24,2.46,281.7073171,-0.173966979,-8.12234e-10,0,-5.37533e-10,NA,267.1764500841667,121.93346952897082,0.11917045477313243,"(230,462]"
"Wood",2,5,150,6662.3,2.663884,2.1591825,7.986045063,3.375741,4.976442457,-2.8710395,-4.471740957,24,1.9,390,-0.212811264,-9.93595e-10,0,-6.37928e-10,NA,267.1764500841667,121.93346952897082,1.007299721645754,"(230,462]"
"Wood",3,5,150,4447.5,2.4867,2.1591825,7.986045063,3.375741,4.976442457,-3.0482235,-4.648924957,24,1.79,418.9944134,-0.234839464,-1.09644e-9,0,-7.18919e-10,NA,267.1764500841667,121.93346952897082,1.2450885216528844,"(230,462]"
"Wood",4,5,150,1073.4,2.216772,2.1591825,7.986045063,3.375741,4.976442457,-3.3181515,-4.918852957,24,2.08,345.1923077,-0.213831696,-9.98359e-10,0,-6.73471e-10,NA,267.1764500841667,121.93346952897082,0.6398231586225563,"(230,462]"
"Wood",5,5,150,4911,2.52378,2.1591825,7.986045063,3.375741,4.976442457,-3.0111435,-4.611844957,24,1.4,260.7142857,-0.297864152,-1.3907e-9,0,-9.08008e-10,"< some fell on the ground… fucking stopper was stuck, not 100% sample, probably ~85%",267.1764500841667,121.93346952897082,-0.052997461723430166,"(230,462]"
"Wood",6,5,150,7689.2,2.746036,2.1591825,7.986045063,3.375741,4.976442457,-2.7888875,-4.389588957,24,2.9,230,-0.136866585,-6.39016e-10,0,-4.05994e-10,NA,267.1764500841667,121.93346952897082,-0.3048912675722208,"(168,230]"
"Wood",7,5,150,163330.7,15.197356,2.1591825,7.986045063,3.375741,4.976442457,9.6624325,8.061731043,24,3.18,100,0.229230689,1.07026e-9,0.274745715,1.28276e-9,NA,267.1764500841667,121.93346952897082,-1.3710464463118253,"(76.7,168]"
"Wood",8,5,150,17950.4,3.566932,2.1591825,7.986045063,3.375741,4.976442457,-1.9679915,-3.568692957,24,2.22,321.2612613,-0.145354267,-6.78645e-10,0,-3.74245e-10,NA,267.1764500841667,121.93346952897082,0.44356001206857343,"(230,462]"
"Wood",9,5,150,5788.6,2.593988,2.1591825,7.986045063,3.375741,4.976442457,-2.9409355,-4.541636957,24,2.84,236.2676056,-0.14459912,-6.75119e-10,0,-4.37173e-10,NA,267.1764500841667,121.93346952897082,-0.2534894201203951,"(230,462]"
"Wood",1,15,25,53465.4,6.670086,2.1591825,7.986045063,3.375741,4.976442457,1.1351625,-0.465538957,24.25,3.91,45.52429668,-0.010654924,-4.97468e-11,0.02598079,1.21302e-10,NA,99.77952055166666,97.90783917616875,-0.5541458613343869,"[27.7,76.7]"
"Wood",2,15,25,15367.1,3.241239,2.1591825,7.986045063,3.375741,4.976442457,-2.2936845,-3.894385957,24.25,4.21,29.6912114,-0.082780485,-3.86494e-10,0,-2.27634e-10,NA,99.77952055166666,97.90783917616875,-0.7158600347164694,"[27.7,76.7]"
"Wood",3,15,25,74183.7,8.534733,2.1591825,7.986045063,3.375741,4.976442457,2.9998095,1.399108043,24.25,3.71,51.48247978,0.033748029,1.57566e-10,0.072358714,3.37836e-10,NA,99.77952055166666,97.90783917616875,-0.4932908455344851,"[27.7,76.7]"
"Wood",4,15,25,28282.6,4.403634,2.1591825,7.986045063,3.375741,4.976442457,-1.1312895,-2.731990957,24.25,4.2,32.61904762,-0.058210461,-2.71779e-10,0,-1.12541e-10,NA,99.77952055166666,97.90783917616875,-0.6859560327015556,"[27.7,76.7]"
"Wood",6,15,25,23245.1,3.950259,2.1591825,7.986045063,3.375741,4.976442457,-1.5846645,-3.185365957,24.25,4.22,30.8056872,-0.06754885,-3.15379e-10,0,-1.56896e-10,NA,99.77952055166666,97.90783917616875,-0.7044771280015669,"[27.7,76.7]"
"Wood",7,15,25,14460,3.1596,2.1591825,7.986045063,3.375741,4.976442457,-2.3753235,-3.976024957,24.25,2.15,159.0697674,-0.165493795,-7.72674e-10,0,-4.61604e-10,NA,99.77952055166666,97.90783917616875,0.6055720088117813,"(76.7,168]"
"Wood",8,15,25,37274.1,5.212869,2.1591825,7.986045063,3.375741,4.976442457,-0.3220545,-1.922755957,24.25,3.32,67.1686747,-0.05182713,-2.41976e-10,0,-4.053e-11,NA,99.77952055166666,97.90783917616875,-0.33307696427646527,"[27.7,76.7]"
"Wood",9,15,25,11678.4,2.909256,2.1591825,7.986045063,3.375741,4.976442457,-2.6256675,-4.226368957,24.25,4.29,31.46853147,-0.08816195,-4.11619e-10,0,-2.55722e-10,NA,99.77952055166666,97.90783917616875,-0.6977070442618235,"[27.7,76.7]"
"Wood",1,15,50,35536.2,5.056458,2.1591825,7.986045063,3.375741,4.976442457,-0.4784655,-2.079166957,24.25,3.79,74.40633245,-0.049093187,-2.29211e-10,0,-5.27469e-11,NA,158.1001460963889,96.857800595432,-0.8640895532614031,"[27.7,76.7]"
"Wood",2,15,50,42255.8,5.661222,2.1591825,7.986045063,3.375741,4.976442457,0.1262985,-1.474402957,24.25,3.14,79.61783439,-0.042020152,-1.96188e-10,0.003599479,1.68056e-11,NA,158.1001460963889,96.857800595432,-0.8102838514184708,"(76.7,168]"
"Wood",3,15,50,29571.9,4.519671,2.1591825,7.986045063,3.375741,4.976442457,-1.0152525,-2.615953957,24.25,3.96,69.19191919,-0.059116128,-2.76007e-10,0,-1.07119e-10,NA,158.1001460963889,96.857800595432,-0.9179253127763257,"[27.7,76.7]"
"Wood",4,15,50,56759,6.96651,2.1591825,7.986045063,3.375741,4.976442457,1.4315865,-0.169114957,24.25,2.35,181.7021277,-0.006439991,-3.00677e-11,0.054515601,2.54528e-10,NA,158.1001460963889,96.857800595432,0.24367662138225574,"(168,230]"
"Wood",5,15,50,14696.7,3.180903,2.1591825,7.986045063,3.375741,4.976442457,-2.3540205,-3.954721957,24.25,3.26,76.68711656,-0.108559899,-5.06855e-10,0,-3.01702e-10,NA,158.1001460963889,96.857800595432,-0.8405417946298946,"[27.7,76.7]"
"Wood",6,15,50,52089.2,6.546228,2.1591825,7.986045063,3.375741,4.976442457,1.0113045,-0.589396957,24.25,3.26,76.68711656,-0.016179361,-7.55398e-11,0.02776102,1.29613e-10,NA,158.1001460963889,96.857800595432,-0.8405417946298946,"[27.7,76.7]"
"Wood",7,15,50,35643.3,5.066097,2.1591825,7.986045063,3.375741,4.976442457,-0.4688265,-2.069527957,24.25,2.76,144.2028986,-0.067101664,-3.13291e-10,0,-7.09723e-11,NA,158.1001460963889,96.857800595432,-0.14348093195339728,"(76.7,168]"
"Wood",8,15,50,61794,7.41966,2.1591825,7.986045063,3.375741,4.976442457,1.8847365,0.284035043,24.25,4.03,69.23076923,0.00630722,2.94478e-11,0.041852044,1.95403e-10,NA,158.1001460963889,96.857800595432,-0.9175242088924755,"[27.7,76.7]"
"Wood",9,15,50,56689.4,6.960246,2.1591825,7.986045063,3.375741,4.976442457,1.4253225,-0.175378957,24.25,4.01,64.58852868,-0.00391385,-1.82734e-11,0.031808255,1.4851e-10,NA,158.1001460963889,96.857800595432,-0.9654526206617073,"[27.7,76.7]"
"Wood",1,15,100,63382.7,7.562643,2.1591825,7.986045063,3.375741,4.976442457,2.0277195,0.427018043,24.25,2.31,229.4372294,0.016542659,7.7236e-11,0.078553759,3.6676e-10,NA,221.4013610013889,128.98340960939404,0.06230156593740604,"(168,230]"
"Wood",2,15,100,31710.1,4.712109,2.1591825,7.986045063,3.375741,4.976442457,-0.8228145,-2.423515957,24.25,1.59,353.4591195,-0.136401716,-6.36846e-10,0,-2.16217e-10,NA,221.4013610013889,128.98340960939404,1.0238352273251825,"(230,462]"
"Wood",3,15,100,45958.5,5.994465,2.1591825,7.986045063,3.375741,4.976442457,0.4595415,-1.141159957,24.25,3.01,153.820598,-0.033927441,-1.58404e-10,0.013662473,6.37887e-11,NA,221.4013610013889,128.98340960939404,-0.5239492676309815,"(76.7,168]"
"Wood",4,15,100,70296.7,8.184903,2.1591825,7.986045063,3.375741,4.976442457,2.6499795,1.049278043,24.25,2.51,197.2111554,0.03741002,1.74664e-10,0.094479996,4.41118e-10,NA,221.4013610013889,128.98340960939404,-0.1875450933933684,"(168,230]"
"Wood",5,15,100,29308.3,4.495947,2.1591825,7.986045063,3.375741,4.976442457,-1.0389765,-2.639677957,24.25,2.24,226.3392857,-0.105456657,-4.92367e-10,0,-1.93795e-10,NA,221.4013610013889,128.98340960939404,0.0382834095761993,"(168,230]"
"Wood",6,15,100,14323.7,3.147333,2.1591825,7.986045063,3.375741,4.976442457,-2.3875905,-3.988291957,24.25,1.4,450.7142857,-0.254935304,-1.19027e-9,0,-7.12553e-10,NA,221.4013610013889,128.98340960939404,1.777848216239974,"(230,462]"
"Wood",7,15,100,24611.1,4.073199,2.1591825,7.986045063,3.375741,4.976442457,-1.4617245,-3.062425957,24.25,2.99,158.5284281,-0.091656967,-4.27937e-10,0,-2.04258e-10,NA,221.4013610013889,128.98340960939404,-0.4874497665381126,"(76.7,168]"
"Wood",8,15,100,35356.7,5.040303,2.1591825,7.986045063,3.375741,4.976442457,-0.4946205,-2.095321957,24.25,2.97,159.2592593,-0.063134303,-2.94768e-10,0,-6.95827e-11,NA,221.4013610013889,128.98340960939404,-0.4817836796962995,"(76.7,168]"
"Wood",9,15,100,53147.8,6.641502,2.1591825,7.986045063,3.375741,4.976442457,1.1065785,-0.494122957,24.25,2.25,243.1111111,-0.019652762,-9.17568e-11,0.044011968,2.05487e-10,NA,221.4013610013889,128.98340960939404,0.16831428293263187,"(230,462]"
"Wood",1,15,150,115085.1,12.215859,2.1591825,7.986045063,3.375741,4.976442457,6.6809355,5.080234043,24.25,2.59,267.5675676,0.175531486,8.19539e-10,0.230838684,1.07776e-9,NA,267.1764500841667,121.93346952897082,0.0032076305000114497,"(230,462]"
"Wood",2,15,150,33191.5,4.845435,2.1591825,7.986045063,3.375741,4.976442457,-0.6894885,-2.290189957,24.25,2.69,257.9925651,-0.076188654,-3.55717e-10,0,-1.07093e-10,NA,267.1764500841667,121.93346952897082,-0.07531881951398625,"(230,462]"
"Wood",3,15,150,59549.1,7.217619,2.1591825,7.986045063,3.375741,4.976442457,1.6826955,0.081994043,24.25,3.03,222.1122112,0.002421647,1.13064e-11,0.049697436,2.32032e-10,NA,267.1764500841667,121.93346952897082,-0.36958055124856126,"(168,230]"
"Wood",5,15,150,65550.6,7.757754,2.1591825,7.986045063,3.375741,4.976442457,2.2228305,0.622129043,24.25,2.99,220.0668896,0.018620029,8.69351e-11,0.06652827,3.10614e-10,NA,267.1764500841667,121.93346952897082,-0.3863546298333918,"(168,230]"
"Wood",6,15,150,44146.1,5.831349,2.1591825,7.986045063,3.375741,4.976442457,0.2964255,-1.304275957,24.25,1.66,462.0481928,-0.070312489,-3.28282e-10,0.015980065,7.46093e-11,NA,267.1764500841667,121.93346952897082,1.5981809052807499,"(230,462]"
"Wood",7,15,150,10514.5,2.804505,2.1591825,7.986045063,3.375741,4.976442457,-2.7304185,-4.331119957,24.25,2.09,347.3684211,-0.185449215,-8.65844e-10,0,-5.45844e-10,NA,267.1764500841667,121.93346952897082,0.6576698860912842,"(230,462]"
"Wood",8,15,150,7790.5,2.559345,2.1591825,7.986045063,3.375741,4.976442457,-2.9755785,-4.576279957,24.25,2.06,351.4563107,-0.198800027,-9.28177e-10,0,-6.03517e-10,NA,267.1764500841667,121.93346952897082,0.6911954604540211,"(230,462]"
"Wood",9,15,150,12871.1,3.016599,2.1591825,7.986045063,3.375741,4.976442457,-2.5183245,-4.119025957,24.25,2.65,252.4528302,-0.13909763,-6.49433e-10,0,-3.97056e-10,NA,267.1764500841667,121.93346952897082,-0.12075125837921324,"(230,462]"
"Wood",1,25,25,95011.2,9.731796,6.220324,7.986045063,3.375741,4.976442457,0.135731,-1.464970457,24,1.76,216.4772727,-0.075264083,-3.514e-10,0.006973294,3.25576e-11,NA,99.77952055166666,97.90783917616875,1.191914285212191,"(168,230]"
"Wood",2,25,25,18612.8,3.619924,6.220324,7.986045063,3.375741,4.976442457,-5.976141,-7.576842457,24,4.07,57.98525799,-0.168331512,-7.85923e-10,0,-6.19887e-10,NA,99.77952055166666,97.90783917616875,-0.42687350587387485,"[27.7,76.7]"
"Wood",3,25,25,128360.5,12.39974,6.220324,7.986045063,3.375741,4.976442457,2.803675,1.202973543,24,1.55,260,0.070177187,3.2765e-10,0.163556401,7.63628e-10,NA,99.77952055166666,97.90783917616875,1.6364417884868587,"(230,462]"
"Wood",4,25,25,13808.5,3.23558,6.220324,7.986045063,3.375741,4.976442457,-6.360485,-7.961186457,24,4.08,37.5,-0.176436814,-8.23766e-10,0,-6.58137e-10,NA,99.77952055166666,97.90783917616875,-0.636103514036349,"[27.7,76.7]"
"Wood",5,25,25,36236.2,5.029796,6.220324,7.986045063,3.375741,4.976442457,-4.566269,-6.166970457,24,1.72,222.0930233,-0.324201483,-1.51366e-9,0,-1.12078e-9,NA,99.77952055166666,97.90783917616875,1.249271802723076,"(168,230]"
"Wood",6,25,25,19425.8,3.684964,6.220324,7.986045063,3.375741,4.976442457,-5.911101,-7.511802457,24,4.21,42.99287411,-0.161336874,-7.53266e-10,0,-5.92751e-10,NA,99.77952055166666,97.90783917616875,-0.5800010185036216,"[27.7,76.7]"
"Wood",7,25,25,32061.1,4.695788,6.220324,7.986045063,3.375741,4.976442457,-4.900277,-6.500978457,24,3.66,51.36612022,-0.160608756,-7.49866e-10,0,-5.65231e-10,NA,99.77952055166666,97.90783917616875,-0.4944793056310319,"[27.7,76.7]"
"Wood",8,25,25,238475.6,21.208948,6.220324,7.986045063,3.375741,4.976442457,11.612883,10.01218154,24,4.26,27.69953052,0.21251554,9.92214e-10,0.246491545,1.15084e-9,NA,99.77952055166666,97.90783917616875,-0.7362024393365562,"[27.7,76.7]"
"Wood",9,25,25,17185.5,3.50574,6.220324,7.986045063,3.375741,4.976442457,-6.090325,-7.691026457,24,4.37,65.44622426,-0.159138201,-7.43e-10,0,-5.88363e-10,NA,99.77952055166666,97.90783917616875,-0.350669533518043,"[27.7,76.7]"
"Wood",1,25,50,151200.2,14.226916,6.220324,7.986045063,3.375741,4.976442457,4.630851,3.030149543,24,2.31,191.3419913,0.118610642,5.53781e-10,0.181267691,8.46321e-10,NA,158.1001460963889,96.857800595432,0.34320256085991324,"(168,230]"
"Wood",2,25,50,59559.1,6.895628,6.220324,7.986045063,3.375741,4.976442457,-2.700437,-4.301138457,24,4.12,58.98058252,-0.094396911,-4.4073e-10,0,-2.76709e-10,NA,158.1001460963889,96.857800595432,-1.0233513766268978,"[27.7,76.7]"
"Wood",3,25,50,55859.7,6.599676,6.220324,7.986045063,3.375741,4.976442457,-2.996389,-4.597090457,24,1.45,351.7241379,-0.286672889,-1.33845e-9,0,-8.72401e-10,NA,158.1001460963889,96.857800595432,1.999054186790432,"(230,462]"
"Wood",4,25,50,62971.8,7.168644,6.220324,7.986045063,3.375741,4.976442457,-2.427421,-4.028122457,24,2.95,123.0508475,-0.123467378,-5.76457e-10,0,-3.47384e-10,NA,158.1001460963889,96.857800595432,-0.3618634573666118,"(76.7,168]"
"Wood",5,25,50,60742.8,6.990324,6.220324,7.986045063,3.375741,4.976442457,-2.605741,-4.206442457,24,2.19,205.4794521,-0.173677042,-8.10881e-10,0,-5.02312e-10,NA,158.1001460963889,96.857800595432,0.4891635543275552,"(168,230]"
"Wood",6,25,50,82372.5,8.7207,6.220324,7.986045063,3.375741,4.976442457,-0.875365,-2.476066457,24,3.18,100,-0.070405527,-3.28716e-10,0,-1.16211e-10,NA,158.1001460963889,96.857800595432,-0.5998499422784644,"(76.7,168]"
"Wood",7,25,50,89781.9,9.313452,6.220324,7.986045063,3.375741,4.976442457,-0.282613,-1.883314457,24,4.12,165.5339806,-0.041333026,-1.9298e-10,0,-2.89588e-11,NA,158.1001460963889,96.857800595432,0.07674998253018048,"(76.7,168]"
"Wood",8,25,50,122297.2,11.914676,6.220324,7.986045063,3.375741,4.976442457,2.318611,0.717909543,24,4.06,68.71921182,0.015988778,7.465e-11,0.051638478,2.41095e-10,NA,158.1001460963889,96.857800595432,-0.9228057392065567,"[27.7,76.7]"
"Wood",9,25,50,168919.7,15.644476,6.220324,7.986045063,3.375741,4.976442457,6.048411,4.447709543,24,4.07,77.3955774,0.098812886,4.61347e-10,0.134374995,6.27383e-10,NA,158.1001460963889,96.857800595432,-0.8332273518524959,"(76.7,168]"
"Wood",1,25,100,83358,8.79954,6.220324,7.986045063,3.375741,4.976442457,-0.796525,-2.397226457,24,3.33,144.1441441,-0.065093317,-3.03914e-10,0,-1.00981e-10,NA,221.4013610013889,128.98340960939404,-0.5989701864398701,"(76.7,168]"
"Wood",2,25,100,107116.9,10.700252,6.220324,7.986045063,3.375741,4.976442457,1.104187,-0.496514457,24,3.58,118.7150838,-0.012540662,-5.85511e-11,0.027888887,1.3021e-10,NA,221.4013610013889,128.98340960939404,-0.7961200398745708,"(76.7,168]"
"Wood",4,25,100,248197.8,21.986724,6.220324,7.986045063,3.375741,4.976442457,12.390659,10.78995754,24,4.08,108.5784314,0.239128395,1.11647e-9,0.274603341,1.2821e-9,NA,221.4013610013889,128.98340960939404,-0.8747088477739531,"(76.7,168]"
"Wood",5,25,100,101807.6,10.275508,6.220324,7.986045063,3.375741,4.976442457,0.679443,-0.921258457,24,2.37,259.9156118,-0.035148332,-1.64104e-10,0.025922463,1.21029e-10,NA,221.4013610013889,128.98340960939404,0.29859848576840603,"(230,462]"
"Wood",6,25,100,68611.9,7.619852,6.220324,7.986045063,3.375741,4.976442457,-1.976213,-3.576914457,24,3.7,128.1081081,-0.087413479,-4.08125e-10,0,-2.25485e-10,NA,221.4013610013889,128.98340960939404,-0.7232965323518181,"(76.7,168]"
"Wood",7,25,100,284804.9,24.915292,6.220324,7.986045063,3.375741,4.976442457,15.319227,13.71852554,24,3.43,149.271137,0.361647021,1.68849e-9,0.403844625,1.88551e-9,NA,221.4013610013889,128.98340960939404,-0.5592209433742209,"(76.7,168]"
"Wood",8,25,100,43194.2,5.586436,6.220324,7.986045063,3.375741,4.976442457,-4.009629,-5.610330457,24,3.53,141.6430595,-0.143709445,-6.70965e-10,0,-4.7953e-10,NA,221.4013610013889,128.98340960939404,-0.6183609329519537,"(76.7,168]"
"Wood",9,25,100,95664.3,9.784044,6.220324,7.986045063,3.375741,4.976442457,0.187979,-1.412722457,24,3.77,131.0344828,-0.033883407,-1.58198e-10,0.004508578,2.10501e-11,NA,221.4013610013889,128.98340960939404,-0.7006085393078905,"(76.7,168]"
"Wood",1,25,150,104845.9,10.518572,6.220324,7.986045063,3.375741,4.976442457,0.922507,-0.678194457,24,3.11,231.1897106,-0.019718116,-9.20619e-11,0.026821364,1.25226e-10,NA,267.1764500841667,121.93346952897082,-0.29513422051536375,"(230,462]"
"Wood",2,25,150,251111.5,22.21982,6.220324,7.986045063,3.375741,4.976442457,12.623755,11.02305354,24,3.31,214.5015106,0.301124089,1.40592e-9,0.344851516,1.61008e-9,NA,267.1764500841667,121.93346952897082,-0.43199738092953527,"(168,230]"
"Wood",3,25,150,135794.2,12.994436,6.220324,7.986045063,3.375741,4.976442457,3.398371,1.797669543,24,2.26,360.1769912,0.071923862,3.35805e-10,0.135967128,6.34817e-10,NA,267.1764500841667,121.93346952897082,0.7627154502787015,"(230,462]"
"Wood",4,25,150,276446.7,24.246636,6.220324,7.986045063,3.375741,4.976442457,14.650571,13.04986954,24,3.79,182.585752,0.311342591,1.45363e-9,0.34953198,1.63193e-9,NA,267.1764500841667,121.93346952897082,-0.6937446987356356,"(168,230]"
"Wood",5,25,150,351955.7,30.287356,6.220324,7.986045063,3.375741,4.976442457,20.691291,19.09058954,24,3.73,182.8418231,0.462787994,2.16071e-9,0.501591689,2.34188e-9,NA,267.1764500841667,121.93346952897082,-0.6916446100480161,"(168,230]"
"Wood",6,25,150,425276,36.15298,6.220324,7.986045063,3.375741,4.976442457,26.556915,24.95621354,24,3.94,165.9898477,0.572735426,2.67404e-9,0.609470904,2.84556e-9,NA,267.1764500841667,121.93346952897082,-0.8298509242380346,"(76.7,168]"
"Wood",7,25,150,126689.6,12.266068,6.220324,7.986045063,3.375741,4.976442457,2.670003,1.069301543,24,4.02,55.72139303,0.024051697,1.12295e-10,0.06005612,2.80396e-10,NA,267.1764500841667,121.93346952897082,-1.7341838780690642,"[27.7,76.7]"
"Wood",8,25,150,542074.4,45.496852,6.220324,7.986045063,3.375741,4.976442457,35.900787,34.30008554,24,4.21,140.1425178,0.736689844,3.43953e-9,0.771069365,3.60005e-9,NA,267.1764500841667,121.93346952897082,-1.0418298829263117,"(76.7,168]"
"Wood",9,25,150,139232.6,13.269508,6.220324,7.986045063,3.375741,4.976442457,3.673443,2.072741543,24,3.76,176.0638298,0.049845836,2.32725e-10,0.088339927,4.1245e-10,NA,267.1764500841667,121.93346952897082,-0.7472322458807649,"(168,230]"
"Wood",1,35,25,85227.1,8.670068,6.220324,7.986045063,3.375741,4.976442457,-0.925997,-2.526698457,24.25,2.78,67.62589928,-0.081335416,-3.79747e-10,0,-1.39172e-10,NA,99.77952055166666,97.90783917616875,-0.3284070156406129,"[27.7,76.7]"
"Wood",2,35,25,45530.4,5.494332,6.220324,7.986045063,3.375741,4.976442457,-4.101733,-5.702434457,24.25,2.57,73.15175097,-0.198562967,-9.27071e-10,0,-6.66837e-10,NA,99.77952055166666,97.90783917616875,-0.27196769743589644,"[27.7,76.7]"
"Wood",3,35,25,134084.8,12.578684,6.220324,7.986045063,3.375741,4.976442457,2.982619,1.381917543,24.25,2.71,74.53874539,0.045633514,2.13058e-10,0.098491684,4.59848e-10,NA,99.77952055166666,97.90783917616875,-0.2578013709019777,"[27.7,76.7]"
"Wood",4,35,25,24824.7,3.837876,6.220324,7.986045063,3.375741,4.976442457,-5.758189,-7.358890457,24.25,2.03,121.182266,-0.324404877,-1.51461e-9,0,-1.18516e-9,NA,99.77952055166666,97.90783917616875,0.21860093766161748,"(76.7,168]"
"Wood",5,35,25,23756.1,3.752388,6.220324,7.986045063,3.375741,4.976442457,-5.843677,-7.444378457,24.25,2.82,56.02836879,-0.236238355,-1.10297e-9,0,-8.6581e-10,NA,99.77952055166666,97.90783917616875,-0.4468605591728339,"[27.7,76.7]"
"Wood",6,35,25,33152.9,4.504132,6.220324,7.986045063,3.375741,4.976442457,-5.091933,-6.692634457,24.25,2.81,70.46263345,-0.213138478,-9.95122e-10,0,-7.57115e-10,NA,99.77952055166666,97.90783917616875,-0.2994335014269474,"[27.7,76.7]"
"Wood",7,35,25,90226.1,9.069988,6.220324,7.986045063,3.375741,4.976442457,-0.526077,-2.126778457,24.25,2.85,64.9122807,-0.066780316,-3.11791e-10,0,-7.71241e-11,NA,99.77952055166666,97.90783917616875,-0.35612306578361835,"[27.7,76.7]"
"Wood",8,35,25,72447.3,7.647684,6.220324,7.986045063,3.375741,4.976442457,-1.948381,-3.549082457,24.25,2.74,61.67883212,-0.115914189,-5.41192e-10,0,-2.97104e-10,NA,99.77952055166666,97.90783917616875,-0.38914849671139057,"[27.7,76.7]"
"Wood",9,35,25,15862.1,3.120868,6.220324,7.986045063,3.375741,4.976442457,-6.475197,-8.075898457,24.25,3.09,56.9579288,-0.233885579,-1.09199e-9,0,-8.75548e-10,NA,99.77952055166666,97.90783917616875,-0.437366324412659,"[27.7,76.7]"
"Wood",1,35,50,88887.9,8.962932,6.220324,7.986045063,3.375741,4.976442457,-0.633133,-2.233834457,24.25,1.03,405.8252427,-0.194081811,-9.06149e-10,0,-2.56829e-10,NA,158.1001460963889,96.857800595432,2.55761637246277,"(230,462]"
"Wood",2,35,50,122174.8,11.625884,6.220324,7.986045063,3.375741,4.976442457,2.029819,0.429117543,24.25,2.73,116.4835165,0.014066456,6.56749e-11,0.066537387,3.10656e-10,NA,158.1001460963889,96.857800595432,-0.4296672992836018,"(76.7,168]"
"Wood",3,35,50,107165.8,10.425164,6.220324,7.986045063,3.375741,4.976442457,0.829099,-0.771602457,24.25,2.68,108.5820896,-0.025764984,-1.20294e-10,0.027684882,1.29258e-10,NA,158.1001460963889,96.857800595432,-0.5112448991405681,"(76.7,168]"
"Wood",4,35,50,39459.8,5.008684,6.220324,7.986045063,3.375741,4.976442457,-4.587381,-6.188082457,24.25,3.2,73.4375,-0.173052225,-8.07964e-10,0,-5.98964e-10,NA,158.1001460963889,96.857800595432,-0.8740921802469852,"[27.7,76.7]"
"Wood",5,35,50,78565.9,8.137172,6.220324,7.986045063,3.375741,4.976442457,-1.458893,-3.059594457,24.25,1.15,351.3043478,-0.238087777,-1.11161e-9,0,-5.30043e-10,NA,158.1001460963889,96.857800595432,1.9947201001456873,"(230,462]"
"Wood",6,35,50,60503,6.69214,6.220324,7.986045063,3.375741,4.976442457,-2.903925,-4.504626457,24.25,1.19,362.1848739,-0.338752802,-1.5816e-9,0,-1.01959e-9,NA,158.1001460963889,96.857800595432,2.1070551524916223,"(230,462]"
"Wood",7,35,50,83044.1,8.495428,6.220324,7.986045063,3.375741,4.976442457,-1.100637,-2.701338457,24.25,2.73,108.7912088,-0.088549768,-4.1343e-10,0,-1.68448e-10,NA,158.1001460963889,96.857800595432,-0.5090858660145375,"(76.7,168]"
"Wood",8,35,50,47320.5,5.63754,6.220324,7.986045063,3.375741,4.976442457,-3.958525,-5.559226457,24.25,2.89,87.88927336,-0.172142298,-8.03715e-10,0,-5.72297e-10,NA,158.1001460963889,96.857800595432,-0.7248860938898934,"(76.7,168]"
"Wood",9,35,50,43291.1,5.315188,6.220324,7.986045063,3.375741,4.976442457,-4.280877,-5.881578457,24.25,3.11,77.49196141,-0.169240609,-7.90167e-10,0,-5.75119e-10,NA,158.1001460963889,96.857800595432,-0.8322322434625935,"(76.7,168]"
"Wood",1,35,100,173983.5,15.77058,6.220324,7.986045063,3.375741,4.976442457,6.174515,4.573813543,24.25,2.43,216.4609053,0.168439234,7.86426e-10,0.227388057,1.06165e-9,NA,221.4013610013889,128.98340960939404,-0.038303032276401104,"(168,230]"
"Wood",2,35,100,213509,18.93262,6.220324,7.986045063,3.375741,4.976442457,9.336555,7.735853543,24.25,2.59,188.8030888,0.267288054,1.24794e-9,0.322595251,1.50616e-9,NA,221.4013610013889,128.98340960939404,-0.25273228781986473,"(168,230]"
"Wood",3,35,100,125726.2,11.909996,6.220324,7.986045063,3.375741,4.976442457,2.313931,0.713229543,24.25,1.48,392.5675676,0.043125951,2.01351e-10,0.139913546,6.53242e-10,NA,221.4013610013889,128.98340960939404,1.3270404861909066,"(230,462]"
"Wood",4,35,100,303616.5,26.14122,6.220324,7.986045063,3.375741,4.976442457,16.545155,14.94445354,24.25,2.7,180.7407407,0.495321694,2.31261e-9,0.548375635,2.56031e-9,NA,221.4013610013889,128.98340960939404,-0.31523914916285106,"(168,230]"
"Wood",5,35,100,34345,4.5995,6.220324,7.986045063,3.375741,4.976442457,-4.996565,-6.597266457,24.25,3.29,131.0030395,-0.179448239,-8.37826e-10,0,-6.34543e-10,NA,221.4013610013889,128.98340960939404,-0.7008523171712236,"(76.7,168]"
"Wood",6,35,100,36525,4.7739,6.220324,7.986045063,3.375741,4.976442457,-4.822165,-6.422866457,24.25,2.6,180.3846154,-0.221068375,-1.03215e-9,0,-7.74916e-10,NA,221.4013610013889,128.98340960939404,-0.31800016549106314,"(168,230]"
"Wood",7,35,100,16611.4,3.180812,6.220324,7.986045063,3.375741,4.976442457,-6.415253,-8.015954457,24.25,2.34,215.8119658,-0.30655645,-1.43128e-9,0,-1.14547e-9,NA,221.4013610013889,128.98340960939404,-0.04333421808522119,"(168,230]"
"Wood",8,35,100,462546.4,38.855612,6.220324,7.986045063,3.375741,4.976442457,29.259547,27.65884554,24.25,3.29,130.0911854,0.752331464,3.51256e-9,0.795871173,3.71584e-9,NA,221.4013610013889,128.98340960939404,-0.7079218628031884,"(76.7,168]"
"Wood",9,35,100,16781.3,3.194404,6.220324,7.986045063,3.375741,4.976442457,-6.401661,-8.002362457,24.25,3.2,146.5625,-0.223789298,-1.04485e-9,0,-8.3585e-10,NA,221.4013610013889,128.98340960939404,-0.5802208301674348,"(76.7,168]"
"Wood",1,35,150,431549,36.37582,6.220324,7.986045063,3.375741,4.976442457,26.779755,25.17905354,24.25,3.34,187.1257485,0.674627451,3.14977e-9,0.717515367,3.35001e-9,NA,267.1764500841667,121.93346952897082,-0.6565113081207536,"(168,230]"
"Wood",2,35,150,258643.6,22.543388,6.220324,7.986045063,3.375741,4.976442457,12.947323,11.34662154,24.25,2.56,262.890625,0.396641068,1.85188e-9,0.452596396,2.11313e-9,NA,267.1764500841667,121.93346952897082,-0.03514888160504924,"(230,462]"
"Wood",3,35,150,237683.6,20.866588,6.220324,7.986045063,3.375741,4.976442457,11.270523,9.669821543,24.25,2.78,248.5611511,0.311275355,1.45331e-9,0.362802564,1.69389e-9,NA,267.1764500841667,121.93346952897082,-0.15266767242888776,"(230,462]"
"Wood",4,35,150,79317.1,8.197268,6.220324,7.986045063,3.375741,4.976442457,-1.398797,-2.999498457,24.25,3.08,219.8051948,-0.087150323,-4.06896e-10,0,-1.89753e-10,NA,267.1764500841667,121.93346952897082,-0.3885008395739242,"(168,230]"
"Wood",5,35,150,134096.4,12.579612,6.220324,7.986045063,3.375741,4.976442457,2.983547,1.382845543,24.25,2.17,341.0138249,0.05702759,2.66256e-10,0.123039406,5.74459e-10,NA,267.1764500841667,121.93346952897082,0.6055546118802917,"(230,462]"
"Wood",6,35,150,316140.3,27.143124,6.220324,7.986045063,3.375741,4.976442457,17.547059,15.94635754,24.25,2.8,256.0714286,0.509652948,2.37952e-9,0.560812105,2.61838e-9,NA,267.1764500841667,121.93346952897082,-0.09107443204122215,"(230,462]"
"Wood",7,35,150,157597.6,14.459708,6.220324,7.986045063,3.375741,4.976442457,4.863643,3.262941543,24.25,2.9,247.9310345,0.100689079,4.70107e-10,0.150084128,7.00728e-10,NA,267.1764500841667,121.93346952897082,-0.15783538070811676,"(230,462]"
"Wood",8,35,150,40237.6,5.070908,6.220324,7.986045063,3.375741,4.976442457,-4.525157,-6.125858457,24.25,3.33,187.6876877,-0.164624246,-7.68614e-10,0,-5.67773e-10,NA,267.1764500841667,121.93346952897082,-0.6519027359037013,"(168,230]"
"Wood",9,35,150,92615,9.2611,6.220324,7.986045063,3.375741,4.976442457,-0.334965,-1.935666457,24.25,2.99,219.0635452,-0.057933586,-2.70486e-10,0,-4.68073e-11,NA,267.1764500841667,121.93346952897082,-0.39458325158815627,"(168,230]"
