,Bag_ID,sample.x,sample_no,moist_level,temp,1.5s peak area,ppm,mean_blank.x,median_blank.x,n.x,sample.y,mean_blank.y,median_blank.y,n.y,ppm_corrected
11,A,Lichen,4,25,5,10428.7,2.649796,2.0189625,1.983236,16,Bag_A,2.723724,2.723724,2,-2.057164
15,A,Lichen,5,25,5,10541,2.65878,2.0189625,1.983236,16,Bag_A,2.723724,2.723724,2,-2.04818
17,A,Lichen,3,25,5,11152.2,2.707676,2.0189625,1.983236,16,Bag_A,2.723724,2.723724,2,-1.999284
26,A,Lichen,1,25,5,12991.6,2.854828,2.0189625,1.983236,16,Bag_A,2.723724,2.723724,2,-1.852132
27,A,Lichen,2,25,5,20338.8,3.442604,2.0189625,1.983236,16,Bag_A,2.723724,2.723724,2,-1.264356
40,A,Litter,4,25,5,25724.5,3.83816,2.43269275,1.984454,16,Bag_A,2.723724,2.723724,2,-0.870018
51,A,Litter,2,25,5,0,1.7802,2.43269275,1.984454,16,Bag_A,2.723724,2.723724,2,-2.927978
52,A,Litter,3,25,5,1938.1,1.935248,2.43269275,1.984454,16,Bag_A,2.723724,2.723724,2,-2.77293
62,A,Litter,1,25,5,5917.5,2.2536,2.43269275,1.984454,16,Bag_A,2.723724,2.723724,2,-2.454578
76,A,Litter,5,25,5,3068.1,2.025648,2.43269275,1.984454,16,Bag_A,2.723724,2.723724,2,-2.68253
4,A,Moss,3,25,5,8094.5,2.46306,2.44090175,1.8155,16,Bag_A,2.723724,2.723724,2,-2.076164
10,A,Moss,2,25,5,10788.7,2.678596,2.44090175,1.8155,16,Bag_A,2.723724,2.723724,2,-1.860628
16,A,Moss,1,25,5,7288.6,2.398588,2.44090175,1.8155,16,Bag_A,2.723724,2.723724,2,-2.140636
30,A,Moss,4,25,5,19447.5,3.3713,2.44090175,1.8155,16,Bag_A,2.723724,2.723724,2,-1.167924
31,A,Moss,5,25,5,4629,2.18582,2.44090175,1.8155,16,Bag_A,2.723724,2.723724,2,-2.353404
1,A,Soil,2,25,5,0,1.8155,1.280441625,1.440344,16,Bag_A,2.723724,2.723724,2,-2.348568
3,A,Soil,1,25,5,8393.6,2.486988,1.280441625,1.440344,16,Bag_A,2.723724,2.723724,2,-1.67708
13,A,Soil,3,25,5,0,1.8155,1.280441625,1.440344,16,Bag_A,2.723724,2.723724,2,-2.348568
14,A,Soil,4,25,5,0,1.8155,1.280441625,1.440344,16,Bag_A,2.723724,2.723724,2,-2.348568
68,A,Soil,5,25,5,0,1.8155,1.280441625,1.440344,16,Bag_A,2.723724,2.723724,2,-2.348568
87,A,Wood,4,25,5,16224.6,3.113468,1.305584667,0.90943,15,Bag_A,2.723724,2.723724,2,-0.519686
89,A,Wood,5,25,5,13279.3,2.877844,1.305584667,0.90943,15,Bag_A,2.723724,2.723724,2,-0.75531
93,A,Wood,1,25,5,0,1.8155,1.305584667,0.90943,15,Bag_A,2.723724,2.723724,2,-1.817654
97,A,Wood,3,25,5,0,1.8155,1.305584667,0.90943,15,Bag_A,2.723724,2.723724,2,-1.817654
99,A,Wood,2,25,5,12943.2,2.850956,1.305584667,0.90943,15,Bag_A,2.723724,2.723724,2,-0.782198
41,A,Lichen,1,50,5,16637.4,3.146492,2.0189625,1.983236,16,Bag_A,2.723724,2.723724,2,-1.560468
42,A,Lichen,2,50,5,3587.7,2.102516,2.0189625,1.983236,16,Bag_A,2.723724,2.723724,2,-2.604444
43,A,Lichen,3,50,5,12843.9,2.843012,2.0189625,1.983236,16,Bag_A,2.723724,2.723724,2,-1.863948
44,A,Lichen,5,50,5,13090.5,2.86274,2.0189625,1.983236,16,Bag_A,2.723724,2.723724,2,-1.84422
79,A,Lichen,4,50,5,10680.4,2.669932,2.0189625,1.983236,16,Bag_A,2.723724,2.723724,2,-2.037028
74,A,Litter,1,50,5,1082.5,1.8668,2.43269275,1.984454,16,Bag_A,2.723724,2.723724,2,-2.841378
75,A,Litter,2,50,5,0,1.7802,2.43269275,1.984454,16,Bag_A,2.723724,2.723724,2,-2.927978
78,A,Litter,3,50,5,2687.7,1.995216,2.43269275,1.984454,16,Bag_A,2.723724,2.723724,2,-2.712962
84,A,Litter,5,50,5,1491.6,1.899528,2.43269275,1.984454,16,Bag_A,2.723724,2.723724,2,-2.80865
86,A,Litter,4,50,5,0,1.7802,2.43269275,1.984454,16,Bag_A,2.723724,2.723724,2,-2.927978
63,A,Moss,1,50,5,13864.6,2.924668,2.44090175,1.8155,16,Bag_A,2.723724,2.723724,2,-1.614556
83,A,Moss,4,50,5,15645.1,3.067108,2.44090175,1.8155,16,Bag_A,2.723724,2.723724,2,-1.472116
90,A,Moss,3,50,5,9652.8,2.587724,2.44090175,1.8155,16,Bag_A,2.723724,2.723724,2,-1.9515
92,A,Moss,2,50,5,9517.6,2.576908,2.44090175,1.8155,16,Bag_A,2.723724,2.723724,2,-1.962316
94,A,Moss,5,50,5,0,1.8155,2.44090175,1.8155,16,Bag_A,2.723724,2.723724,2,-2.723724
73,A,Soil,5,50,5,11627.5,2.7457,1.280441625,1.440344,16,Bag_A,2.723724,2.723724,2,-1.418368
77,A,Soil,3,50,5,0,1.8155,1.280441625,1.440344,16,Bag_A,2.723724,2.723724,2,-2.348568
82,A,Soil,4,50,5,0,1.8155,1.280441625,1.440344,16,Bag_A,2.723724,2.723724,2,-2.348568
91,A,Soil,2,50,5,0,1.8155,1.280441625,1.440344,16,Bag_A,2.723724,2.723724,2,-2.348568
100,A,Soil,1,50,5,0,1.8155,1.280441625,1.440344,16,Bag_A,2.723724,2.723724,2,-2.348568
12,A,Wood,5,50,5,3401.1,2.087588,1.305584667,0.90943,15,Bag_A,2.723724,2.723724,2,-1.545566
18,A,Wood,3,50,5,1663,1.94854,1.305584667,0.90943,15,Bag_A,2.723724,2.723724,2,-1.684614
19,A,Wood,4,50,5,16926.9,3.169652,1.305584667,0.90943,15,Bag_A,2.723724,2.723724,2,-0.463502
36,A,Wood,2,50,5,10963.8,2.692604,1.305584667,0.90943,15,Bag_A,2.723724,2.723724,2,-0.94055
72,A,Wood,1,50,5,11943.5,2.77098,1.305584667,0.90943,15,Bag_A,2.723724,2.723724,2,-0.862174
22,A,Lichen,5,100,5,125985.7,11.894356,2.0189625,1.983236,16,Bag_A,2.723724,2.723724,2,7.187396
61,A,Lichen,2,100,5,6637.5,2.3465,2.0189625,1.983236,16,Bag_A,2.723724,2.723724,2,-2.36046
64,A,Lichen,3,100,5,7261.1,2.396388,2.0189625,1.983236,16,Bag_A,2.723724,2.723724,2,-2.310572
71,A,Lichen,1,100,5,4669.9,2.189092,2.0189625,1.983236,16,Bag_A,2.723724,2.723724,2,-2.517868
85,A,Lichen,4,100,5,3497.9,2.095332,2.0189625,1.983236,16,Bag_A,2.723724,2.723724,2,-2.611628
28,A,Litter,5,100,5,5884,2.25092,2.43269275,1.984454,16,Bag_A,2.723724,2.723724,2,-2.457258
34,A,Litter,1,100,5,8971,2.49788,2.43269275,1.984454,16,Bag_A,2.723724,2.723724,2,-2.210298
37,A,Litter,4,100,5,1517.4,1.901592,2.43269275,1.984454,16,Bag_A,2.723724,2.723724,2,-2.806586
48,A,Litter,3,100,5,8581.5,2.46672,2.43269275,1.984454,16,Bag_A,2.723724,2.723724,2,-2.241458
81,A,Litter,2,100,5,10848.9,2.648112,2.43269275,1.984454,16,Bag_A,2.723724,2.723724,2,-2.060066
29,A,Moss,4,100,5,22151.9,3.587652,2.44090175,1.8155,16,Bag_A,2.723724,2.723724,2,-0.951572
38,A,Moss,5,100,5,8549.2,2.499436,2.44090175,1.8155,16,Bag_A,2.723724,2.723724,2,-2.039788
60,A,Moss,3,100,5,5834.2,2.282236,2.44090175,1.8155,16,Bag_A,2.723724,2.723724,2,-2.256988
70,A,Moss,2,100,5,9648.6,2.587388,2.44090175,1.8155,16,Bag_A,2.723724,2.723724,2,-1.951836
96,A,Moss,1,100,5,26199.9,3.911492,2.44090175,1.8155,16,Bag_A,2.723724,2.723724,2,-0.627732
23,A,Soil,4,100,5,1329,1.92182,1.280441625,1.440344,16,Bag_A,2.723724,2.723724,2,-2.242248
39,A,Soil,3,100,5,0,1.8155,1.280441625,1.440344,16,Bag_A,2.723724,2.723724,2,-2.348568
49,A,Soil,1,100,5,8768,2.51694,1.280441625,1.440344,16,Bag_A,2.723724,2.723724,2,-1.647128
50,A,Soil,2,100,5,8684.2,2.510236,1.280441625,1.440344,16,Bag_A,2.723724,2.723724,2,-1.653832
53,A,Soil,5,100,5,9638.1,2.586548,1.280441625,1.440344,16,Bag_A,2.723724,2.723724,2,-1.57752
5,A,Wood,2,100,5,0,1.8155,1.305584667,0.90943,15,Bag_A,2.723724,2.723724,2,-1.817654
8,A,Wood,4,100,5,0,1.8155,1.305584667,0.90943,15,Bag_A,2.723724,2.723724,2,-1.817654
9,A,Wood,1,100,5,5647.9,2.267332,1.305584667,0.90943,15,Bag_A,2.723724,2.723724,2,-1.365822
35,A,Wood,5,100,5,1100.7,1.903556,1.305584667,0.90943,15,Bag_A,2.723724,2.723724,2,-1.729598
65,A,Wood,3,100,5,0,1.8155,1.305584667,0.90943,15,Bag_A,2.723724,2.723724,2,-1.817654
2,A,Lichen,5,150,5,16561.3,3.140404,2.0189625,1.983236,16,Bag_A,2.723724,2.723724,2,-1.566556
6,A,Lichen,4,150,5,10514.9,2.656692,2.0189625,1.983236,16,Bag_A,2.723724,2.723724,2,-2.050268
20,A,Lichen,1,150,5,402320.5,34.00114,2.0189625,1.983236,16,Bag_A,2.723724,2.723724,2,29.29418
21,A,Lichen,3,150,5,7321.4,2.401212,2.0189625,1.983236,16,Bag_A,2.723724,2.723724,2,-2.305748
95,A,Lichen,2,150,5,21634.6,3.546268,2.0189625,1.983236,16,Bag_A,2.723724,2.723724,2,-1.160692
32,A,Litter,1,150,5,10080.6,2.586648,2.43269275,1.984454,16,Bag_A,2.723724,2.723724,2,-2.12153
66,A,Litter,3,150,5,10792.1,2.643568,2.43269275,1.984454,16,Bag_A,2.723724,2.723724,2,-2.06461
67,A,Litter,5,150,5,7895.6,2.447148,2.43269275,1.984454,16,Bag_A,2.723724,2.723724,2,-2.26103
80,A,Litter,2,150,5,1586,1.90708,2.43269275,1.984454,16,Bag_A,2.723724,2.723724,2,-2.801098
88,A,Litter,4,150,5,1360.9,1.889072,2.43269275,1.984454,16,Bag_A,2.723724,2.723724,2,-2.819106
24,A,Moss,1,150,5,1107.6,1.904108,2.44090175,1.8155,16,Bag_A,2.723724,2.723724,2,-2.635116
25,A,Moss,2,150,5,10937.1,2.690468,2.44090175,1.8155,16,Bag_A,2.723724,2.723724,2,-1.848756
45,A,Moss,5,150,5,12830.8,2.841964,2.44090175,1.8155,16,Bag_A,2.723724,2.723724,2,-1.69726
59,A,Moss,4,150,5,21220.5,3.51314,2.44090175,1.8155,16,Bag_A,2.723724,2.723724,2,-1.026084
98,A,Moss,3,150,5,13337.7,2.882516,2.44090175,1.8155,16,Bag_A,2.723724,2.723724,2,-1.656708
54,A,Soil,1,150,5,3096.8,2.063244,1.280441625,1.440344,16,Bag_A,2.723724,2.723724,2,-2.100824
55,A,Soil,2,150,5,14130,2.9459,1.280441625,1.440344,16,Bag_A,2.723724,2.723724,2,-1.218168
56,A,Soil,3,150,5,0,1.8155,1.280441625,1.440344,16,Bag_A,2.723724,2.723724,2,-2.348568
57,A,Soil,4,150,5,0,1.8155,1.280441625,1.440344,16,Bag_A,2.723724,2.723724,2,-2.348568
58,A,Soil,5,150,5,11271.1,2.717188,1.280441625,1.440344,16,Bag_A,2.723724,2.723724,2,-1.44688
7,A,Wood,1,150,5,2250.6,1.995548,1.305584667,0.90943,15,Bag_A,2.723724,2.723724,2,-1.637606
33,A,Wood,2,150,5,7199.3,2.391444,1.305584667,0.90943,15,Bag_A,2.723724,2.723724,2,-1.24171
46,A,Wood,4,150,5,0,1.8155,1.305584667,0.90943,15,Bag_A,2.723724,2.723724,2,-1.817654
47,A,Wood,5,150,5,0,1.8155,1.305584667,0.90943,15,Bag_A,2.723724,2.723724,2,-1.817654
69,A,Wood,3,150,5,4313.6,2.160588,1.305584667,0.90943,15,Bag_A,2.723724,2.723724,2,-1.472566
104,B,Lichen,8,25,15,613370.7,50.885156,2.0189625,1.983236,16,Bag_B,2.443308,2.443308,2,46.458612
106,B,Lichen,10,25,15,304288.2,26.158556,2.0189625,1.983236,16,Bag_B,2.443308,2.443308,2,21.732012
107,B,Lichen,9,25,15,47277.9,5.597732,2.0189625,1.983236,16,Bag_B,2.443308,2.443308,2,1.171188
115,B,Lichen,7,25,15,3279695.6,264.191148,2.0189625,1.983236,16,Bag_B,2.443308,2.443308,2,259.764604
120,B,Lichen,11,25,15,86154.4,8.707852,2.0189625,1.983236,16,Bag_B,2.443308,2.443308,2,4.281308
121,B,Litter,5,25,15,7798,2.43934,2.43269275,1.984454,16,Bag_B,2.443308,2.443308,2,-1.988422
131,B,Litter,3,25,15,3925.3,2.129524,2.43269275,1.984454,16,Bag_B,2.443308,2.443308,2,-2.298238
132,B,Litter,4,25,15,11351.4,2.723612,2.43269275,1.984454,16,Bag_B,2.443308,2.443308,2,-1.70415
156,B,Litter,1,25,15,17879.9,3.245892,2.43269275,1.984454,16,Bag_B,2.443308,2.443308,2,-1.18187
167,B,Litter,2,25,15,12131.2,2.785996,2.43269275,1.984454,16,Bag_B,2.443308,2.443308,2,-1.641766
111,B,Moss,7,25,15,8703.9,2.511812,2.44090175,1.8155,16,Bag_B,2.443308,2.443308,2,-1.746996
127,B,Moss,10,25,15,288720.9,24.913172,2.44090175,1.8155,16,Bag_B,2.443308,2.443308,2,20.654364
138,B,Moss,8,25,15,358240,30.4747,2.44090175,1.8155,16,Bag_B,2.443308,2.443308,2,26.215892
140,B,Moss,11,25,15,16547.8,3.139324,2.44090175,1.8155,16,Bag_B,2.443308,2.443308,2,-1.119484
151,B,Moss,9,25,15,13631.1,2.905988,2.44090175,1.8155,16,Bag_B,2.443308,2.443308,2,-1.35282
101,B,Soil,11,25,15,1253.3,0.50713,1.280441625,1.440344,16,Bag_B,2.443308,2.443308,2,-3.376522
108,B,Soil,9,25,15,14325.3,1.81433,1.280441625,1.440344,16,Bag_B,2.443308,2.443308,2,-2.069322
109,B,Soil,10,25,15,24618.3,2.84363,1.280441625,1.440344,16,Bag_B,2.443308,2.443308,2,-1.040022
128,B,Soil,8,25,15,11577.4,1.53954,1.280441625,1.440344,16,Bag_B,2.443308,2.443308,2,-2.344112
152,B,Soil,7,25,15,17219,2.1037,1.280441625,1.440344,16,Bag_B,2.443308,2.443308,2,-1.779952
142,B,Wood,7,25,15,0,0.3818,1.305584667,0.90943,15,Bag_B,2.443308,2.443308,2,-2.970938
144,B,Wood,9,25,15,15536.9,1.93549,1.305584667,0.90943,15,Bag_B,2.443308,2.443308,2,-1.417248
145,B,Wood,10,25,15,94654.7,9.84727,1.305584667,0.90943,15,Bag_B,2.443308,2.443308,2,6.494532
155,B,Wood,8,25,15,50980.6,5.47986,1.305584667,0.90943,15,Bag_B,2.443308,2.443308,2,2.127122
157,B,Wood,11,25,15,13124.1,1.69421,1.305584667,0.90943,15,Bag_B,2.443308,2.443308,2,-1.658528
114,B,Lichen,9,50,15,21229.5,3.51386,2.0189625,1.983236,16,Bag_B,2.443308,2.443308,2,-0.912684
125,B,Lichen,10,50,15,9457.8,2.572124,2.0189625,1.983236,16,Bag_B,2.443308,2.443308,2,-1.85442
126,B,Lichen,7,50,15,21568780.8,1727.317964,2.0189625,1.983236,16,Bag_B,2.443308,2.443308,2,1722.89142
136,B,Lichen,8,50,15,277491.4,24.014812,2.0189625,1.983236,16,Bag_B,2.443308,2.443308,2,19.588268
139,B,Lichen,11,50,15,91391.4,9.126812,2.0189625,1.983236,16,Bag_B,2.443308,2.443308,2,4.700268
123,B,Litter,2,50,15,12439,2.81062,2.43269275,1.984454,16,Bag_B,2.443308,2.443308,2,-1.617142
124,B,Litter,3,50,15,3364.6,2.084668,2.43269275,1.984454,16,Bag_B,2.443308,2.443308,2,-2.343094
134,B,Litter,1,50,15,19758.8,3.396204,2.43269275,1.984454,16,Bag_B,2.443308,2.443308,2,-1.031558
150,B,Litter,4,50,15,12750.4,2.835532,2.43269275,1.984454,16,Bag_B,2.443308,2.443308,2,-1.59223
181,B,Litter,5,50,15,0,1.8155,2.43269275,1.984454,16,Bag_B,2.443308,2.443308,2,-2.612262
182,B,Moss,11,50,15,54073.7,6.141396,2.44090175,1.8155,16,Bag_B,2.443308,2.443308,2,1.882588
186,B,Moss,7,50,15,15890.7,3.086756,2.44090175,1.8155,16,Bag_B,2.443308,2.443308,2,-1.172052
189,B,Moss,10,50,15,21236.6,3.514428,2.44090175,1.8155,16,Bag_B,2.443308,2.443308,2,-0.74438
191,B,Moss,8,50,15,361838.8,30.762604,2.44090175,1.8155,16,Bag_B,2.443308,2.443308,2,26.503796
192,B,Moss,9,50,15,123909.9,11.728292,2.44090175,1.8155,16,Bag_B,2.443308,2.443308,2,7.469484
135,B,Soil,8,50,15,17242.4,2.10604,1.280441625,1.440344,16,Bag_B,2.443308,2.443308,2,-1.777612
137,B,Soil,9,50,15,54479.5,5.82975,1.280441625,1.440344,16,Bag_B,2.443308,2.443308,2,1.946098
146,B,Soil,7,50,15,32129.5,3.59475,1.280441625,1.440344,16,Bag_B,2.443308,2.443308,2,-0.288902
169,B,Soil,10,50,15,33059.4,3.68774,1.280441625,1.440344,16,Bag_B,2.443308,2.443308,2,-0.195912
170,B,Soil,11,50,15,11022,1.484,1.280441625,1.440344,16,Bag_B,2.443308,2.443308,2,-2.399652
148,B,Wood,7,50,15,58447.6,6.22656,1.305584667,0.90943,15,Bag_B,2.443308,2.443308,2,2.873822
149,B,Wood,8,50,15,139084.1,14.29021,1.305584667,0.90943,15,Bag_B,2.443308,2.443308,2,10.937472
180,B,Wood,9,50,15,174966.1,17.87841,1.305584667,0.90943,15,Bag_B,2.443308,2.443308,2,14.525672
183,B,Wood,10,50,15,21106.3,2.49243,1.305584667,0.90943,15,Bag_B,2.443308,2.443308,2,-0.860308
197,B,Wood,11,50,15,30910.3,3.47283,1.305584667,0.90943,15,Bag_B,2.443308,2.443308,2,0.120092
102,B,Lichen,11,100,15,31028.1,4.297748,2.0189625,1.983236,16,Bag_B,2.443308,2.443308,2,-0.128796
116,B,Lichen,10,100,15,6386.2,2.326396,2.0189625,1.983236,16,Bag_B,2.443308,2.443308,2,-2.100148
118,B,Lichen,9,100,15,21494.8,3.535084,2.0189625,1.983236,16,Bag_B,2.443308,2.443308,2,-0.89146
141,B,Lichen,8,100,15,302681.8,26.030044,2.0189625,1.983236,16,Bag_B,2.443308,2.443308,2,21.6035
163,B,Lichen,7,100,15,7187.5,2.3905,2.0189625,1.983236,16,Bag_B,2.443308,2.443308,2,-2.036044
153,B,Litter,1,100,15,29946.1,4.211188,2.43269275,1.984454,16,Bag_B,2.443308,2.443308,2,-0.216574
154,B,Litter,3,100,15,3596,2.10318,2.43269275,1.984454,16,Bag_B,2.443308,2.443308,2,-2.324582
171,B,Litter,2,100,15,20223.4,3.433372,2.43269275,1.984454,16,Bag_B,2.443308,2.443308,2,-0.99439
187,B,Litter,4,100,15,14667.3,2.988884,2.43269275,1.984454,16,Bag_B,2.443308,2.443308,2,-1.438878
193,B,Litter,5,100,15,12831.8,2.842044,2.43269275,1.984454,16,Bag_B,2.443308,2.443308,2,-1.585718
168,B,Moss,7,100,15,3151.5,2.06762,2.44090175,1.8155,16,Bag_B,2.443308,2.443308,2,-2.191188
176,B,Moss,8,100,15,111689.7,10.750676,2.44090175,1.8155,16,Bag_B,2.443308,2.443308,2,6.491868
194,B,Moss,9,100,15,6641.6,2.346828,2.44090175,1.8155,16,Bag_B,2.443308,2.443308,2,-1.91198
196,B,Moss,10,100,15,406553.6,34.339788,2.44090175,1.8155,16,Bag_B,2.443308,2.443308,2,30.08098
198,B,Moss,11,100,15,93891,9.32678,2.44090175,1.8155,16,Bag_B,2.443308,2.443308,2,5.067972
117,B,Soil,10,100,15,19550.5,2.33685,1.280441625,1.440344,16,Bag_B,2.443308,2.443308,2,-1.546802
122,B,Soil,11,100,15,8116.4,1.19344,1.280441625,1.440344,16,Bag_B,2.443308,2.443308,2,-2.690212
164,B,Soil,7,100,15,20659.9,2.44779,1.280441625,1.440344,16,Bag_B,2.443308,2.443308,2,-1.435862
165,B,Soil,9,100,15,10749.4,1.45674,1.280441625,1.440344,16,Bag_B,2.443308,2.443308,2,-2.426912
172,B,Soil,8,100,15,13828.8,1.76468,1.280441625,1.440344,16,Bag_B,2.443308,2.443308,2,-2.118972
166,B,Wood,9,100,15,8057.1,1.18751,1.305584667,0.90943,15,Bag_B,2.443308,2.443308,2,-2.165228
173,B,Wood,8,100,15,17981.6,2.17996,1.305584667,0.90943,15,Bag_B,2.443308,2.443308,2,-1.172778
174,B,Wood,10,100,15,61449.3,6.52673,1.305584667,0.90943,15,Bag_B,2.443308,2.443308,2,3.173992
175,B,Wood,11,100,15,35615.9,3.94339,1.305584667,0.90943,15,Bag_B,2.443308,2.443308,2,0.590652
184,B,Wood,7,100,15,2514.3,0.63323,1.305584667,0.90943,15,Bag_B,2.443308,2.443308,2,-2.719508
103,B,Lichen,8,150,15,50871.3,5.885204,2.0189625,1.983236,16,Bag_B,2.443308,2.443308,2,1.45866
105,B,Lichen,7,150,15,430476.2,36.253596,2.0189625,1.983236,16,Bag_B,2.443308,2.443308,2,31.827052
112,B,Lichen,10,150,15,7362.9,2.404532,2.0189625,1.983236,16,Bag_B,2.443308,2.443308,2,-2.022012
113,B,Lichen,11,150,15,151942.4,13.970892,2.0189625,1.983236,16,Bag_B,2.443308,2.443308,2,9.544348
147,B,Lichen,9,150,15,8694.1,2.511028,2.0189625,1.983236,16,Bag_B,2.443308,2.443308,2,-1.915516
158,B,Litter,2,150,15,10235.7,2.634356,2.43269275,1.984454,16,Bag_B,2.443308,2.443308,2,-1.793406
188,B,Litter,1,150,15,16045.5,3.09914,2.43269275,1.984454,16,Bag_B,2.443308,2.443308,2,-1.328622
195,B,Litter,5,150,15,12711.6,2.832428,2.43269275,1.984454,16,Bag_B,2.443308,2.443308,2,-1.595334
199,B,Litter,4,150,15,49035.8,5.738364,2.43269275,1.984454,16,Bag_B,2.443308,2.443308,2,1.310602
200,B,Litter,3,150,15,6253.8,2.315804,2.43269275,1.984454,16,Bag_B,2.443308,2.443308,2,-2.111958
119,B,Moss,10,150,15,139561,12.98038,2.44090175,1.8155,16,Bag_B,2.443308,2.443308,2,8.721572
129,B,Moss,7,150,15,12095,2.7831,2.44090175,1.8155,16,Bag_B,2.443308,2.443308,2,-1.475708
130,B,Moss,8,150,15,27182.3,3.990084,2.44090175,1.8155,16,Bag_B,2.443308,2.443308,2,-0.268724
133,B,Moss,11,150,15,18533.8,3.298204,2.44090175,1.8155,16,Bag_B,2.443308,2.443308,2,-0.960604
143,B,Moss,9,150,15,11794.7,2.759076,2.44090175,1.8155,16,Bag_B,2.443308,2.443308,2,-1.499732
110,B,Soil,7,150,15,204306.5,20.81245,1.280441625,1.440344,16,Bag_B,2.443308,2.443308,2,16.928798
177,B,Soil,8,150,15,8282.1,1.21001,1.280441625,1.440344,16,Bag_B,2.443308,2.443308,2,-2.673642
178,B,Soil,9,150,15,17209.6,2.10276,1.280441625,1.440344,16,Bag_B,2.443308,2.443308,2,-1.780892
179,B,Soil,10,150,15,14971,1.8789,1.280441625,1.440344,16,Bag_B,2.443308,2.443308,2,-2.004752
190,B,Soil,11,150,15,37254.6,4.10726,1.280441625,1.440344,16,Bag_B,2.443308,2.443308,2,0.223608
159,B,Wood,8,150,15,9100,1.2918,1.305584667,0.90943,15,Bag_B,2.443308,2.443308,2,-2.060938
160,B,Wood,9,150,15,8677.2,1.24952,1.305584667,0.90943,15,Bag_B,2.443308,2.443308,2,-2.103218
161,B,Wood,10,150,15,6911,1.0729,1.305584667,0.90943,15,Bag_B,2.443308,2.443308,2,-2.279838
162,B,Wood,11,150,15,14220.1,1.80381,1.305584667,0.90943,15,Bag_B,2.443308,2.443308,2,-1.548928
185,B,Wood,7,150,15,15352.3,1.91703,1.305584667,0.90943,15,Bag_B,2.443308,2.443308,2,-1.435708
246,C,Lichen,13,25,25,2779407,223.69576,2.0189625,1.983236,16,Bag_C,2.84774,2.84774,2,218.864784
247,C,Lichen,14,25,25,21414573.9,1714.509112,2.0189625,1.983236,16,Bag_C,2.84774,2.84774,2,1709.678136
248,C,Lichen,15,25,25,232377.3,19.933384,2.0189625,1.983236,16,Bag_C,2.84774,2.84774,2,15.102408
249,C,Lichen,16,25,25,46690.5,5.07844,2.0189625,1.983236,16,Bag_C,2.84774,2.84774,2,0.247464
250,C,Lichen,17,25,25,9327.5,2.0894,2.0189625,1.983236,16,Bag_C,2.84774,2.84774,2,-2.741576
218,C,Litter,16,25,25,11167.5,2.2366,2.43269275,1.984454,16,Bag_C,2.84774,2.84774,2,-2.595594
219,C,Litter,17,25,25,14580.5,2.50964,2.43269275,1.984454,16,Bag_C,2.84774,2.84774,2,-2.322554
226,C,Litter,13,25,25,79685.4,7.718032,2.43269275,1.984454,16,Bag_C,2.84774,2.84774,2,2.885838
227,C,Litter,14,25,25,3206.6,1.599728,2.43269275,1.984454,16,Bag_C,2.84774,2.84774,2,-3.232466
264,C,Litter,15,25,25,34841.2,4.130496,2.43269275,1.984454,16,Bag_C,2.84774,2.84774,2,-0.701698
207,C,Moss,13,25,25,569046.1,47.339188,2.44090175,1.8155,16,Bag_C,2.84774,2.84774,2,42.675948
215,C,Moss,14,25,25,25269.6,3.837068,2.44090175,1.8155,16,Bag_C,2.84774,2.84774,2,-0.826172
217,C,Moss,16,25,25,10754.5,2.67586,2.44090175,1.8155,16,Bag_C,2.84774,2.84774,2,-1.98738
220,C,Moss,15,25,25,108534.3,10.498244,2.44090175,1.8155,16,Bag_C,2.84774,2.84774,2,5.835004
278,C,Moss,17,25,25,5881.4,2.286012,2.44090175,1.8155,16,Bag_C,2.84774,2.84774,2,-2.377228
281,C,Soil,13,25,25,34906.2,3.87242,1.280441625,1.440344,16,Bag_C,2.84774,2.84774,2,-0.415664
282,C,Soil,14,25,25,15657.4,1.94754,1.280441625,1.440344,16,Bag_C,2.84774,2.84774,2,-2.340544
283,C,Soil,15,25,25,19675.3,2.34933,1.280441625,1.440344,16,Bag_C,2.84774,2.84774,2,-1.938754
284,C,Soil,16,25,25,7553.8,1.13718,1.280441625,1.440344,16,Bag_C,2.84774,2.84774,2,-3.150904
285,C,Soil,17,25,25,79383.8,8.32018,1.280441625,1.440344,16,Bag_C,2.84774,2.84774,2,4.032096
257,C,Wood,13,25,25,4198.4,0.80164,1.305584667,0.90943,15,Bag_C,2.84774,2.84774,2,-2.95553
258,C,Wood,14,25,25,30614,3.4432,1.305584667,0.90943,15,Bag_C,2.84774,2.84774,2,-0.31397
259,C,Wood,15,25,25,71949.8,7.57678,1.305584667,0.90943,15,Bag_C,2.84774,2.84774,2,3.81961
260,C,Wood,16,25,25,267845.3,27.16633,1.305584667,0.90943,15,Bag_C,2.84774,2.84774,2,23.40916
261,C,Wood,17,25,25,65078.7,6.88967,1.305584667,0.90943,15,Bag_C,2.84774,2.84774,2,3.1325
251,C,Lichen,13,50,25,210454.3,18.179544,2.0189625,1.983236,16,Bag_C,2.84774,2.84774,2,13.348568
252,C,Lichen,14,50,25,17963,2.78024,2.0189625,1.983236,16,Bag_C,2.84774,2.84774,2,-2.050736
253,C,Lichen,15,50,25,10010.9,2.144072,2.0189625,1.983236,16,Bag_C,2.84774,2.84774,2,-2.686904
254,C,Lichen,16,50,25,49981.1,5.341688,2.0189625,1.983236,16,Bag_C,2.84774,2.84774,2,0.510712
255,C,Lichen,17,50,25,9412.4,2.096192,2.0189625,1.983236,16,Bag_C,2.84774,2.84774,2,-2.734784
211,C,Litter,16,50,25,6247.6,1.843008,2.43269275,1.984454,16,Bag_C,2.84774,2.84774,2,-2.989186
221,C,Litter,14,50,25,17291,2.72648,2.43269275,1.984454,16,Bag_C,2.84774,2.84774,2,-2.105714
222,C,Litter,15,50,25,23597.2,3.230976,2.43269275,1.984454,16,Bag_C,2.84774,2.84774,2,-1.601218
230,C,Litter,13,50,25,32384.1,3.933928,2.43269275,1.984454,16,Bag_C,2.84774,2.84774,2,-0.898266
234,C,Litter,17,50,25,24988,3.34224,2.43269275,1.984454,16,Bag_C,2.84774,2.84774,2,-1.489954
206,C,Moss,16,50,25,64431.7,6.82497,2.44090175,1.8155,16,Bag_C,2.84774,2.84774,2,2.16173
208,C,Moss,17,50,25,24124.8,2.79428,2.44090175,1.8155,16,Bag_C,2.84774,2.84774,2,-1.86896
210,C,Moss,15,50,25,14263.2,1.80812,2.44090175,1.8155,16,Bag_C,2.84774,2.84774,2,-2.85512
212,C,Moss,13,50,25,25876,2.9694,2.44090175,1.8155,16,Bag_C,2.84774,2.84774,2,-1.69384
225,C,Moss,14,50,25,19526.7,2.33447,2.44090175,1.8155,16,Bag_C,2.84774,2.84774,2,-2.32877
286,C,Soil,13,50,25,212422.9,21.62409,1.280441625,1.440344,16,Bag_C,2.84774,2.84774,2,17.336006
287,C,Soil,14,50,25,29112.6,3.29306,1.280441625,1.440344,16,Bag_C,2.84774,2.84774,2,-0.995024
288,C,Soil,15,50,25,17482.4,2.13004,1.280441625,1.440344,16,Bag_C,2.84774,2.84774,2,-2.158044
289,C,Soil,16,50,25,23221.1,2.70391,1.280441625,1.440344,16,Bag_C,2.84774,2.84774,2,-1.584174
290,C,Soil,17,50,25,2958.7,0.67767,1.280441625,1.440344,16,Bag_C,2.84774,2.84774,2,-3.610414
262,C,Wood,13,50,25,17892,2.171,1.305584667,0.90943,15,Bag_C,2.84774,2.84774,2,-1.58617
263,C,Wood,14,50,25,5387.1,0.92051,1.305584667,0.90943,15,Bag_C,2.84774,2.84774,2,-2.83666
299,C,Wood,15,50,25,70680.9,7.44989,1.305584667,0.90943,15,Bag_C,2.84774,2.84774,2,3.69272
300,C,Wood,16,50,25,119813.7,12.36317,1.305584667,0.90943,15,Bag_C,2.84774,2.84774,2,8.606
301,C,Wood,17,50,25,41375.3,4.51933,1.305584667,0.90943,15,Bag_C,2.84774,2.84774,2,0.76216
213,C,Lichen,15,100,25,219407.7,18.895816,2.0189625,1.983236,16,Bag_C,2.84774,2.84774,2,14.06484
223,C,Lichen,14,100,25,9834.6,2.129968,2.0189625,1.983236,16,Bag_C,2.84774,2.84774,2,-2.701008
228,C,Lichen,16,100,25,56506.6,5.863728,2.0189625,1.983236,16,Bag_C,2.84774,2.84774,2,1.032752
229,C,Lichen,17,100,25,5685.3,1.798024,2.0189625,1.983236,16,Bag_C,2.84774,2.84774,2,-3.032952
256,C,Lichen,13,100,25,25554.2,3.387536,2.0189625,1.983236,16,Bag_C,2.84774,2.84774,2,-1.44344
235,C,Litter,13,100,25,31170.7,3.836856,2.43269275,1.984454,16,Bag_C,2.84774,2.84774,2,-0.995338
236,C,Litter,14,100,25,5947.9,1.819032,2.43269275,1.984454,16,Bag_C,2.84774,2.84774,2,-3.013162
237,C,Litter,15,100,25,3909.5,1.65596,2.43269275,1.984454,16,Bag_C,2.84774,2.84774,2,-3.176234
238,C,Litter,16,100,25,48930.8,5.257664,2.43269275,1.984454,16,Bag_C,2.84774,2.84774,2,0.42547
239,C,Litter,17,100,25,17998.9,2.783112,2.43269275,1.984454,16,Bag_C,2.84774,2.84774,2,-2.049082
214,C,Moss,17,100,25,20829.4,2.46474,2.44090175,1.8155,16,Bag_C,2.84774,2.84774,2,-2.1985
216,C,Moss,16,100,25,392541.2,39.63592,2.44090175,1.8155,16,Bag_C,2.84774,2.84774,2,34.97268
244,C,Moss,13,100,25,16830.7,2.06487,2.44090175,1.8155,16,Bag_C,2.84774,2.84774,2,-2.59837
245,C,Moss,15,100,25,13395.1,1.72131,2.44090175,1.8155,16,Bag_C,2.84774,2.84774,2,-2.94193
280,C,Moss,14,100,25,13570.6,1.73886,2.44090175,1.8155,16,Bag_C,2.84774,2.84774,2,-2.92438
224,C,Soil,16,100,25,3586.8,10.01353,1.280441625,1.440344,16,Bag_C,2.84774,2.84774,2,5.725446
291,C,Soil,13,100,25,28565.6,3.23836,1.280441625,1.440344,16,Bag_C,2.84774,2.84774,2,-1.049724
292,C,Soil,14,100,25,21038.8,2.48568,1.280441625,1.440344,16,Bag_C,2.84774,2.84774,2,-1.802404
293,C,Soil,15,100,25,19058.2,2.28762,1.280441625,1.440344,16,Bag_C,2.84774,2.84774,2,-2.000464
294,C,Soil,17,100,25,96317.3,0.50443,1.280441625,1.440344,16,Bag_C,2.84774,2.84774,2,-3.783654
270,C,Wood,13,100,25,1458.3,0.52763,1.305584667,0.90943,15,Bag_C,2.84774,2.84774,2,-3.22954
271,C,Wood,14,100,25,173989.5,17.78075,1.305584667,0.90943,15,Bag_C,2.84774,2.84774,2,14.02358
272,C,Wood,15,100,25,236228.2,24.00462,1.305584667,0.90943,15,Bag_C,2.84774,2.84774,2,20.24745
273,C,Wood,16,100,25,210290,21.4108,1.305584667,0.90943,15,Bag_C,2.84774,2.84774,2,17.65363
274,C,Wood,17,100,25,210706.6,21.45246,1.305584667,0.90943,15,Bag_C,2.84774,2.84774,2,17.69529
201,C,Lichen,15,150,25,315165.8,26.556464,2.0189625,1.983236,16,Bag_C,2.84774,2.84774,2,21.725488
202,C,Lichen,14,150,25,21788.6,3.086288,2.0189625,1.983236,16,Bag_C,2.84774,2.84774,2,-1.744688
203,C,Lichen,15,150,25,1634813.2,132.128256,2.0189625,1.983236,16,Bag_C,2.84774,2.84774,2,127.29728
204,C,Lichen,17,150,25,117141.9,10.714552,2.0189625,1.983236,16,Bag_C,2.84774,2.84774,2,5.883576
205,C,Lichen,16,150,25,42696,4.75888,2.0189625,1.983236,16,Bag_C,2.84774,2.84774,2,-0.072096
240,C,Litter,13,150,25,13341.4,2.410512,2.43269275,1.984454,16,Bag_C,2.84774,2.84774,2,-2.421682
241,C,Litter,14,150,25,38183.9,4.397912,2.43269275,1.984454,16,Bag_C,2.84774,2.84774,2,-0.434282
242,C,Litter,15,150,25,19691.5,2.91852,2.43269275,1.984454,16,Bag_C,2.84774,2.84774,2,-1.913674
243,C,Litter,16,150,25,11692.2,2.278576,2.43269275,1.984454,16,Bag_C,2.84774,2.84774,2,-2.553618
279,C,Litter,17,150,25,34171.9,4.076952,2.43269275,1.984454,16,Bag_C,2.84774,2.84774,2,-0.755242
231,C,Moss,15,150,25,29323.8,3.31418,2.44090175,1.8155,16,Bag_C,2.84774,2.84774,2,-1.34906
232,C,Moss,16,150,25,60996.7,6.48147,2.44090175,1.8155,16,Bag_C,2.84774,2.84774,2,1.81823
233,C,Moss,17,150,25,906847.1,91.06651,2.44090175,1.8155,16,Bag_C,2.84774,2.84774,2,86.40327
265,C,Moss,13,150,25,23348.3,2.71663,2.44090175,1.8155,16,Bag_C,2.84774,2.84774,2,-1.94661
266,C,Moss,14,150,25,19737.4,2.35554,2.44090175,1.8155,16,Bag_C,2.84774,2.84774,2,-2.3077
209,C,Soil,17,150,25,29564.8,3.33828,1.280441625,1.440344,16,Bag_C,2.84774,2.84774,2,-0.949804
295,C,Soil,13,150,25,13902.5,0.74048,1.280441625,1.440344,16,Bag_C,2.84774,2.84774,2,-3.547604
296,C,Soil,14,150,25,3586.8,2.48808,1.280441625,1.440344,16,Bag_C,2.84774,2.84774,2,-1.800004
297,C,Soil,15,150,25,21062.8,1.80435,1.280441625,1.440344,16,Bag_C,2.84774,2.84774,2,-2.483734
298,C,Soil,16,150,25,14225.5,1.80435,1.280441625,1.440344,16,Bag_C,2.84774,2.84774,2,-2.483734
267,C,Wood,15,150,25,175535.4,17.93534,1.305584667,0.90943,15,Bag_C,2.84774,2.84774,2,14.17817
268,C,Wood,14,150,25,20503.6,2.43216,1.305584667,0.90943,15,Bag_C,2.84774,2.84774,2,-1.32501
269,C,Wood,13,150,25,90690.9,9.45089,1.305584667,0.90943,15,Bag_C,2.84774,2.84774,2,5.69372
275,C,Wood,15,150,25,44051.7,4.78697,1.305584667,0.90943,15,Bag_C,2.84774,2.84774,2,1.0298
276,C,Wood,16,150,25,8238.2,1.20562,1.305584667,0.90943,15,Bag_C,2.84774,2.84774,2,-2.55155
277,C,Wood,17,150,25,224501.7,22.83197,1.305584667,0.90943,15,Bag_C,2.84774,2.84774,2,19.0748
332,D,Lichen,19,25,35,233552.8,20.027424,2.0189625,1.983236,16,Bag_D,3.64045,3.64045,2,14.403738
333,D,Lichen,20,25,35,23734,3.24192,2.0189625,1.983236,16,Bag_D,3.64045,3.64045,2,-2.381766
334,D,Lichen,21,25,35,30701.6,3.799328,2.0189625,1.983236,16,Bag_D,3.64045,3.64045,2,-1.824358
335,D,Lichen,22,25,35,47161.5,5.11612,2.0189625,1.983236,16,Bag_D,3.64045,3.64045,2,-0.507566
371,D,Lichen,23,25,35,21020,3.0248,2.0189625,1.983236,16,Bag_D,3.64045,3.64045,2,-2.598886
312,D,Litter,20,25,35,25399.2,3.375136,2.43269275,1.984454,16,Bag_D,3.64045,3.64045,2,-2.249768
346,D,Litter,19,25,35,75659.3,7.395944,2.43269275,1.984454,16,Bag_D,3.64045,3.64045,2,1.77104
348,D,Litter,21,25,35,72445.2,7.138816,2.43269275,1.984454,16,Bag_D,3.64045,3.64045,2,1.513912
349,D,Litter,22,25,35,7622.3,1.952984,2.43269275,1.984454,16,Bag_D,3.64045,3.64045,2,-3.67192
350,D,Litter,23,25,35,125190.7,11.358456,2.43269275,1.984454,16,Bag_D,3.64045,3.64045,2,5.733552
378,D,Moss,19,25,35,24222.1,2.80401,2.44090175,1.8155,16,Bag_D,3.64045,3.64045,2,-2.65194
380,D,Moss,21,25,35,37936,4.1754,2.44090175,1.8155,16,Bag_D,3.64045,3.64045,2,-1.28055
389,D,Moss,22,25,35,31111.8,3.49298,2.44090175,1.8155,16,Bag_D,3.64045,3.64045,2,-1.96297
396,D,Moss,20,25,35,352792.6,35.66106,2.44090175,1.8155,16,Bag_D,3.64045,3.64045,2,30.20511
401,D,Moss,23,25,35,11017.5,1.48355,2.44090175,1.8155,16,Bag_D,3.64045,3.64045,2,-3.9724
370,D,Soil,21,25,35,2380.5,0.61985,1.280441625,1.440344,16,Bag_D,3.64045,3.64045,2,-4.460944
388,D,Soil,22,25,35,9477.1,1.32951,1.280441625,1.440344,16,Bag_D,3.64045,3.64045,2,-3.751284
395,D,Soil,23,25,35,40367.6,4.41856,1.280441625,1.440344,16,Bag_D,3.64045,3.64045,2,-0.662234
397,D,Soil,19,25,35,18354.3,2.21723,1.280441625,1.440344,16,Bag_D,3.64045,3.64045,2,-2.863564
399,D,Soil,20,25,35,20946.7,2.47647,1.280441625,1.440344,16,Bag_D,3.64045,3.64045,2,-2.604324
391,D,Wood,23,25,35,14911.6,1.87296,1.305584667,0.90943,15,Bag_D,3.64045,3.64045,2,-2.67692
392,D,Wood,20,25,35,7076.5,1.08945,1.305584667,0.90943,15,Bag_D,3.64045,3.64045,2,-3.46043
393,D,Wood,22,25,35,451841.9,45.56599,1.305584667,0.90943,15,Bag_D,3.64045,3.64045,2,41.01611
394,D,Wood,19,25,35,38033.4,4.18514,1.305584667,0.90943,15,Bag_D,3.64045,3.64045,2,-0.36474
400,D,Wood,21,25,35,130932.8,13.47508,1.305584667,0.90943,15,Bag_D,3.64045,3.64045,2,8.9252
365,D,Lichen,22,50,35,1723545.5,139.22684,2.0189625,1.983236,16,Bag_D,3.64045,3.64045,2,133.603154
366,D,Lichen,23,50,35,384453.4,32.099472,2.0189625,1.983236,16,Bag_D,3.64045,3.64045,2,26.475786
372,D,Lichen,19,50,35,23349.3,3.211144,2.0189625,1.983236,16,Bag_D,3.64045,3.64045,2,-2.412542
373,D,Lichen,20,50,35,1603584.7,129.629976,2.0189625,1.983236,16,Bag_D,3.64045,3.64045,2,124.00629
374,D,Lichen,21,50,35,60699.1,6.199128,2.0189625,1.983236,16,Bag_D,3.64045,3.64045,2,0.575442
351,D,Litter,19,50,35,152325.8,13.529264,2.43269275,1.984454,16,Bag_D,3.64045,3.64045,2,7.90436
352,D,Litter,20,50,35,23789,3.24632,2.43269275,1.984454,16,Bag_D,3.64045,3.64045,2,-2.378584
353,D,Litter,21,50,35,6265.4,1.844432,2.43269275,1.984454,16,Bag_D,3.64045,3.64045,2,-3.780472
354,D,Litter,22,50,35,46739.6,5.082368,2.43269275,1.984454,16,Bag_D,3.64045,3.64045,2,-0.542536
355,D,Litter,23,50,35,3261,1.60408,2.43269275,1.984454,16,Bag_D,3.64045,3.64045,2,-4.020824
330,D,Moss,19,50,35,0,0.3818,2.44090175,1.8155,16,Bag_D,3.64045,3.64045,2,-5.07415
331,D,Moss,21,50,35,15008.2,1.88262,2.44090175,1.8155,16,Bag_D,3.64045,3.64045,2,-3.57333
368,D,Moss,20,50,35,25647.5,2.94655,2.44090175,1.8155,16,Bag_D,3.64045,3.64045,2,-2.5094
369,D,Moss,22,50,35,157364,16.1182,2.44090175,1.8155,16,Bag_D,3.64045,3.64045,2,10.66225
398,D,Moss,23,50,35,7057.4,1.08754,2.44090175,1.8155,16,Bag_D,3.64045,3.64045,2,-4.36841
302,D,Soil,19,50,35,24007.5,2.78255,1.280441625,1.440344,16,Bag_D,3.64045,3.64045,2,-2.298244
303,D,Soil,20,50,35,19702.5,2.35205,1.280441625,1.440344,16,Bag_D,3.64045,3.64045,2,-2.728744
304,D,Soil,21,50,35,32470.4,3.62884,1.280441625,1.440344,16,Bag_D,3.64045,3.64045,2,-1.451954
305,D,Soil,22,50,35,29870.1,3.36881,1.280441625,1.440344,16,Bag_D,3.64045,3.64045,2,-1.711984
306,D,Soil,23,50,35,16246.5,2.00645,1.280441625,1.440344,16,Bag_D,3.64045,3.64045,2,-3.074344
367,D,Wood,23,50,35,488207.1,49.20251,1.305584667,0.90943,15,Bag_D,3.64045,3.64045,2,44.65263
375,D,Wood,21,50,35,11494.2,1.53122,1.305584667,0.90943,15,Bag_D,3.64045,3.64045,2,-3.01866
376,D,Wood,22,50,35,195686.5,19.95045,1.305584667,0.90943,15,Bag_D,3.64045,3.64045,2,15.40057
384,D,Wood,20,50,35,159783.8,16.36018,1.305584667,0.90943,15,Bag_D,3.64045,3.64045,2,11.8103
385,D,Wood,19,50,35,740068.2,74.38862,1.305584667,0.90943,15,Bag_D,3.64045,3.64045,2,69.83874
341,D,Lichen,19,100,35,39123.3,4.473064,2.0189625,1.983236,16,Bag_D,3.64045,3.64045,2,-1.150622
342,D,Lichen,20,100,35,17493.3,2.742664,2.0189625,1.983236,16,Bag_D,3.64045,3.64045,2,-2.881022
381,D,Lichen,21,100,35,3297798.8,265.167104,2.0189625,1.983236,16,Bag_D,3.64045,3.64045,2,259.543418
382,D,Lichen,22,100,35,31164,3.83632,2.0189625,1.983236,16,Bag_D,3.64045,3.64045,2,-1.787366
383,D,Lichen,23,100,35,47523.6,5.145088,2.0189625,1.983236,16,Bag_D,3.64045,3.64045,2,-0.478598
321,D,Litter,20,100,35,77767.6,7.564608,2.43269275,1.984454,16,Bag_D,3.64045,3.64045,2,1.939704
322,D,Litter,21,100,35,2176.8,1.517344,2.43269275,1.984454,16,Bag_D,3.64045,3.64045,2,-4.10756
323,D,Litter,22,100,35,77117.8,7.512624,2.43269275,1.984454,16,Bag_D,3.64045,3.64045,2,1.88772
356,D,Litter,19,100,35,104353.2,9.691456,2.43269275,1.984454,16,Bag_D,3.64045,3.64045,2,4.066552
360,D,Litter,23,100,35,69883.8,6.933904,2.43269275,1.984454,16,Bag_D,3.64045,3.64045,2,1.309
316,D,Moss,19,100,35,14649.8,1.84678,2.44090175,1.8155,16,Bag_D,3.64045,3.64045,2,-3.60917
317,D,Moss,20,100,35,19373.5,2.31915,2.44090175,1.8155,16,Bag_D,3.64045,3.64045,2,-3.1368
318,D,Moss,21,100,35,80548,8.4366,2.44090175,1.8155,16,Bag_D,3.64045,3.64045,2,2.98065
319,D,Moss,22,100,35,17714.8,2.15328,2.44090175,1.8155,16,Bag_D,3.64045,3.64045,2,-3.30267
320,D,Moss,23,100,35,32421.2,3.62392,2.44090175,1.8155,16,Bag_D,3.64045,3.64045,2,-1.83203
307,D,Soil,19,100,35,15208,2.55984,1.280441625,1.440344,16,Bag_D,3.64045,3.64045,2,-2.520954
308,D,Soil,20,100,35,34946.5,4.13892,1.280441625,1.440344,16,Bag_D,3.64045,3.64045,2,-0.941874
309,D,Soil,21,100,35,9254.6,2.083568,1.280441625,1.440344,16,Bag_D,3.64045,3.64045,2,-2.997226
310,D,Soil,22,100,35,32296.3,3.926904,1.280441625,1.440344,16,Bag_D,3.64045,3.64045,2,-1.15389
311,D,Soil,23,100,35,10562.9,2.188232,1.280441625,1.440344,16,Bag_D,3.64045,3.64045,2,-2.892562
357,D,Wood,20,100,35,88846.3,9.26643,1.305584667,0.90943,15,Bag_D,3.64045,3.64045,2,4.71655
358,D,Wood,21,100,35,99534.6,10.33526,1.305584667,0.90943,15,Bag_D,3.64045,3.64045,2,5.78538
359,D,Wood,22,100,35,293343.7,29.71617,1.305584667,0.90943,15,Bag_D,3.64045,3.64045,2,25.16629
387,D,Wood,19,100,35,19857.4,2.36754,1.305584667,0.90943,15,Bag_D,3.64045,3.64045,2,-2.18234
390,D,Wood,23,100,35,38834,4.2652,1.305584667,0.90943,15,Bag_D,3.64045,3.64045,2,-0.28468
343,D,Lichen,21,150,35,27591.4,3.550512,2.0189625,1.983236,16,Bag_D,3.64045,3.64045,2,-2.073174
344,D,Lichen,22,150,35,17767.9,2.764632,2.0189625,1.983236,16,Bag_D,3.64045,3.64045,2,-2.859054
345,D,Lichen,23,150,35,7447.2,1.938976,2.0189625,1.983236,16,Bag_D,3.64045,3.64045,2,-3.68471
347,D,Lichen,20,150,35,18286.7,2.806136,2.0189625,1.983236,16,Bag_D,3.64045,3.64045,2,-2.81755
379,D,Lichen,19,150,35,21958.2,3.099856,2.0189625,1.983236,16,Bag_D,3.64045,3.64045,2,-2.52383
324,D,Litter,19,150,35,120177.7,10.957416,2.43269275,1.984454,16,Bag_D,3.64045,3.64045,2,5.332512
325,D,Litter,20,150,35,92163.5,8.71628,2.43269275,1.984454,16,Bag_D,3.64045,3.64045,2,3.091376
326,D,Litter,21,150,35,139152.2,12.475376,2.43269275,1.984454,16,Bag_D,3.64045,3.64045,2,6.850472
327,D,Litter,22,150,35,32134.2,3.913936,2.43269275,1.984454,16,Bag_D,3.64045,3.64045,2,-1.710968
328,D,Litter,23,150,35,19217.4,2.880592,2.43269275,1.984454,16,Bag_D,3.64045,3.64045,2,-2.744312
336,D,Moss,19,150,35,32448.8,3.62668,2.44090175,1.8155,16,Bag_D,3.64045,3.64045,2,-1.82927
337,D,Moss,20,150,35,33813.1,3.76311,2.44090175,1.8155,16,Bag_D,3.64045,3.64045,2,-1.69284
338,D,Moss,21,150,35,93845.6,9.76636,2.44090175,1.8155,16,Bag_D,3.64045,3.64045,2,4.31041
339,D,Moss,22,150,35,20508.4,2.43264,2.44090175,1.8155,16,Bag_D,3.64045,3.64045,2,-3.02331
340,D,Moss,23,150,35,74901.1,7.87191,2.44090175,1.8155,16,Bag_D,3.64045,3.64045,2,2.41596
313,D,Soil,19,150,35,2086.5,1.51012,1.280441625,1.440344,16,Bag_D,3.64045,3.64045,2,-3.570674
314,D,Soil,20,150,35,26853.2,3.491456,1.280441625,1.440344,16,Bag_D,3.64045,3.64045,2,-1.589338
315,D,Soil,21,150,35,7971.4,1.980912,1.280441625,1.440344,16,Bag_D,3.64045,3.64045,2,-3.099882
377,D,Soil,23,150,35,29268.6,3.684688,1.280441625,1.440344,16,Bag_D,3.64045,3.64045,2,-1.396106
386,D,Soil,22,150,35,21977.9,3.101432,1.280441625,1.440344,16,Bag_D,3.64045,3.64045,2,-1.979362
329,D,Wood,23,150,35,388488.8,39.23068,1.305584667,0.90943,15,Bag_D,3.64045,3.64045,2,34.6808
361,D,Wood,19,150,35,15783.6,1.96016,1.305584667,0.90943,15,Bag_D,3.64045,3.64045,2,-2.58972
362,D,Wood,20,150,35,109863.2,11.36812,1.305584667,0.90943,15,Bag_D,3.64045,3.64045,2,6.81824
363,D,Wood,21,150,35,43733.2,4.75512,1.305584667,0.90943,15,Bag_D,3.64045,3.64045,2,0.20524
364,D,Wood,22,150,35,238956.6,24.27746,1.305584667,0.90943,15,Bag_D,3.64045,3.64045,2,19.72758
